#include <stdint.h>

#include <stddef.h>

const size_t sub_0008_command_stream_size = 36816;

__attribute__((aligned(16))) const uint8_t sub_0008_command_stream[36816] = {
0x43, 0x4f, 0x50, 0x31, 0x01, 0x00, 0x10, 0x00, 0x08, 0x30, 0x00, 0x00, 0x00, 0x00, 0x06, 0x10, 
0x05, 0x00, 0x00, 0x00, 0x05, 0x00, 0x00, 0x00, 0x05, 0x00, 0x00, 0x00, 0x02, 0x00, 0xec, 0x23, 
0x0f, 0x01, 0x01, 0x00, 0x00, 0x40, 0x00, 0x00, 0x00, 0x2d, 0x05, 0x00, 0x01, 0x40, 0x00, 0x00, 
0x00, 0x00, 0x00, 0x00, 0x02, 0x40, 0x00, 0x00, 0x00, 0x00, 0x00, 0x00, 0x03, 0x40, 0x00, 0x00, 
0x00, 0x00, 0x00, 0x00, 0x0b, 0x01, 0x73, 0x00, 0x0c, 0x01, 0x73, 0x00, 0x0a, 0x01, 0x3f, 0x06, 
0x04, 0x01, 0x00, 0x00, 0x06, 0x40, 0x00, 0x00, 0x01, 0x00, 0x00, 0x00, 0x05, 0x40, 0x00, 0x00, 
0x40, 0x06, 0x00, 0x00, 0x04, 0x40, 0x00, 0x00, 0x01, 0x00, 0x00, 0x00, 0x09, 0x01, 0x00, 0x00, 
0x05, 0x01, 0x01, 0x00, 0x07, 0x01, 0x00, 0x00, 0x00, 0x01, 0x00, 0x00, 0x01, 0x01, 0x00, 0x00, 
0x03, 0x01, 0x00, 0x00, 0x02, 0x01, 0x00, 0x00, 0x1f, 0x01, 0x01, 0x00, 0x10, 0x40, 0x00, 0x00, 
0x00, 0x58, 0x02, 0x00, 0x11, 0x40, 0x00, 0x00, 0x00, 0x00, 0x00, 0x00, 0x12, 0x40, 0x00, 0x00, 
0x00, 0x00, 0x00, 0x00, 0x13, 0x40, 0x00, 0x00, 0x00, 0x00, 0x00, 0x00, 0x1b, 0x01, 0x73, 0x00, 
0x1c, 0x01, 0x73, 0x00, 0x1a, 0x01, 0x3f, 0x06, 0x12, 0x01, 0x73, 0x00, 0x11, 0x01, 0x3f, 0x06, 
0x13, 0x01, 0x00, 0x00, 0x16, 0x40, 0x00, 0x00, 0x01, 0x00, 0x00, 0x00, 0x15, 0x40, 0x00, 0x00, 
0x01, 0x00, 0x00, 0x00, 0x14, 0x40, 0x00, 0x00, 0x74, 0x00, 0x00, 0x00, 0x18, 0x01, 0x00, 0x00, 
0x14, 0x01, 0x01, 0x01, 0x21, 0x01, 0x00, 0x00, 0x20, 0x01, 0x00, 0x00, 0x22, 0x01, 0x00, 0x00, 
0x25, 0x01, 0x00, 0x00, 0x26, 0x01, 0x80, 0xff, 0x27, 0x01, 0x7f, 0x00, 0x16, 0x01, 0x05, 0x00, 
0x15, 0x01, 0x09, 0x00, 0x17, 0x01, 0x07, 0x00, 0x0d, 0x01, 0x0a, 0x00, 0x2d, 0x01, 0x1e, 0x00, 
0x24, 0x01, 0x00, 0x00, 0x24, 0x40, 0x1f, 0x00, 0x01, 0x00, 0x00, 0x80, 0x2f, 0x01, 0x00, 0x00, 
0x05, 0x00, 0x01, 0x00, 0x30, 0x01, 0x00, 0x00, 0x30, 0x40, 0x00, 0x00, 0xd0, 0x03, 0x00, 0x00, 
0x31, 0x01, 0x03, 0x01, 0x31, 0x40, 0x00, 0x00, 0x00, 0xb8, 0x00, 0x00, 0x32, 0x40, 0x00, 0x00, 
0x00, 0x01, 0x00, 0x00, 0x10, 0x00, 0x00, 0x00, 0x00, 0x40, 0x00, 0x00, 0x00, 0x58, 0x02, 0x00, 
0x0b, 0x01, 0x27, 0x00, 0x0c, 0x01, 0x27, 0x00, 0x0a, 0x01, 0x27, 0x00, 0x04, 0x01, 0x73, 0x00, 
0x05, 0x40, 0x00, 0x00, 0x20, 0x12, 0x00, 0x00, 0x04, 0x40, 0x00, 0x00, 0x74, 0x00, 0x00, 0x00, 
0x09, 0x01, 0x94, 0xff, 0x10, 0x40, 0x00, 0x00, 0x00, 0x00, 0x00, 0x00, 0x1b, 0x01, 0x27, 0x00, 
0x1c, 0x01, 0x27, 0x00, 0x1a, 0x01, 0x27, 0x00, 0x12, 0x01, 0x27, 0x00, 0x11, 0x01, 0x27, 0x00, 
0x13, 0x01, 0x5f, 0x00, 0x15, 0x40, 0x00, 0x00, 0x00, 0x0f, 0x00, 0x00, 0x14, 0x40, 0x00, 0x00, 
0x60, 0x00, 0x00, 0x00, 0x18, 0x01, 0x21, 0x00, 0x14, 0x01, 0x01, 0x00, 0x28, 0x01, 0x00, 0x00, 
0x20, 0x40, 0x00, 0x00, 0x50, 0x4a, 0x00, 0x00, 0x21, 0x40, 0x00, 0x00, 0xb0, 0x2d, 0x00, 0x00, 
0x29, 0x01, 0x00, 0x00, 0x22, 0x40, 0x00, 0x00, 0x90, 0x46, 0x00, 0x00, 0x23, 0x40, 0x00, 0x00, 
0xc0, 0x03, 0x00, 0x00, 0x25, 0x01, 0x10, 0x00, 0x16, 0x01, 0x01, 0x00, 0x15, 0x01, 0x27, 0x00, 
0x17, 0x01, 0x2f, 0x00, 0x2d, 0x01, 0x0e, 0x00, 0x2f, 0x01, 0x03, 0x00, 0x11, 0x00, 0x00, 0x00, 
0x02, 0x00, 0x00, 0x00, 0x10, 0x40, 0x00, 0x00, 0x7c, 0x40, 0x05, 0x00, 0x13, 0x01, 0x73, 0x00, 
0x15, 0x40, 0x00, 0x00, 0x08, 0x13, 0x00, 0x00, 0x14, 0x40, 0x00, 0x00, 0x74, 0x00, 0x00, 0x00, 
0x18, 0x01, 0x94, 0xff, 0x14, 0x01, 0x01, 0x81, 0x25, 0x01, 0x00, 0x00, 0x16, 0x01, 0x05, 0x00, 
0x15, 0x01, 0x1d, 0x00, 0x17, 0x01, 0x0f, 0x00, 0x05, 0x00, 0x01, 0x00, 0x0f, 0x01, 0x00, 0x00, 
0x00, 0x40, 0x00, 0x00, 0xd0, 0x04, 0x00, 0x00, 0x0b, 0x01, 0x00, 0x00, 0x0c, 0x01, 0x00, 0x00, 
0x10, 0x40, 0x00, 0x00, 0x74, 0x2d, 0x05, 0x00, 0x1b, 0x01, 0x00, 0x00, 0x1c, 0x01, 0x00, 0x00, 
0x12, 0x01, 0x00, 0x00, 0x2d, 0x01, 0x1e, 0x00, 0x05, 0x00, 0x01, 0x00, 0x10, 0x40, 0x00, 0x00, 
0xbc, 0x39, 0x08, 0x00, 0x05, 0x00, 0x01, 0x00, 0x00, 0x40, 0x00, 0x00, 0xf0, 0x16, 0x00, 0x00, 
0x0b, 0x01, 0x29, 0x00, 0x0c, 0x01, 0x29, 0x00, 0x0a, 0x01, 0x00, 0x00, 0x05, 0x40, 0x00, 0x00, 
0x74, 0x00, 0x00, 0x00, 0x10, 0x40, 0x00, 0x00, 0x00, 0x2d, 0x05, 0x00, 0x1b, 0x01, 0x29, 0x00, 
0x1c, 0x01, 0x29, 0x00, 0x1a, 0x01, 0x00, 0x00, 0x12, 0x01, 0x29, 0x00, 0x11, 0x01, 0x00, 0x00, 
0x2d, 0x01, 0x0e, 0x00, 0x05, 0x00, 0x01, 0x00, 0x10, 0x40, 0x00, 0x00, 0x94, 0x3f, 0x05, 0x00, 
0x05, 0x00, 0x01, 0x00, 0x0f, 0x01, 0x01, 0x00, 0x00, 0x40, 0x00, 0x00, 0x00, 0x2d, 0x05, 0x00, 
0x0b, 0x01, 0x28, 0x00, 0x0c, 0x01, 0x28, 0x00, 0x0a, 0x01, 0x28, 0x00, 0x04, 0x01, 0x00, 0x00, 
0x05, 0x40, 0x00, 0x00, 0x08, 0x13, 0x00, 0x00, 0x10, 0x40, 0x00, 0x00, 0x90, 0x01, 0x09, 0x00, 
0x1b, 0x01, 0x13, 0x00, 0x1c, 0x01, 0x13, 0x00, 0x1a, 0x01, 0x13, 0x00, 0x12, 0x01, 0x13, 0x00, 
0x11, 0x01, 0x13, 0x00, 0x13, 0x01, 0x00, 0x00, 0x16, 0x40, 0x00, 0x00, 0x40, 0x01, 0x00, 0x00, 
0x15, 0x40, 0x00, 0x00, 0x40, 0x01, 0x00, 0x00, 0x14, 0x40, 0x00, 0x00, 0x10, 0x00, 0x00, 0x00, 
0x18, 0x01, 0xf1, 0xff, 0x14, 0x01, 0x41, 0x00, 0x21, 0x01, 0x02, 0x00, 0x20, 0x01, 0x02, 0x00, 
0x22, 0x01, 0x07, 0x00, 0x20, 0x40, 0x00, 0x00, 0x10, 0x78, 0x00, 0x00, 0x21, 0x40, 0x00, 0x00, 
0x30, 0x00, 0x00, 0x00, 0x22, 0x40, 0x00, 0x00, 0x00, 0x78, 0x00, 0x00, 0x23, 0x40, 0x00, 0x00, 
0x10, 0x00, 0x00, 0x00, 0x15, 0x01, 0x0b, 0x00, 0x17, 0x01, 0x07, 0x00, 0x2d, 0x01, 0x1e, 0x00, 
0x02, 0x00, 0x00, 0x00, 0x00, 0x40, 0x00, 0x00, 0x90, 0x01, 0x09, 0x00, 0x0b, 0x01, 0x13, 0x00, 
0x0c, 0x01, 0x13, 0x00, 0x0a, 0x01, 0x13, 0x00, 0x06, 0x40, 0x00, 0x00, 0x40, 0x01, 0x00, 0x00, 
0x05, 0x40, 0x00, 0x00, 0x40, 0x01, 0x00, 0x00, 0x04, 0x40, 0x00, 0x00, 0x10, 0x00, 0x00, 0x00, 
0x09, 0x01, 0xf1, 0xff, 0x05, 0x01, 0x41, 0x00, 0x10, 0x40, 0x00, 0x00, 0x50, 0x4c, 0x08, 0x00, 
0x16, 0x40, 0x00, 0x00, 0x01, 0x00, 0x00, 0x00, 0x15, 0x40, 0x00, 0x00, 0x10, 0x09, 0x00, 0x00, 
0x14, 0x40, 0x00, 0x00, 0x74, 0x00, 0x00, 0x00, 0x14, 0x01, 0x01, 0x81, 0x21, 0x01, 0x00, 0x00, 
0x20, 0x01, 0x00, 0x00, 0x22, 0x01, 0x00, 0x00, 0x16, 0x01, 0x03, 0x00, 0x15, 0x01, 0x03, 0x00, 
0x17, 0x01, 0x77, 0x00, 0x05, 0x00, 0x01, 0x00, 0x00, 0x40, 0x00, 0x00, 0x01, 0x2d, 0x05, 0x00, 
0x0b, 0x01, 0x28, 0x00, 0x0c, 0x01, 0x28, 0x00, 0x0a, 0x01, 0x28, 0x00, 0x06, 0x40, 0x00, 0x00, 
0x01, 0x00, 0x00, 0x00, 0x05, 0x40, 0x00, 0x00, 0x08, 0x13, 0x00, 0x00, 0x04, 0x40, 0x00, 0x00, 
0x74, 0x00, 0x00, 0x00, 0x09, 0x01, 0x94, 0xff, 0x05, 0x01, 0x01, 0x00, 0x10, 0x40, 0x00, 0x00, 
0x90, 0x01, 0x09, 0x00, 0x16, 0x40, 0x00, 0x00, 0x40, 0x01, 0x00, 0x00, 0x15, 0x40, 0x00, 0x00, 
0x40, 0x01, 0x00, 0x00, 0x14, 0x40, 0x00, 0x00, 0x10, 0x00, 0x00, 0x00, 0x14, 0x01, 0x41, 0x00, 
0x21, 0x01, 0x02, 0x00, 0x20, 0x01, 0x02, 0x00, 0x22, 0x01, 0x07, 0x00, 0x20, 0x40, 0x00, 0x00, 
0x50, 0x78, 0x00, 0x00, 0x22, 0x40, 0x00, 0x00, 0x40, 0x78, 0x00, 0x00, 0x16, 0x01, 0x05, 0x00, 
0x15, 0x01, 0x0b, 0x00, 0x17, 0x01, 0x07, 0x00, 0x02, 0x00, 0x00, 0x00, 0x00, 0x40, 0x00, 0x00, 
0x90, 0x01, 0x09, 0x00, 0x0b, 0x01, 0x13, 0x00, 0x0c, 0x01, 0x13, 0x00, 0x0a, 0x01, 0x13, 0x00, 
0x06, 0x40, 0x00, 0x00, 0x40, 0x01, 0x00, 0x00, 0x05, 0x40, 0x00, 0x00, 0x40, 0x01, 0x00, 0x00, 
0x04, 0x40, 0x00, 0x00, 0x10, 0x00, 0x00, 0x00, 0x09, 0x01, 0xf1, 0xff, 0x05, 0x01, 0x41, 0x00, 
0x10, 0x40, 0x00, 0x00, 0x51, 0x4c, 0x08, 0x00, 0x16, 0x40, 0x00, 0x00, 0x01, 0x00, 0x00, 0x00, 
0x15, 0x40, 0x00, 0x00, 0x10, 0x09, 0x00, 0x00, 0x14, 0x40, 0x00, 0x00, 0x74, 0x00, 0x00, 0x00, 
0x14, 0x01, 0x01, 0x81, 0x21, 0x01, 0x00, 0x00, 0x20, 0x01, 0x00, 0x00, 0x22, 0x01, 0x00, 0x00, 
0x16, 0x01, 0x03, 0x00, 0x15, 0x01, 0x03, 0x00, 0x17, 0x01, 0x77, 0x00, 0x05, 0x00, 0x01, 0x00, 
0x00, 0x40, 0x00, 0x00, 0x02, 0x2d, 0x05, 0x00, 0x0b, 0x01, 0x28, 0x00, 0x0c, 0x01, 0x28, 0x00, 
0x0a, 0x01, 0x28, 0x00, 0x06, 0x40, 0x00, 0x00, 0x01, 0x00, 0x00, 0x00, 0x05, 0x40, 0x00, 0x00, 
0x08, 0x13, 0x00, 0x00, 0x04, 0x40, 0x00, 0x00, 0x74, 0x00, 0x00, 0x00, 0x09, 0x01, 0x94, 0xff, 
0x05, 0x01, 0x01, 0x00, 0x10, 0x40, 0x00, 0x00, 0x90, 0x01, 0x09, 0x00, 0x16, 0x40, 0x00, 0x00, 
0x40, 0x01, 0x00, 0x00, 0x15, 0x40, 0x00, 0x00, 0x40, 0x01, 0x00, 0x00, 0x14, 0x40, 0x00, 0x00, 
0x10, 0x00, 0x00, 0x00, 0x14, 0x01, 0x41, 0x00, 0x21, 0x01, 0x02, 0x00, 0x20, 0x01, 0x02, 0x00, 
0x22, 0x01, 0x07, 0x00, 0x20, 0x40, 0x00, 0x00, 0x90, 0x78, 0x00, 0x00, 0x22, 0x40, 0x00, 0x00, 
0x80, 0x78, 0x00, 0x00, 0x16, 0x01, 0x05, 0x00, 0x15, 0x01, 0x0b, 0x00, 0x17, 0x01, 0x07, 0x00, 
0x02, 0x00, 0x00, 0x00, 0x00, 0x40, 0x00, 0x00, 0x90, 0x01, 0x09, 0x00, 0x0b, 0x01, 0x13, 0x00, 
0x0c, 0x01, 0x13, 0x00, 0x0a, 0x01, 0x13, 0x00, 0x06, 0x40, 0x00, 0x00, 0x40, 0x01, 0x00, 0x00, 
0x05, 0x40, 0x00, 0x00, 0x40, 0x01, 0x00, 0x00, 0x04, 0x40, 0x00, 0x00, 0x10, 0x00, 0x00, 0x00, 
0x09, 0x01, 0xf1, 0xff, 0x05, 0x01, 0x41, 0x00, 0x10, 0x40, 0x00, 0x00, 0x52, 0x4c, 0x08, 0x00, 
0x16, 0x40, 0x00, 0x00, 0x01, 0x00, 0x00, 0x00, 0x15, 0x40, 0x00, 0x00, 0x10, 0x09, 0x00, 0x00, 
0x14, 0x40, 0x00, 0x00, 0x74, 0x00, 0x00, 0x00, 0x14, 0x01, 0x01, 0x81, 0x21, 0x01, 0x00, 0x00, 
0x20, 0x01, 0x00, 0x00, 0x22, 0x01, 0x00, 0x00, 0x16, 0x01, 0x03, 0x00, 0x15, 0x01, 0x03, 0x00, 
0x17, 0x01, 0x77, 0x00, 0x05, 0x00, 0x01, 0x00, 0x00, 0x40, 0x00, 0x00, 0x03, 0x2d, 0x05, 0x00, 
0x0b, 0x01, 0x28, 0x00, 0x0c, 0x01, 0x28, 0x00, 0x0a, 0x01, 0x28, 0x00, 0x06, 0x40, 0x00, 0x00, 
0x01, 0x00, 0x00, 0x00, 0x05, 0x40, 0x00, 0x00, 0x08, 0x13, 0x00, 0x00, 0x04, 0x40, 0x00, 0x00, 
0x74, 0x00, 0x00, 0x00, 0x09, 0x01, 0x94, 0xff, 0x05, 0x01, 0x01, 0x00, 0x10, 0x40, 0x00, 0x00, 
0x90, 0x01, 0x09, 0x00, 0x16, 0x40, 0x00, 0x00, 0x40, 0x01, 0x00, 0x00, 0x15, 0x40, 0x00, 0x00, 
0x40, 0x01, 0x00, 0x00, 0x14, 0x40, 0x00, 0x00, 0x10, 0x00, 0x00, 0x00, 0x14, 0x01, 0x41, 0x00, 
0x21, 0x01, 0x02, 0x00, 0x20, 0x01, 0x02, 0x00, 0x22, 0x01, 0x07, 0x00, 0x20, 0x40, 0x00, 0x00, 
0xd0, 0x78, 0x00, 0x00, 0x22, 0x40, 0x00, 0x00, 0xc0, 0x78, 0x00, 0x00, 0x16, 0x01, 0x05, 0x00, 
0x15, 0x01, 0x0b, 0x00, 0x17, 0x01, 0x07, 0x00, 0x02, 0x00, 0x00, 0x00, 0x00, 0x40, 0x00, 0x00, 
0x90, 0x01, 0x09, 0x00, 0x0b, 0x01, 0x13, 0x00, 0x0c, 0x01, 0x13, 0x00, 0x0a, 0x01, 0x13, 0x00, 
0x06, 0x40, 0x00, 0x00, 0x40, 0x01, 0x00, 0x00, 0x05, 0x40, 0x00, 0x00, 0x40, 0x01, 0x00, 0x00, 
0x04, 0x40, 0x00, 0x00, 0x10, 0x00, 0x00, 0x00, 0x09, 0x01, 0xf1, 0xff, 0x05, 0x01, 0x41, 0x00, 
0x10, 0x40, 0x00, 0x00, 0x53, 0x4c, 0x08, 0x00, 0x16, 0x40, 0x00, 0x00, 0x01, 0x00, 0x00, 0x00, 
0x15, 0x40, 0x00, 0x00, 0x10, 0x09, 0x00, 0x00, 0x14, 0x40, 0x00, 0x00, 0x74, 0x00, 0x00, 0x00, 
0x14, 0x01, 0x01, 0x81, 0x21, 0x01, 0x00, 0x00, 0x20, 0x01, 0x00, 0x00, 0x22, 0x01, 0x00, 0x00, 
0x16, 0x01, 0x03, 0x00, 0x15, 0x01, 0x03, 0x00, 0x17, 0x01, 0x77, 0x00, 0x05, 0x00, 0x01, 0x00, 
0x00, 0x40, 0x00, 0x00, 0x04, 0x2d, 0x05, 0x00, 0x0b, 0x01, 0x28, 0x00, 0x0c, 0x01, 0x28, 0x00, 
0x0a, 0x01, 0x28, 0x00, 0x06, 0x40, 0x00, 0x00, 0x01, 0x00, 0x00, 0x00, 0x05, 0x40, 0x00, 0x00, 
0x08, 0x13, 0x00, 0x00, 0x04, 0x40, 0x00, 0x00, 0x74, 0x00, 0x00, 0x00, 0x09, 0x01, 0x94, 0xff, 
0x05, 0x01, 0x01, 0x00, 0x10, 0x40, 0x00, 0x00, 0x90, 0x01, 0x09, 0x00, 0x16, 0x40, 0x00, 0x00, 
0x40, 0x01, 0x00, 0x00, 0x15, 0x40, 0x00, 0x00, 0x40, 0x01, 0x00, 0x00, 0x14, 0x40, 0x00, 0x00, 
0x10, 0x00, 0x00, 0x00, 0x14, 0x01, 0x41, 0x00, 0x21, 0x01, 0x02, 0x00, 0x20, 0x01, 0x02, 0x00, 
0x22, 0x01, 0x07, 0x00, 0x20, 0x40, 0x00, 0x00, 0x10, 0x79, 0x00, 0x00, 0x22, 0x40, 0x00, 0x00, 
0x00, 0x79, 0x00, 0x00, 0x16, 0x01, 0x05, 0x00, 0x15, 0x01, 0x0b, 0x00, 0x17, 0x01, 0x07, 0x00, 
0x02, 0x00, 0x00, 0x00, 0x00, 0x40, 0x00, 0x00, 0x90, 0x01, 0x09, 0x00, 0x0b, 0x01, 0x13, 0x00, 
0x0c, 0x01, 0x13, 0x00, 0x0a, 0x01, 0x13, 0x00, 0x06, 0x40, 0x00, 0x00, 0x40, 0x01, 0x00, 0x00, 
0x05, 0x40, 0x00, 0x00, 0x40, 0x01, 0x00, 0x00, 0x04, 0x40, 0x00, 0x00, 0x10, 0x00, 0x00, 0x00, 
0x09, 0x01, 0xf1, 0xff, 0x05, 0x01, 0x41, 0x00, 0x10, 0x40, 0x00, 0x00, 0x54, 0x4c, 0x08, 0x00, 
0x16, 0x40, 0x00, 0x00, 0x01, 0x00, 0x00, 0x00, 0x15, 0x40, 0x00, 0x00, 0x10, 0x09, 0x00, 0x00, 
0x14, 0x40, 0x00, 0x00, 0x74, 0x00, 0x00, 0x00, 0x14, 0x01, 0x01, 0x81, 0x21, 0x01, 0x00, 0x00, 
0x20, 0x01, 0x00, 0x00, 0x22, 0x01, 0x00, 0x00, 0x16, 0x01, 0x03, 0x00, 0x15, 0x01, 0x03, 0x00, 
0x17, 0x01, 0x77, 0x00, 0x05, 0x00, 0x01, 0x00, 0x00, 0x40, 0x00, 0x00, 0x05, 0x2d, 0x05, 0x00, 
0x0b, 0x01, 0x28, 0x00, 0x0c, 0x01, 0x28, 0x00, 0x0a, 0x01, 0x28, 0x00, 0x06, 0x40, 0x00, 0x00, 
0x01, 0x00, 0x00, 0x00, 0x05, 0x40, 0x00, 0x00, 0x08, 0x13, 0x00, 0x00, 0x04, 0x40, 0x00, 0x00, 
0x74, 0x00, 0x00, 0x00, 0x09, 0x01, 0x94, 0xff, 0x05, 0x01, 0x01, 0x00, 0x10, 0x40, 0x00, 0x00, 
0x90, 0x01, 0x09, 0x00, 0x16, 0x40, 0x00, 0x00, 0x40, 0x01, 0x00, 0x00, 0x15, 0x40, 0x00, 0x00, 
0x40, 0x01, 0x00, 0x00, 0x14, 0x40, 0x00, 0x00, 0x10, 0x00, 0x00, 0x00, 0x14, 0x01, 0x41, 0x00, 
0x21, 0x01, 0x02, 0x00, 0x20, 0x01, 0x02, 0x00, 0x22, 0x01, 0x07, 0x00, 0x20, 0x40, 0x00, 0x00, 
0x50, 0x79, 0x00, 0x00, 0x22, 0x40, 0x00, 0x00, 0x40, 0x79, 0x00, 0x00, 0x16, 0x01, 0x05, 0x00, 
0x15, 0x01, 0x0b, 0x00, 0x17, 0x01, 0x07, 0x00, 0x02, 0x00, 0x00, 0x00, 0x00, 0x40, 0x00, 0x00, 
0x90, 0x01, 0x09, 0x00, 0x0b, 0x01, 0x13, 0x00, 0x0c, 0x01, 0x13, 0x00, 0x0a, 0x01, 0x13, 0x00, 
0x06, 0x40, 0x00, 0x00, 0x40, 0x01, 0x00, 0x00, 0x05, 0x40, 0x00, 0x00, 0x40, 0x01, 0x00, 0x00, 
0x04, 0x40, 0x00, 0x00, 0x10, 0x00, 0x00, 0x00, 0x09, 0x01, 0xf1, 0xff, 0x05, 0x01, 0x41, 0x00, 
0x10, 0x40, 0x00, 0x00, 0x55, 0x4c, 0x08, 0x00, 0x16, 0x40, 0x00, 0x00, 0x01, 0x00, 0x00, 0x00, 
0x15, 0x40, 0x00, 0x00, 0x10, 0x09, 0x00, 0x00, 0x14, 0x40, 0x00, 0x00, 0x74, 0x00, 0x00, 0x00, 
0x14, 0x01, 0x01, 0x81, 0x21, 0x01, 0x00, 0x00, 0x20, 0x01, 0x00, 0x00, 0x22, 0x01, 0x00, 0x00, 
0x16, 0x01, 0x03, 0x00, 0x15, 0x01, 0x03, 0x00, 0x17, 0x01, 0x77, 0x00, 0x05, 0x00, 0x01, 0x00, 
0x00, 0x40, 0x00, 0x00, 0x06, 0x2d, 0x05, 0x00, 0x0b, 0x01, 0x28, 0x00, 0x0c, 0x01, 0x28, 0x00, 
0x0a, 0x01, 0x28, 0x00, 0x06, 0x40, 0x00, 0x00, 0x01, 0x00, 0x00, 0x00, 0x05, 0x40, 0x00, 0x00, 
0x08, 0x13, 0x00, 0x00, 0x04, 0x40, 0x00, 0x00, 0x74, 0x00, 0x00, 0x00, 0x09, 0x01, 0x94, 0xff, 
0x05, 0x01, 0x01, 0x00, 0x10, 0x40, 0x00, 0x00, 0x90, 0x01, 0x09, 0x00, 0x16, 0x40, 0x00, 0x00, 
0x40, 0x01, 0x00, 0x00, 0x15, 0x40, 0x00, 0x00, 0x40, 0x01, 0x00, 0x00, 0x14, 0x40, 0x00, 0x00, 
0x10, 0x00, 0x00, 0x00, 0x14, 0x01, 0x41, 0x00, 0x21, 0x01, 0x02, 0x00, 0x20, 0x01, 0x02, 0x00, 
0x22, 0x01, 0x07, 0x00, 0x20, 0x40, 0x00, 0x00, 0x90, 0x79, 0x00, 0x00, 0x22, 0x40, 0x00, 0x00, 
0x80, 0x79, 0x00, 0x00, 0x16, 0x01, 0x05, 0x00, 0x15, 0x01, 0x0b, 0x00, 0x17, 0x01, 0x07, 0x00, 
0x02, 0x00, 0x00, 0x00, 0x00, 0x40, 0x00, 0x00, 0x90, 0x01, 0x09, 0x00, 0x0b, 0x01, 0x13, 0x00, 
0x0c, 0x01, 0x13, 0x00, 0x0a, 0x01, 0x13, 0x00, 0x06, 0x40, 0x00, 0x00, 0x40, 0x01, 0x00, 0x00, 
0x05, 0x40, 0x00, 0x00, 0x40, 0x01, 0x00, 0x00, 0x04, 0x40, 0x00, 0x00, 0x10, 0x00, 0x00, 0x00, 
0x09, 0x01, 0xf1, 0xff, 0x05, 0x01, 0x41, 0x00, 0x10, 0x40, 0x00, 0x00, 0x56, 0x4c, 0x08, 0x00, 
0x16, 0x40, 0x00, 0x00, 0x01, 0x00, 0x00, 0x00, 0x15, 0x40, 0x00, 0x00, 0x10, 0x09, 0x00, 0x00, 
0x14, 0x40, 0x00, 0x00, 0x74, 0x00, 0x00, 0x00, 0x14, 0x01, 0x01, 0x81, 0x21, 0x01, 0x00, 0x00, 
0x20, 0x01, 0x00, 0x00, 0x22, 0x01, 0x00, 0x00, 0x16, 0x01, 0x03, 0x00, 0x15, 0x01, 0x03, 0x00, 
0x17, 0x01, 0x77, 0x00, 0x05, 0x00, 0x01, 0x00, 0x00, 0x40, 0x00, 0x00, 0x07, 0x2d, 0x05, 0x00, 
0x0b, 0x01, 0x28, 0x00, 0x0c, 0x01, 0x28, 0x00, 0x0a, 0x01, 0x28, 0x00, 0x06, 0x40, 0x00, 0x00, 
0x01, 0x00, 0x00, 0x00, 0x05, 0x40, 0x00, 0x00, 0x08, 0x13, 0x00, 0x00, 0x04, 0x40, 0x00, 0x00, 
0x74, 0x00, 0x00, 0x00, 0x09, 0x01, 0x94, 0xff, 0x05, 0x01, 0x01, 0x00, 0x10, 0x40, 0x00, 0x00, 
0x90, 0x01, 0x09, 0x00, 0x16, 0x40, 0x00, 0x00, 0x40, 0x01, 0x00, 0x00, 0x15, 0x40, 0x00, 0x00, 
0x40, 0x01, 0x00, 0x00, 0x14, 0x40, 0x00, 0x00, 0x10, 0x00, 0x00, 0x00, 0x14, 0x01, 0x41, 0x00, 
0x21, 0x01, 0x02, 0x00, 0x20, 0x01, 0x02, 0x00, 0x22, 0x01, 0x07, 0x00, 0x20, 0x40, 0x00, 0x00, 
0xd0, 0x79, 0x00, 0x00, 0x22, 0x40, 0x00, 0x00, 0xc0, 0x79, 0x00, 0x00, 0x16, 0x01, 0x05, 0x00, 
0x15, 0x01, 0x0b, 0x00, 0x17, 0x01, 0x07, 0x00, 0x02, 0x00, 0x00, 0x00, 0x00, 0x40, 0x00, 0x00, 
0x90, 0x01, 0x09, 0x00, 0x0b, 0x01, 0x13, 0x00, 0x0c, 0x01, 0x13, 0x00, 0x0a, 0x01, 0x13, 0x00, 
0x06, 0x40, 0x00, 0x00, 0x40, 0x01, 0x00, 0x00, 0x05, 0x40, 0x00, 0x00, 0x40, 0x01, 0x00, 0x00, 
0x04, 0x40, 0x00, 0x00, 0x10, 0x00, 0x00, 0x00, 0x09, 0x01, 0xf1, 0xff, 0x05, 0x01, 0x41, 0x00, 
0x10, 0x40, 0x00, 0x00, 0x57, 0x4c, 0x08, 0x00, 0x16, 0x40, 0x00, 0x00, 0x01, 0x00, 0x00, 0x00, 
0x15, 0x40, 0x00, 0x00, 0x10, 0x09, 0x00, 0x00, 0x14, 0x40, 0x00, 0x00, 0x74, 0x00, 0x00, 0x00, 
0x14, 0x01, 0x01, 0x81, 0x21, 0x01, 0x00, 0x00, 0x20, 0x01, 0x00, 0x00, 0x22, 0x01, 0x00, 0x00, 
0x16, 0x01, 0x03, 0x00, 0x15, 0x01, 0x03, 0x00, 0x17, 0x01, 0x77, 0x00, 0x05, 0x00, 0x01, 0x00, 
0x00, 0x40, 0x00, 0x00, 0x08, 0x2d, 0x05, 0x00, 0x0b, 0x01, 0x28, 0x00, 0x0c, 0x01, 0x28, 0x00, 
0x0a, 0x01, 0x28, 0x00, 0x06, 0x40, 0x00, 0x00, 0x01, 0x00, 0x00, 0x00, 0x05, 0x40, 0x00, 0x00, 
0x08, 0x13, 0x00, 0x00, 0x04, 0x40, 0x00, 0x00, 0x74, 0x00, 0x00, 0x00, 0x09, 0x01, 0x94, 0xff, 
0x05, 0x01, 0x01, 0x00, 0x10, 0x40, 0x00, 0x00, 0x90, 0x01, 0x09, 0x00, 0x16, 0x40, 0x00, 0x00, 
0x40, 0x01, 0x00, 0x00, 0x15, 0x40, 0x00, 0x00, 0x40, 0x01, 0x00, 0x00, 0x14, 0x40, 0x00, 0x00, 
0x10, 0x00, 0x00, 0x00, 0x14, 0x01, 0x41, 0x00, 0x21, 0x01, 0x02, 0x00, 0x20, 0x01, 0x02, 0x00, 
0x22, 0x01, 0x07, 0x00, 0x20, 0x40, 0x00, 0x00, 0x10, 0x7a, 0x00, 0x00, 0x22, 0x40, 0x00, 0x00, 
0x00, 0x7a, 0x00, 0x00, 0x16, 0x01, 0x05, 0x00, 0x15, 0x01, 0x0b, 0x00, 0x17, 0x01, 0x07, 0x00, 
0x02, 0x00, 0x00, 0x00, 0x00, 0x40, 0x00, 0x00, 0x90, 0x01, 0x09, 0x00, 0x0b, 0x01, 0x13, 0x00, 
0x0c, 0x01, 0x13, 0x00, 0x0a, 0x01, 0x13, 0x00, 0x06, 0x40, 0x00, 0x00, 0x40, 0x01, 0x00, 0x00, 
0x05, 0x40, 0x00, 0x00, 0x40, 0x01, 0x00, 0x00, 0x04, 0x40, 0x00, 0x00, 0x10, 0x00, 0x00, 0x00, 
0x09, 0x01, 0xf1, 0xff, 0x05, 0x01, 0x41, 0x00, 0x10, 0x40, 0x00, 0x00, 0x58, 0x4c, 0x08, 0x00, 
0x16, 0x40, 0x00, 0x00, 0x01, 0x00, 0x00, 0x00, 0x15, 0x40, 0x00, 0x00, 0x10, 0x09, 0x00, 0x00, 
0x14, 0x40, 0x00, 0x00, 0x74, 0x00, 0x00, 0x00, 0x14, 0x01, 0x01, 0x81, 0x21, 0x01, 0x00, 0x00, 
0x20, 0x01, 0x00, 0x00, 0x22, 0x01, 0x00, 0x00, 0x16, 0x01, 0x03, 0x00, 0x15, 0x01, 0x03, 0x00, 
0x17, 0x01, 0x77, 0x00, 0x05, 0x00, 0x01, 0x00, 0x00, 0x40, 0x00, 0x00, 0x09, 0x2d, 0x05, 0x00, 
0x0b, 0x01, 0x28, 0x00, 0x0c, 0x01, 0x28, 0x00, 0x0a, 0x01, 0x28, 0x00, 0x06, 0x40, 0x00, 0x00, 
0x01, 0x00, 0x00, 0x00, 0x05, 0x40, 0x00, 0x00, 0x08, 0x13, 0x00, 0x00, 0x04, 0x40, 0x00, 0x00, 
0x74, 0x00, 0x00, 0x00, 0x09, 0x01, 0x94, 0xff, 0x05, 0x01, 0x01, 0x00, 0x10, 0x40, 0x00, 0x00, 
0x90, 0x01, 0x09, 0x00, 0x16, 0x40, 0x00, 0x00, 0x40, 0x01, 0x00, 0x00, 0x15, 0x40, 0x00, 0x00, 
0x40, 0x01, 0x00, 0x00, 0x14, 0x40, 0x00, 0x00, 0x10, 0x00, 0x00, 0x00, 0x14, 0x01, 0x41, 0x00, 
0x21, 0x01, 0x02, 0x00, 0x20, 0x01, 0x02, 0x00, 0x22, 0x01, 0x07, 0x00, 0x20, 0x40, 0x00, 0x00, 
0x50, 0x7a, 0x00, 0x00, 0x22, 0x40, 0x00, 0x00, 0x40, 0x7a, 0x00, 0x00, 0x16, 0x01, 0x05, 0x00, 
0x15, 0x01, 0x0b, 0x00, 0x17, 0x01, 0x07, 0x00, 0x02, 0x00, 0x00, 0x00, 0x00, 0x40, 0x00, 0x00, 
0x90, 0x01, 0x09, 0x00, 0x0b, 0x01, 0x13, 0x00, 0x0c, 0x01, 0x13, 0x00, 0x0a, 0x01, 0x13, 0x00, 
0x06, 0x40, 0x00, 0x00, 0x40, 0x01, 0x00, 0x00, 0x05, 0x40, 0x00, 0x00, 0x40, 0x01, 0x00, 0x00, 
0x04, 0x40, 0x00, 0x00, 0x10, 0x00, 0x00, 0x00, 0x09, 0x01, 0xf1, 0xff, 0x05, 0x01, 0x41, 0x00, 
0x10, 0x40, 0x00, 0x00, 0x59, 0x4c, 0x08, 0x00, 0x16, 0x40, 0x00, 0x00, 0x01, 0x00, 0x00, 0x00, 
0x15, 0x40, 0x00, 0x00, 0x10, 0x09, 0x00, 0x00, 0x14, 0x40, 0x00, 0x00, 0x74, 0x00, 0x00, 0x00, 
0x14, 0x01, 0x01, 0x81, 0x21, 0x01, 0x00, 0x00, 0x20, 0x01, 0x00, 0x00, 0x22, 0x01, 0x00, 0x00, 
0x16, 0x01, 0x03, 0x00, 0x15, 0x01, 0x03, 0x00, 0x17, 0x01, 0x77, 0x00, 0x05, 0x00, 0x01, 0x00, 
0x00, 0x40, 0x00, 0x00, 0x0a, 0x2d, 0x05, 0x00, 0x0b, 0x01, 0x28, 0x00, 0x0c, 0x01, 0x28, 0x00, 
0x0a, 0x01, 0x28, 0x00, 0x06, 0x40, 0x00, 0x00, 0x01, 0x00, 0x00, 0x00, 0x05, 0x40, 0x00, 0x00, 
0x08, 0x13, 0x00, 0x00, 0x04, 0x40, 0x00, 0x00, 0x74, 0x00, 0x00, 0x00, 0x09, 0x01, 0x94, 0xff, 
0x05, 0x01, 0x01, 0x00, 0x10, 0x40, 0x00, 0x00, 0x90, 0x01, 0x09, 0x00, 0x16, 0x40, 0x00, 0x00, 
0x40, 0x01, 0x00, 0x00, 0x15, 0x40, 0x00, 0x00, 0x40, 0x01, 0x00, 0x00, 0x14, 0x40, 0x00, 0x00, 
0x10, 0x00, 0x00, 0x00, 0x14, 0x01, 0x41, 0x00, 0x21, 0x01, 0x02, 0x00, 0x20, 0x01, 0x02, 0x00, 
0x22, 0x01, 0x07, 0x00, 0x20, 0x40, 0x00, 0x00, 0x90, 0x7a, 0x00, 0x00, 0x22, 0x40, 0x00, 0x00, 
0x80, 0x7a, 0x00, 0x00, 0x16, 0x01, 0x05, 0x00, 0x15, 0x01, 0x0b, 0x00, 0x17, 0x01, 0x07, 0x00, 
0x02, 0x00, 0x00, 0x00, 0x00, 0x40, 0x00, 0x00, 0x90, 0x01, 0x09, 0x00, 0x0b, 0x01, 0x13, 0x00, 
0x0c, 0x01, 0x13, 0x00, 0x0a, 0x01, 0x13, 0x00, 0x06, 0x40, 0x00, 0x00, 0x40, 0x01, 0x00, 0x00, 
0x05, 0x40, 0x00, 0x00, 0x40, 0x01, 0x00, 0x00, 0x04, 0x40, 0x00, 0x00, 0x10, 0x00, 0x00, 0x00, 
0x09, 0x01, 0xf1, 0xff, 0x05, 0x01, 0x41, 0x00, 0x10, 0x40, 0x00, 0x00, 0x5a, 0x4c, 0x08, 0x00, 
0x16, 0x40, 0x00, 0x00, 0x01, 0x00, 0x00, 0x00, 0x15, 0x40, 0x00, 0x00, 0x10, 0x09, 0x00, 0x00, 
0x14, 0x40, 0x00, 0x00, 0x74, 0x00, 0x00, 0x00, 0x14, 0x01, 0x01, 0x81, 0x21, 0x01, 0x00, 0x00, 
0x20, 0x01, 0x00, 0x00, 0x22, 0x01, 0x00, 0x00, 0x16, 0x01, 0x03, 0x00, 0x15, 0x01, 0x03, 0x00, 
0x17, 0x01, 0x77, 0x00, 0x05, 0x00, 0x01, 0x00, 0x00, 0x40, 0x00, 0x00, 0x0b, 0x2d, 0x05, 0x00, 
0x0b, 0x01, 0x28, 0x00, 0x0c, 0x01, 0x28, 0x00, 0x0a, 0x01, 0x28, 0x00, 0x06, 0x40, 0x00, 0x00, 
0x01, 0x00, 0x00, 0x00, 0x05, 0x40, 0x00, 0x00, 0x08, 0x13, 0x00, 0x00, 0x04, 0x40, 0x00, 0x00, 
0x74, 0x00, 0x00, 0x00, 0x09, 0x01, 0x94, 0xff, 0x05, 0x01, 0x01, 0x00, 0x10, 0x40, 0x00, 0x00, 
0x90, 0x01, 0x09, 0x00, 0x16, 0x40, 0x00, 0x00, 0x40, 0x01, 0x00, 0x00, 0x15, 0x40, 0x00, 0x00, 
0x40, 0x01, 0x00, 0x00, 0x14, 0x40, 0x00, 0x00, 0x10, 0x00, 0x00, 0x00, 0x14, 0x01, 0x41, 0x00, 
0x21, 0x01, 0x02, 0x00, 0x20, 0x01, 0x02, 0x00, 0x22, 0x01, 0x07, 0x00, 0x20, 0x40, 0x00, 0x00, 
0xd0, 0x7a, 0x00, 0x00, 0x22, 0x40, 0x00, 0x00, 0xc0, 0x7a, 0x00, 0x00, 0x16, 0x01, 0x05, 0x00, 
0x15, 0x01, 0x0b, 0x00, 0x17, 0x01, 0x07, 0x00, 0x02, 0x00, 0x00, 0x00, 0x00, 0x40, 0x00, 0x00, 
0x90, 0x01, 0x09, 0x00, 0x0b, 0x01, 0x13, 0x00, 0x0c, 0x01, 0x13, 0x00, 0x0a, 0x01, 0x13, 0x00, 
0x06, 0x40, 0x00, 0x00, 0x40, 0x01, 0x00, 0x00, 0x05, 0x40, 0x00, 0x00, 0x40, 0x01, 0x00, 0x00, 
0x04, 0x40, 0x00, 0x00, 0x10, 0x00, 0x00, 0x00, 0x09, 0x01, 0xf1, 0xff, 0x05, 0x01, 0x41, 0x00, 
0x10, 0x40, 0x00, 0x00, 0x5b, 0x4c, 0x08, 0x00, 0x16, 0x40, 0x00, 0x00, 0x01, 0x00, 0x00, 0x00, 
0x15, 0x40, 0x00, 0x00, 0x10, 0x09, 0x00, 0x00, 0x14, 0x40, 0x00, 0x00, 0x74, 0x00, 0x00, 0x00, 
0x14, 0x01, 0x01, 0x81, 0x21, 0x01, 0x00, 0x00, 0x20, 0x01, 0x00, 0x00, 0x22, 0x01, 0x00, 0x00, 
0x16, 0x01, 0x03, 0x00, 0x15, 0x01, 0x03, 0x00, 0x17, 0x01, 0x77, 0x00, 0x05, 0x00, 0x01, 0x00, 
0x00, 0x40, 0x00, 0x00, 0x0c, 0x2d, 0x05, 0x00, 0x0b, 0x01, 0x28, 0x00, 0x0c, 0x01, 0x28, 0x00, 
0x0a, 0x01, 0x28, 0x00, 0x06, 0x40, 0x00, 0x00, 0x01, 0x00, 0x00, 0x00, 0x05, 0x40, 0x00, 0x00, 
0x08, 0x13, 0x00, 0x00, 0x04, 0x40, 0x00, 0x00, 0x74, 0x00, 0x00, 0x00, 0x09, 0x01, 0x94, 0xff, 
0x05, 0x01, 0x01, 0x00, 0x10, 0x40, 0x00, 0x00, 0x90, 0x01, 0x09, 0x00, 0x16, 0x40, 0x00, 0x00, 
0x40, 0x01, 0x00, 0x00, 0x15, 0x40, 0x00, 0x00, 0x40, 0x01, 0x00, 0x00, 0x14, 0x40, 0x00, 0x00, 
0x10, 0x00, 0x00, 0x00, 0x14, 0x01, 0x41, 0x00, 0x21, 0x01, 0x02, 0x00, 0x20, 0x01, 0x02, 0x00, 
0x22, 0x01, 0x07, 0x00, 0x20, 0x40, 0x00, 0x00, 0x10, 0x7b, 0x00, 0x00, 0x22, 0x40, 0x00, 0x00, 
0x00, 0x7b, 0x00, 0x00, 0x16, 0x01, 0x05, 0x00, 0x15, 0x01, 0x0b, 0x00, 0x17, 0x01, 0x07, 0x00, 
0x02, 0x00, 0x00, 0x00, 0x00, 0x40, 0x00, 0x00, 0x90, 0x01, 0x09, 0x00, 0x0b, 0x01, 0x13, 0x00, 
0x0c, 0x01, 0x13, 0x00, 0x0a, 0x01, 0x13, 0x00, 0x06, 0x40, 0x00, 0x00, 0x40, 0x01, 0x00, 0x00, 
0x05, 0x40, 0x00, 0x00, 0x40, 0x01, 0x00, 0x00, 0x04, 0x40, 0x00, 0x00, 0x10, 0x00, 0x00, 0x00, 
0x09, 0x01, 0xf1, 0xff, 0x05, 0x01, 0x41, 0x00, 0x10, 0x40, 0x00, 0x00, 0x5c, 0x4c, 0x08, 0x00, 
0x16, 0x40, 0x00, 0x00, 0x01, 0x00, 0x00, 0x00, 0x15, 0x40, 0x00, 0x00, 0x10, 0x09, 0x00, 0x00, 
0x14, 0x40, 0x00, 0x00, 0x74, 0x00, 0x00, 0x00, 0x14, 0x01, 0x01, 0x81, 0x21, 0x01, 0x00, 0x00, 
0x20, 0x01, 0x00, 0x00, 0x22, 0x01, 0x00, 0x00, 0x16, 0x01, 0x03, 0x00, 0x15, 0x01, 0x03, 0x00, 
0x17, 0x01, 0x77, 0x00, 0x05, 0x00, 0x01, 0x00, 0x00, 0x40, 0x00, 0x00, 0x0d, 0x2d, 0x05, 0x00, 
0x0b, 0x01, 0x28, 0x00, 0x0c, 0x01, 0x28, 0x00, 0x0a, 0x01, 0x28, 0x00, 0x06, 0x40, 0x00, 0x00, 
0x01, 0x00, 0x00, 0x00, 0x05, 0x40, 0x00, 0x00, 0x08, 0x13, 0x00, 0x00, 0x04, 0x40, 0x00, 0x00, 
0x74, 0x00, 0x00, 0x00, 0x09, 0x01, 0x94, 0xff, 0x05, 0x01, 0x01, 0x00, 0x10, 0x40, 0x00, 0x00, 
0x90, 0x01, 0x09, 0x00, 0x16, 0x40, 0x00, 0x00, 0x40, 0x01, 0x00, 0x00, 0x15, 0x40, 0x00, 0x00, 
0x40, 0x01, 0x00, 0x00, 0x14, 0x40, 0x00, 0x00, 0x10, 0x00, 0x00, 0x00, 0x14, 0x01, 0x41, 0x00, 
0x21, 0x01, 0x02, 0x00, 0x20, 0x01, 0x02, 0x00, 0x22, 0x01, 0x07, 0x00, 0x20, 0x40, 0x00, 0x00, 
0x50, 0x7b, 0x00, 0x00, 0x22, 0x40, 0x00, 0x00, 0x40, 0x7b, 0x00, 0x00, 0x16, 0x01, 0x05, 0x00, 
0x15, 0x01, 0x0b, 0x00, 0x17, 0x01, 0x07, 0x00, 0x02, 0x00, 0x00, 0x00, 0x00, 0x40, 0x00, 0x00, 
0x90, 0x01, 0x09, 0x00, 0x0b, 0x01, 0x13, 0x00, 0x0c, 0x01, 0x13, 0x00, 0x0a, 0x01, 0x13, 0x00, 
0x06, 0x40, 0x00, 0x00, 0x40, 0x01, 0x00, 0x00, 0x05, 0x40, 0x00, 0x00, 0x40, 0x01, 0x00, 0x00, 
0x04, 0x40, 0x00, 0x00, 0x10, 0x00, 0x00, 0x00, 0x09, 0x01, 0xf1, 0xff, 0x05, 0x01, 0x41, 0x00, 
0x10, 0x40, 0x00, 0x00, 0x5d, 0x4c, 0x08, 0x00, 0x16, 0x40, 0x00, 0x00, 0x01, 0x00, 0x00, 0x00, 
0x15, 0x40, 0x00, 0x00, 0x10, 0x09, 0x00, 0x00, 0x14, 0x40, 0x00, 0x00, 0x74, 0x00, 0x00, 0x00, 
0x14, 0x01, 0x01, 0x81, 0x21, 0x01, 0x00, 0x00, 0x20, 0x01, 0x00, 0x00, 0x22, 0x01, 0x00, 0x00, 
0x16, 0x01, 0x03, 0x00, 0x15, 0x01, 0x03, 0x00, 0x17, 0x01, 0x77, 0x00, 0x05, 0x00, 0x01, 0x00, 
0x00, 0x40, 0x00, 0x00, 0x0e, 0x2d, 0x05, 0x00, 0x0b, 0x01, 0x28, 0x00, 0x0c, 0x01, 0x28, 0x00, 
0x0a, 0x01, 0x28, 0x00, 0x06, 0x40, 0x00, 0x00, 0x01, 0x00, 0x00, 0x00, 0x05, 0x40, 0x00, 0x00, 
0x08, 0x13, 0x00, 0x00, 0x04, 0x40, 0x00, 0x00, 0x74, 0x00, 0x00, 0x00, 0x09, 0x01, 0x94, 0xff, 
0x05, 0x01, 0x01, 0x00, 0x10, 0x40, 0x00, 0x00, 0x90, 0x01, 0x09, 0x00, 0x16, 0x40, 0x00, 0x00, 
0x40, 0x01, 0x00, 0x00, 0x15, 0x40, 0x00, 0x00, 0x40, 0x01, 0x00, 0x00, 0x14, 0x40, 0x00, 0x00, 
0x10, 0x00, 0x00, 0x00, 0x14, 0x01, 0x41, 0x00, 0x21, 0x01, 0x02, 0x00, 0x20, 0x01, 0x02, 0x00, 
0x22, 0x01, 0x07, 0x00, 0x20, 0x40, 0x00, 0x00, 0x90, 0x7b, 0x00, 0x00, 0x22, 0x40, 0x00, 0x00, 
0x80, 0x7b, 0x00, 0x00, 0x16, 0x01, 0x05, 0x00, 0x15, 0x01, 0x0b, 0x00, 0x17, 0x01, 0x07, 0x00, 
0x02, 0x00, 0x00, 0x00, 0x00, 0x40, 0x00, 0x00, 0x90, 0x01, 0x09, 0x00, 0x0b, 0x01, 0x13, 0x00, 
0x0c, 0x01, 0x13, 0x00, 0x0a, 0x01, 0x13, 0x00, 0x06, 0x40, 0x00, 0x00, 0x40, 0x01, 0x00, 0x00, 
0x05, 0x40, 0x00, 0x00, 0x40, 0x01, 0x00, 0x00, 0x04, 0x40, 0x00, 0x00, 0x10, 0x00, 0x00, 0x00, 
0x09, 0x01, 0xf1, 0xff, 0x05, 0x01, 0x41, 0x00, 0x10, 0x40, 0x00, 0x00, 0x5e, 0x4c, 0x08, 0x00, 
0x16, 0x40, 0x00, 0x00, 0x01, 0x00, 0x00, 0x00, 0x15, 0x40, 0x00, 0x00, 0x10, 0x09, 0x00, 0x00, 
0x14, 0x40, 0x00, 0x00, 0x74, 0x00, 0x00, 0x00, 0x14, 0x01, 0x01, 0x81, 0x21, 0x01, 0x00, 0x00, 
0x20, 0x01, 0x00, 0x00, 0x22, 0x01, 0x00, 0x00, 0x16, 0x01, 0x03, 0x00, 0x15, 0x01, 0x03, 0x00, 
0x17, 0x01, 0x77, 0x00, 0x05, 0x00, 0x01, 0x00, 0x00, 0x40, 0x00, 0x00, 0x0f, 0x2d, 0x05, 0x00, 
0x0b, 0x01, 0x28, 0x00, 0x0c, 0x01, 0x28, 0x00, 0x0a, 0x01, 0x28, 0x00, 0x06, 0x40, 0x00, 0x00, 
0x01, 0x00, 0x00, 0x00, 0x05, 0x40, 0x00, 0x00, 0x08, 0x13, 0x00, 0x00, 0x04, 0x40, 0x00, 0x00, 
0x74, 0x00, 0x00, 0x00, 0x09, 0x01, 0x94, 0xff, 0x05, 0x01, 0x01, 0x00, 0x10, 0x40, 0x00, 0x00, 
0x90, 0x01, 0x09, 0x00, 0x16, 0x40, 0x00, 0x00, 0x40, 0x01, 0x00, 0x00, 0x15, 0x40, 0x00, 0x00, 
0x40, 0x01, 0x00, 0x00, 0x14, 0x40, 0x00, 0x00, 0x10, 0x00, 0x00, 0x00, 0x14, 0x01, 0x41, 0x00, 
0x21, 0x01, 0x02, 0x00, 0x20, 0x01, 0x02, 0x00, 0x22, 0x01, 0x07, 0x00, 0x20, 0x40, 0x00, 0x00, 
0xd0, 0x7b, 0x00, 0x00, 0x22, 0x40, 0x00, 0x00, 0xc0, 0x7b, 0x00, 0x00, 0x16, 0x01, 0x05, 0x00, 
0x15, 0x01, 0x0b, 0x00, 0x17, 0x01, 0x07, 0x00, 0x02, 0x00, 0x00, 0x00, 0x00, 0x40, 0x00, 0x00, 
0x90, 0x01, 0x09, 0x00, 0x0b, 0x01, 0x13, 0x00, 0x0c, 0x01, 0x13, 0x00, 0x0a, 0x01, 0x13, 0x00, 
0x06, 0x40, 0x00, 0x00, 0x40, 0x01, 0x00, 0x00, 0x05, 0x40, 0x00, 0x00, 0x40, 0x01, 0x00, 0x00, 
0x04, 0x40, 0x00, 0x00, 0x10, 0x00, 0x00, 0x00, 0x09, 0x01, 0xf1, 0xff, 0x05, 0x01, 0x41, 0x00, 
0x10, 0x40, 0x00, 0x00, 0x5f, 0x4c, 0x08, 0x00, 0x16, 0x40, 0x00, 0x00, 0x01, 0x00, 0x00, 0x00, 
0x15, 0x40, 0x00, 0x00, 0x10, 0x09, 0x00, 0x00, 0x14, 0x40, 0x00, 0x00, 0x74, 0x00, 0x00, 0x00, 
0x14, 0x01, 0x01, 0x81, 0x21, 0x01, 0x00, 0x00, 0x20, 0x01, 0x00, 0x00, 0x22, 0x01, 0x00, 0x00, 
0x16, 0x01, 0x03, 0x00, 0x15, 0x01, 0x03, 0x00, 0x17, 0x01, 0x77, 0x00, 0x05, 0x00, 0x01, 0x00, 
0x00, 0x40, 0x00, 0x00, 0x10, 0x2d, 0x05, 0x00, 0x0b, 0x01, 0x28, 0x00, 0x0c, 0x01, 0x28, 0x00, 
0x0a, 0x01, 0x28, 0x00, 0x06, 0x40, 0x00, 0x00, 0x01, 0x00, 0x00, 0x00, 0x05, 0x40, 0x00, 0x00, 
0x08, 0x13, 0x00, 0x00, 0x04, 0x40, 0x00, 0x00, 0x74, 0x00, 0x00, 0x00, 0x09, 0x01, 0x94, 0xff, 
0x05, 0x01, 0x01, 0x00, 0x10, 0x40, 0x00, 0x00, 0x90, 0x01, 0x09, 0x00, 0x16, 0x40, 0x00, 0x00, 
0x40, 0x01, 0x00, 0x00, 0x15, 0x40, 0x00, 0x00, 0x40, 0x01, 0x00, 0x00, 0x14, 0x40, 0x00, 0x00, 
0x10, 0x00, 0x00, 0x00, 0x14, 0x01, 0x41, 0x00, 0x21, 0x01, 0x02, 0x00, 0x20, 0x01, 0x02, 0x00, 
0x22, 0x01, 0x07, 0x00, 0x20, 0x40, 0x00, 0x00, 0x10, 0x7c, 0x00, 0x00, 0x22, 0x40, 0x00, 0x00, 
0x00, 0x7c, 0x00, 0x00, 0x16, 0x01, 0x05, 0x00, 0x15, 0x01, 0x0b, 0x00, 0x17, 0x01, 0x07, 0x00, 
0x02, 0x00, 0x00, 0x00, 0x00, 0x40, 0x00, 0x00, 0x90, 0x01, 0x09, 0x00, 0x0b, 0x01, 0x13, 0x00, 
0x0c, 0x01, 0x13, 0x00, 0x0a, 0x01, 0x13, 0x00, 0x06, 0x40, 0x00, 0x00, 0x40, 0x01, 0x00, 0x00, 
0x05, 0x40, 0x00, 0x00, 0x40, 0x01, 0x00, 0x00, 0x04, 0x40, 0x00, 0x00, 0x10, 0x00, 0x00, 0x00, 
0x09, 0x01, 0xf1, 0xff, 0x05, 0x01, 0x41, 0x00, 0x10, 0x40, 0x00, 0x00, 0x60, 0x4c, 0x08, 0x00, 
0x16, 0x40, 0x00, 0x00, 0x01, 0x00, 0x00, 0x00, 0x15, 0x40, 0x00, 0x00, 0x10, 0x09, 0x00, 0x00, 
0x14, 0x40, 0x00, 0x00, 0x74, 0x00, 0x00, 0x00, 0x14, 0x01, 0x01, 0x81, 0x21, 0x01, 0x00, 0x00, 
0x20, 0x01, 0x00, 0x00, 0x22, 0x01, 0x00, 0x00, 0x16, 0x01, 0x03, 0x00, 0x15, 0x01, 0x03, 0x00, 
0x17, 0x01, 0x77, 0x00, 0x05, 0x00, 0x01, 0x00, 0x00, 0x40, 0x00, 0x00, 0x11, 0x2d, 0x05, 0x00, 
0x0b, 0x01, 0x28, 0x00, 0x0c, 0x01, 0x28, 0x00, 0x0a, 0x01, 0x28, 0x00, 0x06, 0x40, 0x00, 0x00, 
0x01, 0x00, 0x00, 0x00, 0x05, 0x40, 0x00, 0x00, 0x08, 0x13, 0x00, 0x00, 0x04, 0x40, 0x00, 0x00, 
0x74, 0x00, 0x00, 0x00, 0x09, 0x01, 0x94, 0xff, 0x05, 0x01, 0x01, 0x00, 0x10, 0x40, 0x00, 0x00, 
0x90, 0x01, 0x09, 0x00, 0x16, 0x40, 0x00, 0x00, 0x40, 0x01, 0x00, 0x00, 0x15, 0x40, 0x00, 0x00, 
0x40, 0x01, 0x00, 0x00, 0x14, 0x40, 0x00, 0x00, 0x10, 0x00, 0x00, 0x00, 0x14, 0x01, 0x41, 0x00, 
0x21, 0x01, 0x02, 0x00, 0x20, 0x01, 0x02, 0x00, 0x22, 0x01, 0x07, 0x00, 0x20, 0x40, 0x00, 0x00, 
0x50, 0x7c, 0x00, 0x00, 0x22, 0x40, 0x00, 0x00, 0x40, 0x7c, 0x00, 0x00, 0x16, 0x01, 0x05, 0x00, 
0x15, 0x01, 0x0b, 0x00, 0x17, 0x01, 0x07, 0x00, 0x02, 0x00, 0x00, 0x00, 0x00, 0x40, 0x00, 0x00, 
0x90, 0x01, 0x09, 0x00, 0x0b, 0x01, 0x13, 0x00, 0x0c, 0x01, 0x13, 0x00, 0x0a, 0x01, 0x13, 0x00, 
0x06, 0x40, 0x00, 0x00, 0x40, 0x01, 0x00, 0x00, 0x05, 0x40, 0x00, 0x00, 0x40, 0x01, 0x00, 0x00, 
0x04, 0x40, 0x00, 0x00, 0x10, 0x00, 0x00, 0x00, 0x09, 0x01, 0xf1, 0xff, 0x05, 0x01, 0x41, 0x00, 
0x10, 0x40, 0x00, 0x00, 0x61, 0x4c, 0x08, 0x00, 0x16, 0x40, 0x00, 0x00, 0x01, 0x00, 0x00, 0x00, 
0x15, 0x40, 0x00, 0x00, 0x10, 0x09, 0x00, 0x00, 0x14, 0x40, 0x00, 0x00, 0x74, 0x00, 0x00, 0x00, 
0x14, 0x01, 0x01, 0x81, 0x21, 0x01, 0x00, 0x00, 0x20, 0x01, 0x00, 0x00, 0x22, 0x01, 0x00, 0x00, 
0x16, 0x01, 0x03, 0x00, 0x15, 0x01, 0x03, 0x00, 0x17, 0x01, 0x77, 0x00, 0x05, 0x00, 0x01, 0x00, 
0x00, 0x40, 0x00, 0x00, 0x12, 0x2d, 0x05, 0x00, 0x0b, 0x01, 0x28, 0x00, 0x0c, 0x01, 0x28, 0x00, 
0x0a, 0x01, 0x28, 0x00, 0x06, 0x40, 0x00, 0x00, 0x01, 0x00, 0x00, 0x00, 0x05, 0x40, 0x00, 0x00, 
0x08, 0x13, 0x00, 0x00, 0x04, 0x40, 0x00, 0x00, 0x74, 0x00, 0x00, 0x00, 0x09, 0x01, 0x94, 0xff, 
0x05, 0x01, 0x01, 0x00, 0x10, 0x40, 0x00, 0x00, 0x90, 0x01, 0x09, 0x00, 0x16, 0x40, 0x00, 0x00, 
0x40, 0x01, 0x00, 0x00, 0x15, 0x40, 0x00, 0x00, 0x40, 0x01, 0x00, 0x00, 0x14, 0x40, 0x00, 0x00, 
0x10, 0x00, 0x00, 0x00, 0x14, 0x01, 0x41, 0x00, 0x21, 0x01, 0x02, 0x00, 0x20, 0x01, 0x02, 0x00, 
0x22, 0x01, 0x07, 0x00, 0x20, 0x40, 0x00, 0x00, 0x90, 0x7c, 0x00, 0x00, 0x22, 0x40, 0x00, 0x00, 
0x80, 0x7c, 0x00, 0x00, 0x16, 0x01, 0x05, 0x00, 0x15, 0x01, 0x0b, 0x00, 0x17, 0x01, 0x07, 0x00, 
0x02, 0x00, 0x00, 0x00, 0x00, 0x40, 0x00, 0x00, 0x90, 0x01, 0x09, 0x00, 0x0b, 0x01, 0x13, 0x00, 
0x0c, 0x01, 0x13, 0x00, 0x0a, 0x01, 0x13, 0x00, 0x06, 0x40, 0x00, 0x00, 0x40, 0x01, 0x00, 0x00, 
0x05, 0x40, 0x00, 0x00, 0x40, 0x01, 0x00, 0x00, 0x04, 0x40, 0x00, 0x00, 0x10, 0x00, 0x00, 0x00, 
0x09, 0x01, 0xf1, 0xff, 0x05, 0x01, 0x41, 0x00, 0x10, 0x40, 0x00, 0x00, 0x62, 0x4c, 0x08, 0x00, 
0x16, 0x40, 0x00, 0x00, 0x01, 0x00, 0x00, 0x00, 0x15, 0x40, 0x00, 0x00, 0x10, 0x09, 0x00, 0x00, 
0x14, 0x40, 0x00, 0x00, 0x74, 0x00, 0x00, 0x00, 0x14, 0x01, 0x01, 0x81, 0x21, 0x01, 0x00, 0x00, 
0x20, 0x01, 0x00, 0x00, 0x22, 0x01, 0x00, 0x00, 0x16, 0x01, 0x03, 0x00, 0x15, 0x01, 0x03, 0x00, 
0x17, 0x01, 0x77, 0x00, 0x05, 0x00, 0x01, 0x00, 0x00, 0x40, 0x00, 0x00, 0x13, 0x2d, 0x05, 0x00, 
0x0b, 0x01, 0x28, 0x00, 0x0c, 0x01, 0x28, 0x00, 0x0a, 0x01, 0x28, 0x00, 0x06, 0x40, 0x00, 0x00, 
0x01, 0x00, 0x00, 0x00, 0x05, 0x40, 0x00, 0x00, 0x08, 0x13, 0x00, 0x00, 0x04, 0x40, 0x00, 0x00, 
0x74, 0x00, 0x00, 0x00, 0x09, 0x01, 0x94, 0xff, 0x05, 0x01, 0x01, 0x00, 0x10, 0x40, 0x00, 0x00, 
0x90, 0x01, 0x09, 0x00, 0x16, 0x40, 0x00, 0x00, 0x40, 0x01, 0x00, 0x00, 0x15, 0x40, 0x00, 0x00, 
0x40, 0x01, 0x00, 0x00, 0x14, 0x40, 0x00, 0x00, 0x10, 0x00, 0x00, 0x00, 0x14, 0x01, 0x41, 0x00, 
0x21, 0x01, 0x02, 0x00, 0x20, 0x01, 0x02, 0x00, 0x22, 0x01, 0x07, 0x00, 0x20, 0x40, 0x00, 0x00, 
0xd0, 0x7c, 0x00, 0x00, 0x22, 0x40, 0x00, 0x00, 0xc0, 0x7c, 0x00, 0x00, 0x16, 0x01, 0x05, 0x00, 
0x15, 0x01, 0x0b, 0x00, 0x17, 0x01, 0x07, 0x00, 0x02, 0x00, 0x00, 0x00, 0x00, 0x40, 0x00, 0x00, 
0x90, 0x01, 0x09, 0x00, 0x0b, 0x01, 0x13, 0x00, 0x0c, 0x01, 0x13, 0x00, 0x0a, 0x01, 0x13, 0x00, 
0x06, 0x40, 0x00, 0x00, 0x40, 0x01, 0x00, 0x00, 0x05, 0x40, 0x00, 0x00, 0x40, 0x01, 0x00, 0x00, 
0x04, 0x40, 0x00, 0x00, 0x10, 0x00, 0x00, 0x00, 0x09, 0x01, 0xf1, 0xff, 0x05, 0x01, 0x41, 0x00, 
0x10, 0x40, 0x00, 0x00, 0x63, 0x4c, 0x08, 0x00, 0x16, 0x40, 0x00, 0x00, 0x01, 0x00, 0x00, 0x00, 
0x15, 0x40, 0x00, 0x00, 0x10, 0x09, 0x00, 0x00, 0x14, 0x40, 0x00, 0x00, 0x74, 0x00, 0x00, 0x00, 
0x14, 0x01, 0x01, 0x81, 0x21, 0x01, 0x00, 0x00, 0x20, 0x01, 0x00, 0x00, 0x22, 0x01, 0x00, 0x00, 
0x16, 0x01, 0x03, 0x00, 0x15, 0x01, 0x03, 0x00, 0x17, 0x01, 0x77, 0x00, 0x05, 0x00, 0x01, 0x00, 
0x00, 0x40, 0x00, 0x00, 0x14, 0x2d, 0x05, 0x00, 0x0b, 0x01, 0x28, 0x00, 0x0c, 0x01, 0x28, 0x00, 
0x0a, 0x01, 0x28, 0x00, 0x06, 0x40, 0x00, 0x00, 0x01, 0x00, 0x00, 0x00, 0x05, 0x40, 0x00, 0x00, 
0x08, 0x13, 0x00, 0x00, 0x04, 0x40, 0x00, 0x00, 0x74, 0x00, 0x00, 0x00, 0x09, 0x01, 0x94, 0xff, 
0x05, 0x01, 0x01, 0x00, 0x10, 0x40, 0x00, 0x00, 0x90, 0x01, 0x09, 0x00, 0x16, 0x40, 0x00, 0x00, 
0x40, 0x01, 0x00, 0x00, 0x15, 0x40, 0x00, 0x00, 0x40, 0x01, 0x00, 0x00, 0x14, 0x40, 0x00, 0x00, 
0x10, 0x00, 0x00, 0x00, 0x14, 0x01, 0x41, 0x00, 0x21, 0x01, 0x02, 0x00, 0x20, 0x01, 0x02, 0x00, 
0x22, 0x01, 0x07, 0x00, 0x20, 0x40, 0x00, 0x00, 0x10, 0x7d, 0x00, 0x00, 0x22, 0x40, 0x00, 0x00, 
0x00, 0x7d, 0x00, 0x00, 0x16, 0x01, 0x05, 0x00, 0x15, 0x01, 0x0b, 0x00, 0x17, 0x01, 0x07, 0x00, 
0x02, 0x00, 0x00, 0x00, 0x00, 0x40, 0x00, 0x00, 0x90, 0x01, 0x09, 0x00, 0x0b, 0x01, 0x13, 0x00, 
0x0c, 0x01, 0x13, 0x00, 0x0a, 0x01, 0x13, 0x00, 0x06, 0x40, 0x00, 0x00, 0x40, 0x01, 0x00, 0x00, 
0x05, 0x40, 0x00, 0x00, 0x40, 0x01, 0x00, 0x00, 0x04, 0x40, 0x00, 0x00, 0x10, 0x00, 0x00, 0x00, 
0x09, 0x01, 0xf1, 0xff, 0x05, 0x01, 0x41, 0x00, 0x10, 0x40, 0x00, 0x00, 0x64, 0x4c, 0x08, 0x00, 
0x16, 0x40, 0x00, 0x00, 0x01, 0x00, 0x00, 0x00, 0x15, 0x40, 0x00, 0x00, 0x10, 0x09, 0x00, 0x00, 
0x14, 0x40, 0x00, 0x00, 0x74, 0x00, 0x00, 0x00, 0x14, 0x01, 0x01, 0x81, 0x21, 0x01, 0x00, 0x00, 
0x20, 0x01, 0x00, 0x00, 0x22, 0x01, 0x00, 0x00, 0x16, 0x01, 0x03, 0x00, 0x15, 0x01, 0x03, 0x00, 
0x17, 0x01, 0x77, 0x00, 0x05, 0x00, 0x01, 0x00, 0x00, 0x40, 0x00, 0x00, 0x15, 0x2d, 0x05, 0x00, 
0x0b, 0x01, 0x28, 0x00, 0x0c, 0x01, 0x28, 0x00, 0x0a, 0x01, 0x28, 0x00, 0x06, 0x40, 0x00, 0x00, 
0x01, 0x00, 0x00, 0x00, 0x05, 0x40, 0x00, 0x00, 0x08, 0x13, 0x00, 0x00, 0x04, 0x40, 0x00, 0x00, 
0x74, 0x00, 0x00, 0x00, 0x09, 0x01, 0x94, 0xff, 0x05, 0x01, 0x01, 0x00, 0x10, 0x40, 0x00, 0x00, 
0x90, 0x01, 0x09, 0x00, 0x16, 0x40, 0x00, 0x00, 0x40, 0x01, 0x00, 0x00, 0x15, 0x40, 0x00, 0x00, 
0x40, 0x01, 0x00, 0x00, 0x14, 0x40, 0x00, 0x00, 0x10, 0x00, 0x00, 0x00, 0x14, 0x01, 0x41, 0x00, 
0x21, 0x01, 0x02, 0x00, 0x20, 0x01, 0x02, 0x00, 0x22, 0x01, 0x07, 0x00, 0x20, 0x40, 0x00, 0x00, 
0x50, 0x7d, 0x00, 0x00, 0x22, 0x40, 0x00, 0x00, 0x40, 0x7d, 0x00, 0x00, 0x16, 0x01, 0x05, 0x00, 
0x15, 0x01, 0x0b, 0x00, 0x17, 0x01, 0x07, 0x00, 0x02, 0x00, 0x00, 0x00, 0x00, 0x40, 0x00, 0x00, 
0x90, 0x01, 0x09, 0x00, 0x0b, 0x01, 0x13, 0x00, 0x0c, 0x01, 0x13, 0x00, 0x0a, 0x01, 0x13, 0x00, 
0x06, 0x40, 0x00, 0x00, 0x40, 0x01, 0x00, 0x00, 0x05, 0x40, 0x00, 0x00, 0x40, 0x01, 0x00, 0x00, 
0x04, 0x40, 0x00, 0x00, 0x10, 0x00, 0x00, 0x00, 0x09, 0x01, 0xf1, 0xff, 0x05, 0x01, 0x41, 0x00, 
0x10, 0x40, 0x00, 0x00, 0x65, 0x4c, 0x08, 0x00, 0x16, 0x40, 0x00, 0x00, 0x01, 0x00, 0x00, 0x00, 
0x15, 0x40, 0x00, 0x00, 0x10, 0x09, 0x00, 0x00, 0x14, 0x40, 0x00, 0x00, 0x74, 0x00, 0x00, 0x00, 
0x14, 0x01, 0x01, 0x81, 0x21, 0x01, 0x00, 0x00, 0x20, 0x01, 0x00, 0x00, 0x22, 0x01, 0x00, 0x00, 
0x16, 0x01, 0x03, 0x00, 0x15, 0x01, 0x03, 0x00, 0x17, 0x01, 0x77, 0x00, 0x05, 0x00, 0x01, 0x00, 
0x00, 0x40, 0x00, 0x00, 0x16, 0x2d, 0x05, 0x00, 0x0b, 0x01, 0x28, 0x00, 0x0c, 0x01, 0x28, 0x00, 
0x0a, 0x01, 0x28, 0x00, 0x06, 0x40, 0x00, 0x00, 0x01, 0x00, 0x00, 0x00, 0x05, 0x40, 0x00, 0x00, 
0x08, 0x13, 0x00, 0x00, 0x04, 0x40, 0x00, 0x00, 0x74, 0x00, 0x00, 0x00, 0x09, 0x01, 0x94, 0xff, 
0x05, 0x01, 0x01, 0x00, 0x10, 0x40, 0x00, 0x00, 0x90, 0x01, 0x09, 0x00, 0x16, 0x40, 0x00, 0x00, 
0x40, 0x01, 0x00, 0x00, 0x15, 0x40, 0x00, 0x00, 0x40, 0x01, 0x00, 0x00, 0x14, 0x40, 0x00, 0x00, 
0x10, 0x00, 0x00, 0x00, 0x14, 0x01, 0x41, 0x00, 0x21, 0x01, 0x02, 0x00, 0x20, 0x01, 0x02, 0x00, 
0x22, 0x01, 0x07, 0x00, 0x20, 0x40, 0x00, 0x00, 0x90, 0x7d, 0x00, 0x00, 0x22, 0x40, 0x00, 0x00, 
0x80, 0x7d, 0x00, 0x00, 0x16, 0x01, 0x05, 0x00, 0x15, 0x01, 0x0b, 0x00, 0x17, 0x01, 0x07, 0x00, 
0x02, 0x00, 0x00, 0x00, 0x00, 0x40, 0x00, 0x00, 0x90, 0x01, 0x09, 0x00, 0x0b, 0x01, 0x13, 0x00, 
0x0c, 0x01, 0x13, 0x00, 0x0a, 0x01, 0x13, 0x00, 0x06, 0x40, 0x00, 0x00, 0x40, 0x01, 0x00, 0x00, 
0x05, 0x40, 0x00, 0x00, 0x40, 0x01, 0x00, 0x00, 0x04, 0x40, 0x00, 0x00, 0x10, 0x00, 0x00, 0x00, 
0x09, 0x01, 0xf1, 0xff, 0x05, 0x01, 0x41, 0x00, 0x10, 0x40, 0x00, 0x00, 0x66, 0x4c, 0x08, 0x00, 
0x16, 0x40, 0x00, 0x00, 0x01, 0x00, 0x00, 0x00, 0x15, 0x40, 0x00, 0x00, 0x10, 0x09, 0x00, 0x00, 
0x14, 0x40, 0x00, 0x00, 0x74, 0x00, 0x00, 0x00, 0x14, 0x01, 0x01, 0x81, 0x21, 0x01, 0x00, 0x00, 
0x20, 0x01, 0x00, 0x00, 0x22, 0x01, 0x00, 0x00, 0x16, 0x01, 0x03, 0x00, 0x15, 0x01, 0x03, 0x00, 
0x17, 0x01, 0x77, 0x00, 0x05, 0x00, 0x01, 0x00, 0x00, 0x40, 0x00, 0x00, 0x17, 0x2d, 0x05, 0x00, 
0x0b, 0x01, 0x28, 0x00, 0x0c, 0x01, 0x28, 0x00, 0x0a, 0x01, 0x28, 0x00, 0x06, 0x40, 0x00, 0x00, 
0x01, 0x00, 0x00, 0x00, 0x05, 0x40, 0x00, 0x00, 0x08, 0x13, 0x00, 0x00, 0x04, 0x40, 0x00, 0x00, 
0x74, 0x00, 0x00, 0x00, 0x09, 0x01, 0x94, 0xff, 0x05, 0x01, 0x01, 0x00, 0x10, 0x40, 0x00, 0x00, 
0x90, 0x01, 0x09, 0x00, 0x16, 0x40, 0x00, 0x00, 0x40, 0x01, 0x00, 0x00, 0x15, 0x40, 0x00, 0x00, 
0x40, 0x01, 0x00, 0x00, 0x14, 0x40, 0x00, 0x00, 0x10, 0x00, 0x00, 0x00, 0x14, 0x01, 0x41, 0x00, 
0x21, 0x01, 0x02, 0x00, 0x20, 0x01, 0x02, 0x00, 0x22, 0x01, 0x07, 0x00, 0x20, 0x40, 0x00, 0x00, 
0xd0, 0x7d, 0x00, 0x00, 0x22, 0x40, 0x00, 0x00, 0xc0, 0x7d, 0x00, 0x00, 0x16, 0x01, 0x05, 0x00, 
0x15, 0x01, 0x0b, 0x00, 0x17, 0x01, 0x07, 0x00, 0x02, 0x00, 0x00, 0x00, 0x00, 0x40, 0x00, 0x00, 
0x90, 0x01, 0x09, 0x00, 0x0b, 0x01, 0x13, 0x00, 0x0c, 0x01, 0x13, 0x00, 0x0a, 0x01, 0x13, 0x00, 
0x06, 0x40, 0x00, 0x00, 0x40, 0x01, 0x00, 0x00, 0x05, 0x40, 0x00, 0x00, 0x40, 0x01, 0x00, 0x00, 
0x04, 0x40, 0x00, 0x00, 0x10, 0x00, 0x00, 0x00, 0x09, 0x01, 0xf1, 0xff, 0x05, 0x01, 0x41, 0x00, 
0x10, 0x40, 0x00, 0x00, 0x67, 0x4c, 0x08, 0x00, 0x16, 0x40, 0x00, 0x00, 0x01, 0x00, 0x00, 0x00, 
0x15, 0x40, 0x00, 0x00, 0x10, 0x09, 0x00, 0x00, 0x14, 0x40, 0x00, 0x00, 0x74, 0x00, 0x00, 0x00, 
0x14, 0x01, 0x01, 0x81, 0x21, 0x01, 0x00, 0x00, 0x20, 0x01, 0x00, 0x00, 0x22, 0x01, 0x00, 0x00, 
0x16, 0x01, 0x03, 0x00, 0x15, 0x01, 0x03, 0x00, 0x17, 0x01, 0x77, 0x00, 0x05, 0x00, 0x01, 0x00, 
0x00, 0x40, 0x00, 0x00, 0x18, 0x2d, 0x05, 0x00, 0x0b, 0x01, 0x28, 0x00, 0x0c, 0x01, 0x28, 0x00, 
0x0a, 0x01, 0x28, 0x00, 0x06, 0x40, 0x00, 0x00, 0x01, 0x00, 0x00, 0x00, 0x05, 0x40, 0x00, 0x00, 
0x08, 0x13, 0x00, 0x00, 0x04, 0x40, 0x00, 0x00, 0x74, 0x00, 0x00, 0x00, 0x09, 0x01, 0x94, 0xff, 
0x05, 0x01, 0x01, 0x00, 0x10, 0x40, 0x00, 0x00, 0x90, 0x01, 0x09, 0x00, 0x16, 0x40, 0x00, 0x00, 
0x40, 0x01, 0x00, 0x00, 0x15, 0x40, 0x00, 0x00, 0x40, 0x01, 0x00, 0x00, 0x14, 0x40, 0x00, 0x00, 
0x10, 0x00, 0x00, 0x00, 0x14, 0x01, 0x41, 0x00, 0x21, 0x01, 0x02, 0x00, 0x20, 0x01, 0x02, 0x00, 
0x22, 0x01, 0x07, 0x00, 0x20, 0x40, 0x00, 0x00, 0x10, 0x7e, 0x00, 0x00, 0x22, 0x40, 0x00, 0x00, 
0x00, 0x7e, 0x00, 0x00, 0x16, 0x01, 0x05, 0x00, 0x15, 0x01, 0x0b, 0x00, 0x17, 0x01, 0x07, 0x00, 
0x02, 0x00, 0x00, 0x00, 0x00, 0x40, 0x00, 0x00, 0x90, 0x01, 0x09, 0x00, 0x0b, 0x01, 0x13, 0x00, 
0x0c, 0x01, 0x13, 0x00, 0x0a, 0x01, 0x13, 0x00, 0x06, 0x40, 0x00, 0x00, 0x40, 0x01, 0x00, 0x00, 
0x05, 0x40, 0x00, 0x00, 0x40, 0x01, 0x00, 0x00, 0x04, 0x40, 0x00, 0x00, 0x10, 0x00, 0x00, 0x00, 
0x09, 0x01, 0xf1, 0xff, 0x05, 0x01, 0x41, 0x00, 0x10, 0x40, 0x00, 0x00, 0x68, 0x4c, 0x08, 0x00, 
0x16, 0x40, 0x00, 0x00, 0x01, 0x00, 0x00, 0x00, 0x15, 0x40, 0x00, 0x00, 0x10, 0x09, 0x00, 0x00, 
0x14, 0x40, 0x00, 0x00, 0x74, 0x00, 0x00, 0x00, 0x14, 0x01, 0x01, 0x81, 0x21, 0x01, 0x00, 0x00, 
0x20, 0x01, 0x00, 0x00, 0x22, 0x01, 0x00, 0x00, 0x16, 0x01, 0x03, 0x00, 0x15, 0x01, 0x03, 0x00, 
0x17, 0x01, 0x77, 0x00, 0x05, 0x00, 0x01, 0x00, 0x00, 0x40, 0x00, 0x00, 0x19, 0x2d, 0x05, 0x00, 
0x0b, 0x01, 0x28, 0x00, 0x0c, 0x01, 0x28, 0x00, 0x0a, 0x01, 0x28, 0x00, 0x06, 0x40, 0x00, 0x00, 
0x01, 0x00, 0x00, 0x00, 0x05, 0x40, 0x00, 0x00, 0x08, 0x13, 0x00, 0x00, 0x04, 0x40, 0x00, 0x00, 
0x74, 0x00, 0x00, 0x00, 0x09, 0x01, 0x94, 0xff, 0x05, 0x01, 0x01, 0x00, 0x10, 0x40, 0x00, 0x00, 
0x90, 0x01, 0x09, 0x00, 0x16, 0x40, 0x00, 0x00, 0x40, 0x01, 0x00, 0x00, 0x15, 0x40, 0x00, 0x00, 
0x40, 0x01, 0x00, 0x00, 0x14, 0x40, 0x00, 0x00, 0x10, 0x00, 0x00, 0x00, 0x14, 0x01, 0x41, 0x00, 
0x21, 0x01, 0x02, 0x00, 0x20, 0x01, 0x02, 0x00, 0x22, 0x01, 0x07, 0x00, 0x20, 0x40, 0x00, 0x00, 
0x50, 0x7e, 0x00, 0x00, 0x22, 0x40, 0x00, 0x00, 0x40, 0x7e, 0x00, 0x00, 0x16, 0x01, 0x05, 0x00, 
0x15, 0x01, 0x0b, 0x00, 0x17, 0x01, 0x07, 0x00, 0x02, 0x00, 0x00, 0x00, 0x00, 0x40, 0x00, 0x00, 
0x90, 0x01, 0x09, 0x00, 0x0b, 0x01, 0x13, 0x00, 0x0c, 0x01, 0x13, 0x00, 0x0a, 0x01, 0x13, 0x00, 
0x06, 0x40, 0x00, 0x00, 0x40, 0x01, 0x00, 0x00, 0x05, 0x40, 0x00, 0x00, 0x40, 0x01, 0x00, 0x00, 
0x04, 0x40, 0x00, 0x00, 0x10, 0x00, 0x00, 0x00, 0x09, 0x01, 0xf1, 0xff, 0x05, 0x01, 0x41, 0x00, 
0x10, 0x40, 0x00, 0x00, 0x69, 0x4c, 0x08, 0x00, 0x16, 0x40, 0x00, 0x00, 0x01, 0x00, 0x00, 0x00, 
0x15, 0x40, 0x00, 0x00, 0x10, 0x09, 0x00, 0x00, 0x14, 0x40, 0x00, 0x00, 0x74, 0x00, 0x00, 0x00, 
0x14, 0x01, 0x01, 0x81, 0x21, 0x01, 0x00, 0x00, 0x20, 0x01, 0x00, 0x00, 0x22, 0x01, 0x00, 0x00, 
0x16, 0x01, 0x03, 0x00, 0x15, 0x01, 0x03, 0x00, 0x17, 0x01, 0x77, 0x00, 0x05, 0x00, 0x01, 0x00, 
0x00, 0x40, 0x00, 0x00, 0x1a, 0x2d, 0x05, 0x00, 0x0b, 0x01, 0x28, 0x00, 0x0c, 0x01, 0x28, 0x00, 
0x0a, 0x01, 0x28, 0x00, 0x06, 0x40, 0x00, 0x00, 0x01, 0x00, 0x00, 0x00, 0x05, 0x40, 0x00, 0x00, 
0x08, 0x13, 0x00, 0x00, 0x04, 0x40, 0x00, 0x00, 0x74, 0x00, 0x00, 0x00, 0x09, 0x01, 0x94, 0xff, 
0x05, 0x01, 0x01, 0x00, 0x10, 0x40, 0x00, 0x00, 0x90, 0x01, 0x09, 0x00, 0x16, 0x40, 0x00, 0x00, 
0x40, 0x01, 0x00, 0x00, 0x15, 0x40, 0x00, 0x00, 0x40, 0x01, 0x00, 0x00, 0x14, 0x40, 0x00, 0x00, 
0x10, 0x00, 0x00, 0x00, 0x14, 0x01, 0x41, 0x00, 0x21, 0x01, 0x02, 0x00, 0x20, 0x01, 0x02, 0x00, 
0x22, 0x01, 0x07, 0x00, 0x20, 0x40, 0x00, 0x00, 0x90, 0x7e, 0x00, 0x00, 0x22, 0x40, 0x00, 0x00, 
0x80, 0x7e, 0x00, 0x00, 0x16, 0x01, 0x05, 0x00, 0x15, 0x01, 0x0b, 0x00, 0x17, 0x01, 0x07, 0x00, 
0x02, 0x00, 0x00, 0x00, 0x00, 0x40, 0x00, 0x00, 0x90, 0x01, 0x09, 0x00, 0x0b, 0x01, 0x13, 0x00, 
0x0c, 0x01, 0x13, 0x00, 0x0a, 0x01, 0x13, 0x00, 0x06, 0x40, 0x00, 0x00, 0x40, 0x01, 0x00, 0x00, 
0x05, 0x40, 0x00, 0x00, 0x40, 0x01, 0x00, 0x00, 0x04, 0x40, 0x00, 0x00, 0x10, 0x00, 0x00, 0x00, 
0x09, 0x01, 0xf1, 0xff, 0x05, 0x01, 0x41, 0x00, 0x10, 0x40, 0x00, 0x00, 0x6a, 0x4c, 0x08, 0x00, 
0x16, 0x40, 0x00, 0x00, 0x01, 0x00, 0x00, 0x00, 0x15, 0x40, 0x00, 0x00, 0x10, 0x09, 0x00, 0x00, 
0x14, 0x40, 0x00, 0x00, 0x74, 0x00, 0x00, 0x00, 0x14, 0x01, 0x01, 0x81, 0x21, 0x01, 0x00, 0x00, 
0x20, 0x01, 0x00, 0x00, 0x22, 0x01, 0x00, 0x00, 0x16, 0x01, 0x03, 0x00, 0x15, 0x01, 0x03, 0x00, 
0x17, 0x01, 0x77, 0x00, 0x05, 0x00, 0x01, 0x00, 0x00, 0x40, 0x00, 0x00, 0x1b, 0x2d, 0x05, 0x00, 
0x0b, 0x01, 0x28, 0x00, 0x0c, 0x01, 0x28, 0x00, 0x0a, 0x01, 0x28, 0x00, 0x06, 0x40, 0x00, 0x00, 
0x01, 0x00, 0x00, 0x00, 0x05, 0x40, 0x00, 0x00, 0x08, 0x13, 0x00, 0x00, 0x04, 0x40, 0x00, 0x00, 
0x74, 0x00, 0x00, 0x00, 0x09, 0x01, 0x94, 0xff, 0x05, 0x01, 0x01, 0x00, 0x10, 0x40, 0x00, 0x00, 
0x90, 0x01, 0x09, 0x00, 0x16, 0x40, 0x00, 0x00, 0x40, 0x01, 0x00, 0x00, 0x15, 0x40, 0x00, 0x00, 
0x40, 0x01, 0x00, 0x00, 0x14, 0x40, 0x00, 0x00, 0x10, 0x00, 0x00, 0x00, 0x14, 0x01, 0x41, 0x00, 
0x21, 0x01, 0x02, 0x00, 0x20, 0x01, 0x02, 0x00, 0x22, 0x01, 0x07, 0x00, 0x20, 0x40, 0x00, 0x00, 
0xd0, 0x7e, 0x00, 0x00, 0x22, 0x40, 0x00, 0x00, 0xc0, 0x7e, 0x00, 0x00, 0x16, 0x01, 0x05, 0x00, 
0x15, 0x01, 0x0b, 0x00, 0x17, 0x01, 0x07, 0x00, 0x02, 0x00, 0x00, 0x00, 0x00, 0x40, 0x00, 0x00, 
0x90, 0x01, 0x09, 0x00, 0x0b, 0x01, 0x13, 0x00, 0x0c, 0x01, 0x13, 0x00, 0x0a, 0x01, 0x13, 0x00, 
0x06, 0x40, 0x00, 0x00, 0x40, 0x01, 0x00, 0x00, 0x05, 0x40, 0x00, 0x00, 0x40, 0x01, 0x00, 0x00, 
0x04, 0x40, 0x00, 0x00, 0x10, 0x00, 0x00, 0x00, 0x09, 0x01, 0xf1, 0xff, 0x05, 0x01, 0x41, 0x00, 
0x10, 0x40, 0x00, 0x00, 0x6b, 0x4c, 0x08, 0x00, 0x16, 0x40, 0x00, 0x00, 0x01, 0x00, 0x00, 0x00, 
0x15, 0x40, 0x00, 0x00, 0x10, 0x09, 0x00, 0x00, 0x14, 0x40, 0x00, 0x00, 0x74, 0x00, 0x00, 0x00, 
0x14, 0x01, 0x01, 0x81, 0x21, 0x01, 0x00, 0x00, 0x20, 0x01, 0x00, 0x00, 0x22, 0x01, 0x00, 0x00, 
0x16, 0x01, 0x03, 0x00, 0x15, 0x01, 0x03, 0x00, 0x17, 0x01, 0x77, 0x00, 0x05, 0x00, 0x01, 0x00, 
0x00, 0x40, 0x00, 0x00, 0x1c, 0x2d, 0x05, 0x00, 0x0b, 0x01, 0x28, 0x00, 0x0c, 0x01, 0x28, 0x00, 
0x0a, 0x01, 0x28, 0x00, 0x06, 0x40, 0x00, 0x00, 0x01, 0x00, 0x00, 0x00, 0x05, 0x40, 0x00, 0x00, 
0x08, 0x13, 0x00, 0x00, 0x04, 0x40, 0x00, 0x00, 0x74, 0x00, 0x00, 0x00, 0x09, 0x01, 0x94, 0xff, 
0x05, 0x01, 0x01, 0x00, 0x10, 0x40, 0x00, 0x00, 0x90, 0x01, 0x09, 0x00, 0x16, 0x40, 0x00, 0x00, 
0x40, 0x01, 0x00, 0x00, 0x15, 0x40, 0x00, 0x00, 0x40, 0x01, 0x00, 0x00, 0x14, 0x40, 0x00, 0x00, 
0x10, 0x00, 0x00, 0x00, 0x14, 0x01, 0x41, 0x00, 0x21, 0x01, 0x02, 0x00, 0x20, 0x01, 0x02, 0x00, 
0x22, 0x01, 0x07, 0x00, 0x20, 0x40, 0x00, 0x00, 0x10, 0x7f, 0x00, 0x00, 0x22, 0x40, 0x00, 0x00, 
0x00, 0x7f, 0x00, 0x00, 0x16, 0x01, 0x05, 0x00, 0x15, 0x01, 0x0b, 0x00, 0x17, 0x01, 0x07, 0x00, 
0x02, 0x00, 0x00, 0x00, 0x00, 0x40, 0x00, 0x00, 0x90, 0x01, 0x09, 0x00, 0x0b, 0x01, 0x13, 0x00, 
0x0c, 0x01, 0x13, 0x00, 0x0a, 0x01, 0x13, 0x00, 0x06, 0x40, 0x00, 0x00, 0x40, 0x01, 0x00, 0x00, 
0x05, 0x40, 0x00, 0x00, 0x40, 0x01, 0x00, 0x00, 0x04, 0x40, 0x00, 0x00, 0x10, 0x00, 0x00, 0x00, 
0x09, 0x01, 0xf1, 0xff, 0x05, 0x01, 0x41, 0x00, 0x10, 0x40, 0x00, 0x00, 0x6c, 0x4c, 0x08, 0x00, 
0x16, 0x40, 0x00, 0x00, 0x01, 0x00, 0x00, 0x00, 0x15, 0x40, 0x00, 0x00, 0x10, 0x09, 0x00, 0x00, 
0x14, 0x40, 0x00, 0x00, 0x74, 0x00, 0x00, 0x00, 0x14, 0x01, 0x01, 0x81, 0x21, 0x01, 0x00, 0x00, 
0x20, 0x01, 0x00, 0x00, 0x22, 0x01, 0x00, 0x00, 0x16, 0x01, 0x03, 0x00, 0x15, 0x01, 0x03, 0x00, 
0x17, 0x01, 0x77, 0x00, 0x05, 0x00, 0x01, 0x00, 0x00, 0x40, 0x00, 0x00, 0x1d, 0x2d, 0x05, 0x00, 
0x0b, 0x01, 0x28, 0x00, 0x0c, 0x01, 0x28, 0x00, 0x0a, 0x01, 0x28, 0x00, 0x06, 0x40, 0x00, 0x00, 
0x01, 0x00, 0x00, 0x00, 0x05, 0x40, 0x00, 0x00, 0x08, 0x13, 0x00, 0x00, 0x04, 0x40, 0x00, 0x00, 
0x74, 0x00, 0x00, 0x00, 0x09, 0x01, 0x94, 0xff, 0x05, 0x01, 0x01, 0x00, 0x10, 0x40, 0x00, 0x00, 
0x90, 0x01, 0x09, 0x00, 0x16, 0x40, 0x00, 0x00, 0x40, 0x01, 0x00, 0x00, 0x15, 0x40, 0x00, 0x00, 
0x40, 0x01, 0x00, 0x00, 0x14, 0x40, 0x00, 0x00, 0x10, 0x00, 0x00, 0x00, 0x14, 0x01, 0x41, 0x00, 
0x21, 0x01, 0x02, 0x00, 0x20, 0x01, 0x02, 0x00, 0x22, 0x01, 0x07, 0x00, 0x20, 0x40, 0x00, 0x00, 
0x50, 0x7f, 0x00, 0x00, 0x22, 0x40, 0x00, 0x00, 0x40, 0x7f, 0x00, 0x00, 0x16, 0x01, 0x05, 0x00, 
0x15, 0x01, 0x0b, 0x00, 0x17, 0x01, 0x07, 0x00, 0x02, 0x00, 0x00, 0x00, 0x00, 0x40, 0x00, 0x00, 
0x90, 0x01, 0x09, 0x00, 0x0b, 0x01, 0x13, 0x00, 0x0c, 0x01, 0x13, 0x00, 0x0a, 0x01, 0x13, 0x00, 
0x06, 0x40, 0x00, 0x00, 0x40, 0x01, 0x00, 0x00, 0x05, 0x40, 0x00, 0x00, 0x40, 0x01, 0x00, 0x00, 
0x04, 0x40, 0x00, 0x00, 0x10, 0x00, 0x00, 0x00, 0x09, 0x01, 0xf1, 0xff, 0x05, 0x01, 0x41, 0x00, 
0x10, 0x40, 0x00, 0x00, 0x6d, 0x4c, 0x08, 0x00, 0x16, 0x40, 0x00, 0x00, 0x01, 0x00, 0x00, 0x00, 
0x15, 0x40, 0x00, 0x00, 0x10, 0x09, 0x00, 0x00, 0x14, 0x40, 0x00, 0x00, 0x74, 0x00, 0x00, 0x00, 
0x14, 0x01, 0x01, 0x81, 0x21, 0x01, 0x00, 0x00, 0x20, 0x01, 0x00, 0x00, 0x22, 0x01, 0x00, 0x00, 
0x16, 0x01, 0x03, 0x00, 0x15, 0x01, 0x03, 0x00, 0x17, 0x01, 0x77, 0x00, 0x05, 0x00, 0x01, 0x00, 
0x00, 0x40, 0x00, 0x00, 0x1e, 0x2d, 0x05, 0x00, 0x0b, 0x01, 0x28, 0x00, 0x0c, 0x01, 0x28, 0x00, 
0x0a, 0x01, 0x28, 0x00, 0x06, 0x40, 0x00, 0x00, 0x01, 0x00, 0x00, 0x00, 0x05, 0x40, 0x00, 0x00, 
0x08, 0x13, 0x00, 0x00, 0x04, 0x40, 0x00, 0x00, 0x74, 0x00, 0x00, 0x00, 0x09, 0x01, 0x94, 0xff, 
0x05, 0x01, 0x01, 0x00, 0x10, 0x40, 0x00, 0x00, 0x90, 0x01, 0x09, 0x00, 0x16, 0x40, 0x00, 0x00, 
0x40, 0x01, 0x00, 0x00, 0x15, 0x40, 0x00, 0x00, 0x40, 0x01, 0x00, 0x00, 0x14, 0x40, 0x00, 0x00, 
0x10, 0x00, 0x00, 0x00, 0x14, 0x01, 0x41, 0x00, 0x21, 0x01, 0x02, 0x00, 0x20, 0x01, 0x02, 0x00, 
0x22, 0x01, 0x07, 0x00, 0x20, 0x40, 0x00, 0x00, 0x90, 0x7f, 0x00, 0x00, 0x22, 0x40, 0x00, 0x00, 
0x80, 0x7f, 0x00, 0x00, 0x16, 0x01, 0x05, 0x00, 0x15, 0x01, 0x0b, 0x00, 0x17, 0x01, 0x07, 0x00, 
0x02, 0x00, 0x00, 0x00, 0x00, 0x40, 0x00, 0x00, 0x90, 0x01, 0x09, 0x00, 0x0b, 0x01, 0x13, 0x00, 
0x0c, 0x01, 0x13, 0x00, 0x0a, 0x01, 0x13, 0x00, 0x06, 0x40, 0x00, 0x00, 0x40, 0x01, 0x00, 0x00, 
0x05, 0x40, 0x00, 0x00, 0x40, 0x01, 0x00, 0x00, 0x04, 0x40, 0x00, 0x00, 0x10, 0x00, 0x00, 0x00, 
0x09, 0x01, 0xf1, 0xff, 0x05, 0x01, 0x41, 0x00, 0x10, 0x40, 0x00, 0x00, 0x6e, 0x4c, 0x08, 0x00, 
0x16, 0x40, 0x00, 0x00, 0x01, 0x00, 0x00, 0x00, 0x15, 0x40, 0x00, 0x00, 0x10, 0x09, 0x00, 0x00, 
0x14, 0x40, 0x00, 0x00, 0x74, 0x00, 0x00, 0x00, 0x14, 0x01, 0x01, 0x81, 0x21, 0x01, 0x00, 0x00, 
0x20, 0x01, 0x00, 0x00, 0x22, 0x01, 0x00, 0x00, 0x16, 0x01, 0x03, 0x00, 0x15, 0x01, 0x03, 0x00, 
0x17, 0x01, 0x77, 0x00, 0x05, 0x00, 0x01, 0x00, 0x00, 0x40, 0x00, 0x00, 0x1f, 0x2d, 0x05, 0x00, 
0x0b, 0x01, 0x28, 0x00, 0x0c, 0x01, 0x28, 0x00, 0x0a, 0x01, 0x28, 0x00, 0x06, 0x40, 0x00, 0x00, 
0x01, 0x00, 0x00, 0x00, 0x05, 0x40, 0x00, 0x00, 0x08, 0x13, 0x00, 0x00, 0x04, 0x40, 0x00, 0x00, 
0x74, 0x00, 0x00, 0x00, 0x09, 0x01, 0x94, 0xff, 0x05, 0x01, 0x01, 0x00, 0x10, 0x40, 0x00, 0x00, 
0x90, 0x01, 0x09, 0x00, 0x16, 0x40, 0x00, 0x00, 0x40, 0x01, 0x00, 0x00, 0x15, 0x40, 0x00, 0x00, 
0x40, 0x01, 0x00, 0x00, 0x14, 0x40, 0x00, 0x00, 0x10, 0x00, 0x00, 0x00, 0x14, 0x01, 0x41, 0x00, 
0x21, 0x01, 0x02, 0x00, 0x20, 0x01, 0x02, 0x00, 0x22, 0x01, 0x07, 0x00, 0x20, 0x40, 0x00, 0x00, 
0xd0, 0x7f, 0x00, 0x00, 0x22, 0x40, 0x00, 0x00, 0xc0, 0x7f, 0x00, 0x00, 0x16, 0x01, 0x05, 0x00, 
0x15, 0x01, 0x0b, 0x00, 0x17, 0x01, 0x07, 0x00, 0x02, 0x00, 0x00, 0x00, 0x00, 0x40, 0x00, 0x00, 
0x90, 0x01, 0x09, 0x00, 0x0b, 0x01, 0x13, 0x00, 0x0c, 0x01, 0x13, 0x00, 0x0a, 0x01, 0x13, 0x00, 
0x06, 0x40, 0x00, 0x00, 0x40, 0x01, 0x00, 0x00, 0x05, 0x40, 0x00, 0x00, 0x40, 0x01, 0x00, 0x00, 
0x04, 0x40, 0x00, 0x00, 0x10, 0x00, 0x00, 0x00, 0x09, 0x01, 0xf1, 0xff, 0x05, 0x01, 0x41, 0x00, 
0x10, 0x40, 0x00, 0x00, 0x6f, 0x4c, 0x08, 0x00, 0x16, 0x40, 0x00, 0x00, 0x01, 0x00, 0x00, 0x00, 
0x15, 0x40, 0x00, 0x00, 0x10, 0x09, 0x00, 0x00, 0x14, 0x40, 0x00, 0x00, 0x74, 0x00, 0x00, 0x00, 
0x14, 0x01, 0x01, 0x81, 0x21, 0x01, 0x00, 0x00, 0x20, 0x01, 0x00, 0x00, 0x22, 0x01, 0x00, 0x00, 
0x16, 0x01, 0x03, 0x00, 0x15, 0x01, 0x03, 0x00, 0x17, 0x01, 0x77, 0x00, 0x05, 0x00, 0x01, 0x00, 
0x00, 0x40, 0x00, 0x00, 0x20, 0x2d, 0x05, 0x00, 0x0b, 0x01, 0x28, 0x00, 0x0c, 0x01, 0x28, 0x00, 
0x0a, 0x01, 0x28, 0x00, 0x06, 0x40, 0x00, 0x00, 0x01, 0x00, 0x00, 0x00, 0x05, 0x40, 0x00, 0x00, 
0x08, 0x13, 0x00, 0x00, 0x04, 0x40, 0x00, 0x00, 0x74, 0x00, 0x00, 0x00, 0x09, 0x01, 0x94, 0xff, 
0x05, 0x01, 0x01, 0x00, 0x10, 0x40, 0x00, 0x00, 0x90, 0x01, 0x09, 0x00, 0x16, 0x40, 0x00, 0x00, 
0x40, 0x01, 0x00, 0x00, 0x15, 0x40, 0x00, 0x00, 0x40, 0x01, 0x00, 0x00, 0x14, 0x40, 0x00, 0x00, 
0x10, 0x00, 0x00, 0x00, 0x14, 0x01, 0x41, 0x00, 0x21, 0x01, 0x02, 0x00, 0x20, 0x01, 0x02, 0x00, 
0x22, 0x01, 0x07, 0x00, 0x20, 0x40, 0x00, 0x00, 0x10, 0x80, 0x00, 0x00, 0x22, 0x40, 0x00, 0x00, 
0x00, 0x80, 0x00, 0x00, 0x16, 0x01, 0x05, 0x00, 0x15, 0x01, 0x0b, 0x00, 0x17, 0x01, 0x07, 0x00, 
0x02, 0x00, 0x00, 0x00, 0x00, 0x40, 0x00, 0x00, 0x90, 0x01, 0x09, 0x00, 0x0b, 0x01, 0x13, 0x00, 
0x0c, 0x01, 0x13, 0x00, 0x0a, 0x01, 0x13, 0x00, 0x06, 0x40, 0x00, 0x00, 0x40, 0x01, 0x00, 0x00, 
0x05, 0x40, 0x00, 0x00, 0x40, 0x01, 0x00, 0x00, 0x04, 0x40, 0x00, 0x00, 0x10, 0x00, 0x00, 0x00, 
0x09, 0x01, 0xf1, 0xff, 0x05, 0x01, 0x41, 0x00, 0x10, 0x40, 0x00, 0x00, 0x70, 0x4c, 0x08, 0x00, 
0x16, 0x40, 0x00, 0x00, 0x01, 0x00, 0x00, 0x00, 0x15, 0x40, 0x00, 0x00, 0x10, 0x09, 0x00, 0x00, 
0x14, 0x40, 0x00, 0x00, 0x74, 0x00, 0x00, 0x00, 0x14, 0x01, 0x01, 0x81, 0x21, 0x01, 0x00, 0x00, 
0x20, 0x01, 0x00, 0x00, 0x22, 0x01, 0x00, 0x00, 0x16, 0x01, 0x03, 0x00, 0x15, 0x01, 0x03, 0x00, 
0x17, 0x01, 0x77, 0x00, 0x05, 0x00, 0x01, 0x00, 0x00, 0x40, 0x00, 0x00, 0x21, 0x2d, 0x05, 0x00, 
0x0b, 0x01, 0x28, 0x00, 0x0c, 0x01, 0x28, 0x00, 0x0a, 0x01, 0x28, 0x00, 0x06, 0x40, 0x00, 0x00, 
0x01, 0x00, 0x00, 0x00, 0x05, 0x40, 0x00, 0x00, 0x08, 0x13, 0x00, 0x00, 0x04, 0x40, 0x00, 0x00, 
0x74, 0x00, 0x00, 0x00, 0x09, 0x01, 0x94, 0xff, 0x05, 0x01, 0x01, 0x00, 0x10, 0x40, 0x00, 0x00, 
0x90, 0x01, 0x09, 0x00, 0x16, 0x40, 0x00, 0x00, 0x40, 0x01, 0x00, 0x00, 0x15, 0x40, 0x00, 0x00, 
0x40, 0x01, 0x00, 0x00, 0x14, 0x40, 0x00, 0x00, 0x10, 0x00, 0x00, 0x00, 0x14, 0x01, 0x41, 0x00, 
0x21, 0x01, 0x02, 0x00, 0x20, 0x01, 0x02, 0x00, 0x22, 0x01, 0x07, 0x00, 0x20, 0x40, 0x00, 0x00, 
0x50, 0x80, 0x00, 0x00, 0x22, 0x40, 0x00, 0x00, 0x40, 0x80, 0x00, 0x00, 0x16, 0x01, 0x05, 0x00, 
0x15, 0x01, 0x0b, 0x00, 0x17, 0x01, 0x07, 0x00, 0x02, 0x00, 0x00, 0x00, 0x00, 0x40, 0x00, 0x00, 
0x90, 0x01, 0x09, 0x00, 0x0b, 0x01, 0x13, 0x00, 0x0c, 0x01, 0x13, 0x00, 0x0a, 0x01, 0x13, 0x00, 
0x06, 0x40, 0x00, 0x00, 0x40, 0x01, 0x00, 0x00, 0x05, 0x40, 0x00, 0x00, 0x40, 0x01, 0x00, 0x00, 
0x04, 0x40, 0x00, 0x00, 0x10, 0x00, 0x00, 0x00, 0x09, 0x01, 0xf1, 0xff, 0x05, 0x01, 0x41, 0x00, 
0x10, 0x40, 0x00, 0x00, 0x71, 0x4c, 0x08, 0x00, 0x16, 0x40, 0x00, 0x00, 0x01, 0x00, 0x00, 0x00, 
0x15, 0x40, 0x00, 0x00, 0x10, 0x09, 0x00, 0x00, 0x14, 0x40, 0x00, 0x00, 0x74, 0x00, 0x00, 0x00, 
0x14, 0x01, 0x01, 0x81, 0x21, 0x01, 0x00, 0x00, 0x20, 0x01, 0x00, 0x00, 0x22, 0x01, 0x00, 0x00, 
0x16, 0x01, 0x03, 0x00, 0x15, 0x01, 0x03, 0x00, 0x17, 0x01, 0x77, 0x00, 0x05, 0x00, 0x01, 0x00, 
0x00, 0x40, 0x00, 0x00, 0x22, 0x2d, 0x05, 0x00, 0x0b, 0x01, 0x28, 0x00, 0x0c, 0x01, 0x28, 0x00, 
0x0a, 0x01, 0x28, 0x00, 0x06, 0x40, 0x00, 0x00, 0x01, 0x00, 0x00, 0x00, 0x05, 0x40, 0x00, 0x00, 
0x08, 0x13, 0x00, 0x00, 0x04, 0x40, 0x00, 0x00, 0x74, 0x00, 0x00, 0x00, 0x09, 0x01, 0x94, 0xff, 
0x05, 0x01, 0x01, 0x00, 0x10, 0x40, 0x00, 0x00, 0x90, 0x01, 0x09, 0x00, 0x16, 0x40, 0x00, 0x00, 
0x40, 0x01, 0x00, 0x00, 0x15, 0x40, 0x00, 0x00, 0x40, 0x01, 0x00, 0x00, 0x14, 0x40, 0x00, 0x00, 
0x10, 0x00, 0x00, 0x00, 0x14, 0x01, 0x41, 0x00, 0x21, 0x01, 0x02, 0x00, 0x20, 0x01, 0x02, 0x00, 
0x22, 0x01, 0x07, 0x00, 0x20, 0x40, 0x00, 0x00, 0x90, 0x80, 0x00, 0x00, 0x22, 0x40, 0x00, 0x00, 
0x80, 0x80, 0x00, 0x00, 0x16, 0x01, 0x05, 0x00, 0x15, 0x01, 0x0b, 0x00, 0x17, 0x01, 0x07, 0x00, 
0x02, 0x00, 0x00, 0x00, 0x00, 0x40, 0x00, 0x00, 0x90, 0x01, 0x09, 0x00, 0x0b, 0x01, 0x13, 0x00, 
0x0c, 0x01, 0x13, 0x00, 0x0a, 0x01, 0x13, 0x00, 0x06, 0x40, 0x00, 0x00, 0x40, 0x01, 0x00, 0x00, 
0x05, 0x40, 0x00, 0x00, 0x40, 0x01, 0x00, 0x00, 0x04, 0x40, 0x00, 0x00, 0x10, 0x00, 0x00, 0x00, 
0x09, 0x01, 0xf1, 0xff, 0x05, 0x01, 0x41, 0x00, 0x10, 0x40, 0x00, 0x00, 0x72, 0x4c, 0x08, 0x00, 
0x16, 0x40, 0x00, 0x00, 0x01, 0x00, 0x00, 0x00, 0x15, 0x40, 0x00, 0x00, 0x10, 0x09, 0x00, 0x00, 
0x14, 0x40, 0x00, 0x00, 0x74, 0x00, 0x00, 0x00, 0x14, 0x01, 0x01, 0x81, 0x21, 0x01, 0x00, 0x00, 
0x20, 0x01, 0x00, 0x00, 0x22, 0x01, 0x00, 0x00, 0x16, 0x01, 0x03, 0x00, 0x15, 0x01, 0x03, 0x00, 
0x17, 0x01, 0x77, 0x00, 0x05, 0x00, 0x01, 0x00, 0x00, 0x40, 0x00, 0x00, 0x23, 0x2d, 0x05, 0x00, 
0x0b, 0x01, 0x28, 0x00, 0x0c, 0x01, 0x28, 0x00, 0x0a, 0x01, 0x28, 0x00, 0x06, 0x40, 0x00, 0x00, 
0x01, 0x00, 0x00, 0x00, 0x05, 0x40, 0x00, 0x00, 0x08, 0x13, 0x00, 0x00, 0x04, 0x40, 0x00, 0x00, 
0x74, 0x00, 0x00, 0x00, 0x09, 0x01, 0x94, 0xff, 0x05, 0x01, 0x01, 0x00, 0x10, 0x40, 0x00, 0x00, 
0x90, 0x01, 0x09, 0x00, 0x16, 0x40, 0x00, 0x00, 0x40, 0x01, 0x00, 0x00, 0x15, 0x40, 0x00, 0x00, 
0x40, 0x01, 0x00, 0x00, 0x14, 0x40, 0x00, 0x00, 0x10, 0x00, 0x00, 0x00, 0x14, 0x01, 0x41, 0x00, 
0x21, 0x01, 0x02, 0x00, 0x20, 0x01, 0x02, 0x00, 0x22, 0x01, 0x07, 0x00, 0x20, 0x40, 0x00, 0x00, 
0xd0, 0x80, 0x00, 0x00, 0x22, 0x40, 0x00, 0x00, 0xc0, 0x80, 0x00, 0x00, 0x16, 0x01, 0x05, 0x00, 
0x15, 0x01, 0x0b, 0x00, 0x17, 0x01, 0x07, 0x00, 0x02, 0x00, 0x00, 0x00, 0x00, 0x40, 0x00, 0x00, 
0x90, 0x01, 0x09, 0x00, 0x0b, 0x01, 0x13, 0x00, 0x0c, 0x01, 0x13, 0x00, 0x0a, 0x01, 0x13, 0x00, 
0x06, 0x40, 0x00, 0x00, 0x40, 0x01, 0x00, 0x00, 0x05, 0x40, 0x00, 0x00, 0x40, 0x01, 0x00, 0x00, 
0x04, 0x40, 0x00, 0x00, 0x10, 0x00, 0x00, 0x00, 0x09, 0x01, 0xf1, 0xff, 0x05, 0x01, 0x41, 0x00, 
0x10, 0x40, 0x00, 0x00, 0x73, 0x4c, 0x08, 0x00, 0x16, 0x40, 0x00, 0x00, 0x01, 0x00, 0x00, 0x00, 
0x15, 0x40, 0x00, 0x00, 0x10, 0x09, 0x00, 0x00, 0x14, 0x40, 0x00, 0x00, 0x74, 0x00, 0x00, 0x00, 
0x14, 0x01, 0x01, 0x81, 0x21, 0x01, 0x00, 0x00, 0x20, 0x01, 0x00, 0x00, 0x22, 0x01, 0x00, 0x00, 
0x16, 0x01, 0x03, 0x00, 0x15, 0x01, 0x03, 0x00, 0x17, 0x01, 0x77, 0x00, 0x05, 0x00, 0x01, 0x00, 
0x00, 0x40, 0x00, 0x00, 0x24, 0x2d, 0x05, 0x00, 0x0b, 0x01, 0x28, 0x00, 0x0c, 0x01, 0x28, 0x00, 
0x0a, 0x01, 0x28, 0x00, 0x06, 0x40, 0x00, 0x00, 0x01, 0x00, 0x00, 0x00, 0x05, 0x40, 0x00, 0x00, 
0x08, 0x13, 0x00, 0x00, 0x04, 0x40, 0x00, 0x00, 0x74, 0x00, 0x00, 0x00, 0x09, 0x01, 0x94, 0xff, 
0x05, 0x01, 0x01, 0x00, 0x10, 0x40, 0x00, 0x00, 0x90, 0x01, 0x09, 0x00, 0x16, 0x40, 0x00, 0x00, 
0x40, 0x01, 0x00, 0x00, 0x15, 0x40, 0x00, 0x00, 0x40, 0x01, 0x00, 0x00, 0x14, 0x40, 0x00, 0x00, 
0x10, 0x00, 0x00, 0x00, 0x14, 0x01, 0x41, 0x00, 0x21, 0x01, 0x02, 0x00, 0x20, 0x01, 0x02, 0x00, 
0x22, 0x01, 0x07, 0x00, 0x20, 0x40, 0x00, 0x00, 0x10, 0x81, 0x00, 0x00, 0x22, 0x40, 0x00, 0x00, 
0x00, 0x81, 0x00, 0x00, 0x16, 0x01, 0x05, 0x00, 0x15, 0x01, 0x0b, 0x00, 0x17, 0x01, 0x07, 0x00, 
0x02, 0x00, 0x00, 0x00, 0x00, 0x40, 0x00, 0x00, 0x90, 0x01, 0x09, 0x00, 0x0b, 0x01, 0x13, 0x00, 
0x0c, 0x01, 0x13, 0x00, 0x0a, 0x01, 0x13, 0x00, 0x06, 0x40, 0x00, 0x00, 0x40, 0x01, 0x00, 0x00, 
0x05, 0x40, 0x00, 0x00, 0x40, 0x01, 0x00, 0x00, 0x04, 0x40, 0x00, 0x00, 0x10, 0x00, 0x00, 0x00, 
0x09, 0x01, 0xf1, 0xff, 0x05, 0x01, 0x41, 0x00, 0x10, 0x40, 0x00, 0x00, 0x74, 0x4c, 0x08, 0x00, 
0x16, 0x40, 0x00, 0x00, 0x01, 0x00, 0x00, 0x00, 0x15, 0x40, 0x00, 0x00, 0x10, 0x09, 0x00, 0x00, 
0x14, 0x40, 0x00, 0x00, 0x74, 0x00, 0x00, 0x00, 0x14, 0x01, 0x01, 0x81, 0x21, 0x01, 0x00, 0x00, 
0x20, 0x01, 0x00, 0x00, 0x22, 0x01, 0x00, 0x00, 0x16, 0x01, 0x03, 0x00, 0x15, 0x01, 0x03, 0x00, 
0x17, 0x01, 0x77, 0x00, 0x05, 0x00, 0x01, 0x00, 0x00, 0x40, 0x00, 0x00, 0x25, 0x2d, 0x05, 0x00, 
0x0b, 0x01, 0x28, 0x00, 0x0c, 0x01, 0x28, 0x00, 0x0a, 0x01, 0x28, 0x00, 0x06, 0x40, 0x00, 0x00, 
0x01, 0x00, 0x00, 0x00, 0x05, 0x40, 0x00, 0x00, 0x08, 0x13, 0x00, 0x00, 0x04, 0x40, 0x00, 0x00, 
0x74, 0x00, 0x00, 0x00, 0x09, 0x01, 0x94, 0xff, 0x05, 0x01, 0x01, 0x00, 0x10, 0x40, 0x00, 0x00, 
0x90, 0x01, 0x09, 0x00, 0x16, 0x40, 0x00, 0x00, 0x40, 0x01, 0x00, 0x00, 0x15, 0x40, 0x00, 0x00, 
0x40, 0x01, 0x00, 0x00, 0x14, 0x40, 0x00, 0x00, 0x10, 0x00, 0x00, 0x00, 0x14, 0x01, 0x41, 0x00, 
0x21, 0x01, 0x02, 0x00, 0x20, 0x01, 0x02, 0x00, 0x22, 0x01, 0x07, 0x00, 0x20, 0x40, 0x00, 0x00, 
0x50, 0x81, 0x00, 0x00, 0x22, 0x40, 0x00, 0x00, 0x40, 0x81, 0x00, 0x00, 0x16, 0x01, 0x05, 0x00, 
0x15, 0x01, 0x0b, 0x00, 0x17, 0x01, 0x07, 0x00, 0x02, 0x00, 0x00, 0x00, 0x00, 0x40, 0x00, 0x00, 
0x90, 0x01, 0x09, 0x00, 0x0b, 0x01, 0x13, 0x00, 0x0c, 0x01, 0x13, 0x00, 0x0a, 0x01, 0x13, 0x00, 
0x06, 0x40, 0x00, 0x00, 0x40, 0x01, 0x00, 0x00, 0x05, 0x40, 0x00, 0x00, 0x40, 0x01, 0x00, 0x00, 
0x04, 0x40, 0x00, 0x00, 0x10, 0x00, 0x00, 0x00, 0x09, 0x01, 0xf1, 0xff, 0x05, 0x01, 0x41, 0x00, 
0x10, 0x40, 0x00, 0x00, 0x75, 0x4c, 0x08, 0x00, 0x16, 0x40, 0x00, 0x00, 0x01, 0x00, 0x00, 0x00, 
0x15, 0x40, 0x00, 0x00, 0x10, 0x09, 0x00, 0x00, 0x14, 0x40, 0x00, 0x00, 0x74, 0x00, 0x00, 0x00, 
0x14, 0x01, 0x01, 0x81, 0x21, 0x01, 0x00, 0x00, 0x20, 0x01, 0x00, 0x00, 0x22, 0x01, 0x00, 0x00, 
0x16, 0x01, 0x03, 0x00, 0x15, 0x01, 0x03, 0x00, 0x17, 0x01, 0x77, 0x00, 0x05, 0x00, 0x01, 0x00, 
0x00, 0x40, 0x00, 0x00, 0x26, 0x2d, 0x05, 0x00, 0x0b, 0x01, 0x28, 0x00, 0x0c, 0x01, 0x28, 0x00, 
0x0a, 0x01, 0x28, 0x00, 0x06, 0x40, 0x00, 0x00, 0x01, 0x00, 0x00, 0x00, 0x05, 0x40, 0x00, 0x00, 
0x08, 0x13, 0x00, 0x00, 0x04, 0x40, 0x00, 0x00, 0x74, 0x00, 0x00, 0x00, 0x09, 0x01, 0x94, 0xff, 
0x05, 0x01, 0x01, 0x00, 0x10, 0x40, 0x00, 0x00, 0x90, 0x01, 0x09, 0x00, 0x16, 0x40, 0x00, 0x00, 
0x40, 0x01, 0x00, 0x00, 0x15, 0x40, 0x00, 0x00, 0x40, 0x01, 0x00, 0x00, 0x14, 0x40, 0x00, 0x00, 
0x10, 0x00, 0x00, 0x00, 0x14, 0x01, 0x41, 0x00, 0x21, 0x01, 0x02, 0x00, 0x20, 0x01, 0x02, 0x00, 
0x22, 0x01, 0x07, 0x00, 0x20, 0x40, 0x00, 0x00, 0x90, 0x81, 0x00, 0x00, 0x22, 0x40, 0x00, 0x00, 
0x80, 0x81, 0x00, 0x00, 0x16, 0x01, 0x05, 0x00, 0x15, 0x01, 0x0b, 0x00, 0x17, 0x01, 0x07, 0x00, 
0x02, 0x00, 0x00, 0x00, 0x00, 0x40, 0x00, 0x00, 0x90, 0x01, 0x09, 0x00, 0x0b, 0x01, 0x13, 0x00, 
0x0c, 0x01, 0x13, 0x00, 0x0a, 0x01, 0x13, 0x00, 0x06, 0x40, 0x00, 0x00, 0x40, 0x01, 0x00, 0x00, 
0x05, 0x40, 0x00, 0x00, 0x40, 0x01, 0x00, 0x00, 0x04, 0x40, 0x00, 0x00, 0x10, 0x00, 0x00, 0x00, 
0x09, 0x01, 0xf1, 0xff, 0x05, 0x01, 0x41, 0x00, 0x10, 0x40, 0x00, 0x00, 0x76, 0x4c, 0x08, 0x00, 
0x16, 0x40, 0x00, 0x00, 0x01, 0x00, 0x00, 0x00, 0x15, 0x40, 0x00, 0x00, 0x10, 0x09, 0x00, 0x00, 
0x14, 0x40, 0x00, 0x00, 0x74, 0x00, 0x00, 0x00, 0x14, 0x01, 0x01, 0x81, 0x21, 0x01, 0x00, 0x00, 
0x20, 0x01, 0x00, 0x00, 0x22, 0x01, 0x00, 0x00, 0x16, 0x01, 0x03, 0x00, 0x15, 0x01, 0x03, 0x00, 
0x17, 0x01, 0x77, 0x00, 0x05, 0x00, 0x01, 0x00, 0x00, 0x40, 0x00, 0x00, 0x27, 0x2d, 0x05, 0x00, 
0x0b, 0x01, 0x28, 0x00, 0x0c, 0x01, 0x28, 0x00, 0x0a, 0x01, 0x28, 0x00, 0x06, 0x40, 0x00, 0x00, 
0x01, 0x00, 0x00, 0x00, 0x05, 0x40, 0x00, 0x00, 0x08, 0x13, 0x00, 0x00, 0x04, 0x40, 0x00, 0x00, 
0x74, 0x00, 0x00, 0x00, 0x09, 0x01, 0x94, 0xff, 0x05, 0x01, 0x01, 0x00, 0x10, 0x40, 0x00, 0x00, 
0x90, 0x01, 0x09, 0x00, 0x16, 0x40, 0x00, 0x00, 0x40, 0x01, 0x00, 0x00, 0x15, 0x40, 0x00, 0x00, 
0x40, 0x01, 0x00, 0x00, 0x14, 0x40, 0x00, 0x00, 0x10, 0x00, 0x00, 0x00, 0x14, 0x01, 0x41, 0x00, 
0x21, 0x01, 0x02, 0x00, 0x20, 0x01, 0x02, 0x00, 0x22, 0x01, 0x07, 0x00, 0x20, 0x40, 0x00, 0x00, 
0xd0, 0x81, 0x00, 0x00, 0x22, 0x40, 0x00, 0x00, 0xc0, 0x81, 0x00, 0x00, 0x16, 0x01, 0x05, 0x00, 
0x15, 0x01, 0x0b, 0x00, 0x17, 0x01, 0x07, 0x00, 0x02, 0x00, 0x00, 0x00, 0x00, 0x40, 0x00, 0x00, 
0x90, 0x01, 0x09, 0x00, 0x0b, 0x01, 0x13, 0x00, 0x0c, 0x01, 0x13, 0x00, 0x0a, 0x01, 0x13, 0x00, 
0x06, 0x40, 0x00, 0x00, 0x40, 0x01, 0x00, 0x00, 0x05, 0x40, 0x00, 0x00, 0x40, 0x01, 0x00, 0x00, 
0x04, 0x40, 0x00, 0x00, 0x10, 0x00, 0x00, 0x00, 0x09, 0x01, 0xf1, 0xff, 0x05, 0x01, 0x41, 0x00, 
0x10, 0x40, 0x00, 0x00, 0x77, 0x4c, 0x08, 0x00, 0x16, 0x40, 0x00, 0x00, 0x01, 0x00, 0x00, 0x00, 
0x15, 0x40, 0x00, 0x00, 0x10, 0x09, 0x00, 0x00, 0x14, 0x40, 0x00, 0x00, 0x74, 0x00, 0x00, 0x00, 
0x14, 0x01, 0x01, 0x81, 0x21, 0x01, 0x00, 0x00, 0x20, 0x01, 0x00, 0x00, 0x22, 0x01, 0x00, 0x00, 
0x16, 0x01, 0x03, 0x00, 0x15, 0x01, 0x03, 0x00, 0x17, 0x01, 0x77, 0x00, 0x05, 0x00, 0x01, 0x00, 
0x00, 0x40, 0x00, 0x00, 0x28, 0x2d, 0x05, 0x00, 0x0b, 0x01, 0x28, 0x00, 0x0c, 0x01, 0x28, 0x00, 
0x0a, 0x01, 0x28, 0x00, 0x06, 0x40, 0x00, 0x00, 0x01, 0x00, 0x00, 0x00, 0x05, 0x40, 0x00, 0x00, 
0x08, 0x13, 0x00, 0x00, 0x04, 0x40, 0x00, 0x00, 0x74, 0x00, 0x00, 0x00, 0x09, 0x01, 0x94, 0xff, 
0x05, 0x01, 0x01, 0x00, 0x10, 0x40, 0x00, 0x00, 0x90, 0x01, 0x09, 0x00, 0x16, 0x40, 0x00, 0x00, 
0x40, 0x01, 0x00, 0x00, 0x15, 0x40, 0x00, 0x00, 0x40, 0x01, 0x00, 0x00, 0x14, 0x40, 0x00, 0x00, 
0x10, 0x00, 0x00, 0x00, 0x14, 0x01, 0x41, 0x00, 0x21, 0x01, 0x02, 0x00, 0x20, 0x01, 0x02, 0x00, 
0x22, 0x01, 0x07, 0x00, 0x20, 0x40, 0x00, 0x00, 0x10, 0x82, 0x00, 0x00, 0x22, 0x40, 0x00, 0x00, 
0x00, 0x82, 0x00, 0x00, 0x16, 0x01, 0x05, 0x00, 0x15, 0x01, 0x0b, 0x00, 0x17, 0x01, 0x07, 0x00, 
0x02, 0x00, 0x00, 0x00, 0x00, 0x40, 0x00, 0x00, 0x90, 0x01, 0x09, 0x00, 0x0b, 0x01, 0x13, 0x00, 
0x0c, 0x01, 0x13, 0x00, 0x0a, 0x01, 0x13, 0x00, 0x06, 0x40, 0x00, 0x00, 0x40, 0x01, 0x00, 0x00, 
0x05, 0x40, 0x00, 0x00, 0x40, 0x01, 0x00, 0x00, 0x04, 0x40, 0x00, 0x00, 0x10, 0x00, 0x00, 0x00, 
0x09, 0x01, 0xf1, 0xff, 0x05, 0x01, 0x41, 0x00, 0x10, 0x40, 0x00, 0x00, 0x78, 0x4c, 0x08, 0x00, 
0x16, 0x40, 0x00, 0x00, 0x01, 0x00, 0x00, 0x00, 0x15, 0x40, 0x00, 0x00, 0x10, 0x09, 0x00, 0x00, 
0x14, 0x40, 0x00, 0x00, 0x74, 0x00, 0x00, 0x00, 0x14, 0x01, 0x01, 0x81, 0x21, 0x01, 0x00, 0x00, 
0x20, 0x01, 0x00, 0x00, 0x22, 0x01, 0x00, 0x00, 0x16, 0x01, 0x03, 0x00, 0x15, 0x01, 0x03, 0x00, 
0x17, 0x01, 0x77, 0x00, 0x05, 0x00, 0x01, 0x00, 0x00, 0x40, 0x00, 0x00, 0x29, 0x2d, 0x05, 0x00, 
0x0b, 0x01, 0x28, 0x00, 0x0c, 0x01, 0x28, 0x00, 0x0a, 0x01, 0x28, 0x00, 0x06, 0x40, 0x00, 0x00, 
0x01, 0x00, 0x00, 0x00, 0x05, 0x40, 0x00, 0x00, 0x08, 0x13, 0x00, 0x00, 0x04, 0x40, 0x00, 0x00, 
0x74, 0x00, 0x00, 0x00, 0x09, 0x01, 0x94, 0xff, 0x05, 0x01, 0x01, 0x00, 0x10, 0x40, 0x00, 0x00, 
0x90, 0x01, 0x09, 0x00, 0x16, 0x40, 0x00, 0x00, 0x40, 0x01, 0x00, 0x00, 0x15, 0x40, 0x00, 0x00, 
0x40, 0x01, 0x00, 0x00, 0x14, 0x40, 0x00, 0x00, 0x10, 0x00, 0x00, 0x00, 0x14, 0x01, 0x41, 0x00, 
0x21, 0x01, 0x02, 0x00, 0x20, 0x01, 0x02, 0x00, 0x22, 0x01, 0x07, 0x00, 0x20, 0x40, 0x00, 0x00, 
0x50, 0x82, 0x00, 0x00, 0x22, 0x40, 0x00, 0x00, 0x40, 0x82, 0x00, 0x00, 0x16, 0x01, 0x05, 0x00, 
0x15, 0x01, 0x0b, 0x00, 0x17, 0x01, 0x07, 0x00, 0x02, 0x00, 0x00, 0x00, 0x00, 0x40, 0x00, 0x00, 
0x90, 0x01, 0x09, 0x00, 0x0b, 0x01, 0x13, 0x00, 0x0c, 0x01, 0x13, 0x00, 0x0a, 0x01, 0x13, 0x00, 
0x06, 0x40, 0x00, 0x00, 0x40, 0x01, 0x00, 0x00, 0x05, 0x40, 0x00, 0x00, 0x40, 0x01, 0x00, 0x00, 
0x04, 0x40, 0x00, 0x00, 0x10, 0x00, 0x00, 0x00, 0x09, 0x01, 0xf1, 0xff, 0x05, 0x01, 0x41, 0x00, 
0x10, 0x40, 0x00, 0x00, 0x79, 0x4c, 0x08, 0x00, 0x16, 0x40, 0x00, 0x00, 0x01, 0x00, 0x00, 0x00, 
0x15, 0x40, 0x00, 0x00, 0x10, 0x09, 0x00, 0x00, 0x14, 0x40, 0x00, 0x00, 0x74, 0x00, 0x00, 0x00, 
0x14, 0x01, 0x01, 0x81, 0x21, 0x01, 0x00, 0x00, 0x20, 0x01, 0x00, 0x00, 0x22, 0x01, 0x00, 0x00, 
0x16, 0x01, 0x03, 0x00, 0x15, 0x01, 0x03, 0x00, 0x17, 0x01, 0x77, 0x00, 0x05, 0x00, 0x01, 0x00, 
0x00, 0x40, 0x00, 0x00, 0x2a, 0x2d, 0x05, 0x00, 0x0b, 0x01, 0x28, 0x00, 0x0c, 0x01, 0x28, 0x00, 
0x0a, 0x01, 0x28, 0x00, 0x06, 0x40, 0x00, 0x00, 0x01, 0x00, 0x00, 0x00, 0x05, 0x40, 0x00, 0x00, 
0x08, 0x13, 0x00, 0x00, 0x04, 0x40, 0x00, 0x00, 0x74, 0x00, 0x00, 0x00, 0x09, 0x01, 0x94, 0xff, 
0x05, 0x01, 0x01, 0x00, 0x10, 0x40, 0x00, 0x00, 0x90, 0x01, 0x09, 0x00, 0x16, 0x40, 0x00, 0x00, 
0x40, 0x01, 0x00, 0x00, 0x15, 0x40, 0x00, 0x00, 0x40, 0x01, 0x00, 0x00, 0x14, 0x40, 0x00, 0x00, 
0x10, 0x00, 0x00, 0x00, 0x14, 0x01, 0x41, 0x00, 0x21, 0x01, 0x02, 0x00, 0x20, 0x01, 0x02, 0x00, 
0x22, 0x01, 0x07, 0x00, 0x20, 0x40, 0x00, 0x00, 0x90, 0x82, 0x00, 0x00, 0x22, 0x40, 0x00, 0x00, 
0x80, 0x82, 0x00, 0x00, 0x16, 0x01, 0x05, 0x00, 0x15, 0x01, 0x0b, 0x00, 0x17, 0x01, 0x07, 0x00, 
0x02, 0x00, 0x00, 0x00, 0x00, 0x40, 0x00, 0x00, 0x90, 0x01, 0x09, 0x00, 0x0b, 0x01, 0x13, 0x00, 
0x0c, 0x01, 0x13, 0x00, 0x0a, 0x01, 0x13, 0x00, 0x06, 0x40, 0x00, 0x00, 0x40, 0x01, 0x00, 0x00, 
0x05, 0x40, 0x00, 0x00, 0x40, 0x01, 0x00, 0x00, 0x04, 0x40, 0x00, 0x00, 0x10, 0x00, 0x00, 0x00, 
0x09, 0x01, 0xf1, 0xff, 0x05, 0x01, 0x41, 0x00, 0x10, 0x40, 0x00, 0x00, 0x7a, 0x4c, 0x08, 0x00, 
0x16, 0x40, 0x00, 0x00, 0x01, 0x00, 0x00, 0x00, 0x15, 0x40, 0x00, 0x00, 0x10, 0x09, 0x00, 0x00, 
0x14, 0x40, 0x00, 0x00, 0x74, 0x00, 0x00, 0x00, 0x14, 0x01, 0x01, 0x81, 0x21, 0x01, 0x00, 0x00, 
0x20, 0x01, 0x00, 0x00, 0x22, 0x01, 0x00, 0x00, 0x16, 0x01, 0x03, 0x00, 0x15, 0x01, 0x03, 0x00, 
0x17, 0x01, 0x77, 0x00, 0x05, 0x00, 0x01, 0x00, 0x00, 0x40, 0x00, 0x00, 0x2b, 0x2d, 0x05, 0x00, 
0x0b, 0x01, 0x28, 0x00, 0x0c, 0x01, 0x28, 0x00, 0x0a, 0x01, 0x28, 0x00, 0x06, 0x40, 0x00, 0x00, 
0x01, 0x00, 0x00, 0x00, 0x05, 0x40, 0x00, 0x00, 0x08, 0x13, 0x00, 0x00, 0x04, 0x40, 0x00, 0x00, 
0x74, 0x00, 0x00, 0x00, 0x09, 0x01, 0x94, 0xff, 0x05, 0x01, 0x01, 0x00, 0x10, 0x40, 0x00, 0x00, 
0x90, 0x01, 0x09, 0x00, 0x16, 0x40, 0x00, 0x00, 0x40, 0x01, 0x00, 0x00, 0x15, 0x40, 0x00, 0x00, 
0x40, 0x01, 0x00, 0x00, 0x14, 0x40, 0x00, 0x00, 0x10, 0x00, 0x00, 0x00, 0x14, 0x01, 0x41, 0x00, 
0x21, 0x01, 0x02, 0x00, 0x20, 0x01, 0x02, 0x00, 0x22, 0x01, 0x07, 0x00, 0x20, 0x40, 0x00, 0x00, 
0xd0, 0x82, 0x00, 0x00, 0x22, 0x40, 0x00, 0x00, 0xc0, 0x82, 0x00, 0x00, 0x16, 0x01, 0x05, 0x00, 
0x15, 0x01, 0x0b, 0x00, 0x17, 0x01, 0x07, 0x00, 0x02, 0x00, 0x00, 0x00, 0x00, 0x40, 0x00, 0x00, 
0x90, 0x01, 0x09, 0x00, 0x0b, 0x01, 0x13, 0x00, 0x0c, 0x01, 0x13, 0x00, 0x0a, 0x01, 0x13, 0x00, 
0x06, 0x40, 0x00, 0x00, 0x40, 0x01, 0x00, 0x00, 0x05, 0x40, 0x00, 0x00, 0x40, 0x01, 0x00, 0x00, 
0x04, 0x40, 0x00, 0x00, 0x10, 0x00, 0x00, 0x00, 0x09, 0x01, 0xf1, 0xff, 0x05, 0x01, 0x41, 0x00, 
0x10, 0x40, 0x00, 0x00, 0x7b, 0x4c, 0x08, 0x00, 0x16, 0x40, 0x00, 0x00, 0x01, 0x00, 0x00, 0x00, 
0x15, 0x40, 0x00, 0x00, 0x10, 0x09, 0x00, 0x00, 0x14, 0x40, 0x00, 0x00, 0x74, 0x00, 0x00, 0x00, 
0x14, 0x01, 0x01, 0x81, 0x21, 0x01, 0x00, 0x00, 0x20, 0x01, 0x00, 0x00, 0x22, 0x01, 0x00, 0x00, 
0x16, 0x01, 0x03, 0x00, 0x15, 0x01, 0x03, 0x00, 0x17, 0x01, 0x77, 0x00, 0x05, 0x00, 0x01, 0x00, 
0x00, 0x40, 0x00, 0x00, 0x2c, 0x2d, 0x05, 0x00, 0x0b, 0x01, 0x28, 0x00, 0x0c, 0x01, 0x28, 0x00, 
0x0a, 0x01, 0x28, 0x00, 0x06, 0x40, 0x00, 0x00, 0x01, 0x00, 0x00, 0x00, 0x05, 0x40, 0x00, 0x00, 
0x08, 0x13, 0x00, 0x00, 0x04, 0x40, 0x00, 0x00, 0x74, 0x00, 0x00, 0x00, 0x09, 0x01, 0x94, 0xff, 
0x05, 0x01, 0x01, 0x00, 0x10, 0x40, 0x00, 0x00, 0x90, 0x01, 0x09, 0x00, 0x16, 0x40, 0x00, 0x00, 
0x40, 0x01, 0x00, 0x00, 0x15, 0x40, 0x00, 0x00, 0x40, 0x01, 0x00, 0x00, 0x14, 0x40, 0x00, 0x00, 
0x10, 0x00, 0x00, 0x00, 0x14, 0x01, 0x41, 0x00, 0x21, 0x01, 0x02, 0x00, 0x20, 0x01, 0x02, 0x00, 
0x22, 0x01, 0x07, 0x00, 0x20, 0x40, 0x00, 0x00, 0x10, 0x83, 0x00, 0x00, 0x22, 0x40, 0x00, 0x00, 
0x00, 0x83, 0x00, 0x00, 0x16, 0x01, 0x05, 0x00, 0x15, 0x01, 0x0b, 0x00, 0x17, 0x01, 0x07, 0x00, 
0x02, 0x00, 0x00, 0x00, 0x00, 0x40, 0x00, 0x00, 0x90, 0x01, 0x09, 0x00, 0x0b, 0x01, 0x13, 0x00, 
0x0c, 0x01, 0x13, 0x00, 0x0a, 0x01, 0x13, 0x00, 0x06, 0x40, 0x00, 0x00, 0x40, 0x01, 0x00, 0x00, 
0x05, 0x40, 0x00, 0x00, 0x40, 0x01, 0x00, 0x00, 0x04, 0x40, 0x00, 0x00, 0x10, 0x00, 0x00, 0x00, 
0x09, 0x01, 0xf1, 0xff, 0x05, 0x01, 0x41, 0x00, 0x10, 0x40, 0x00, 0x00, 0x7c, 0x4c, 0x08, 0x00, 
0x16, 0x40, 0x00, 0x00, 0x01, 0x00, 0x00, 0x00, 0x15, 0x40, 0x00, 0x00, 0x10, 0x09, 0x00, 0x00, 
0x14, 0x40, 0x00, 0x00, 0x74, 0x00, 0x00, 0x00, 0x14, 0x01, 0x01, 0x81, 0x21, 0x01, 0x00, 0x00, 
0x20, 0x01, 0x00, 0x00, 0x22, 0x01, 0x00, 0x00, 0x16, 0x01, 0x03, 0x00, 0x15, 0x01, 0x03, 0x00, 
0x17, 0x01, 0x77, 0x00, 0x05, 0x00, 0x01, 0x00, 0x00, 0x40, 0x00, 0x00, 0x2d, 0x2d, 0x05, 0x00, 
0x0b, 0x01, 0x28, 0x00, 0x0c, 0x01, 0x28, 0x00, 0x0a, 0x01, 0x28, 0x00, 0x06, 0x40, 0x00, 0x00, 
0x01, 0x00, 0x00, 0x00, 0x05, 0x40, 0x00, 0x00, 0x08, 0x13, 0x00, 0x00, 0x04, 0x40, 0x00, 0x00, 
0x74, 0x00, 0x00, 0x00, 0x09, 0x01, 0x94, 0xff, 0x05, 0x01, 0x01, 0x00, 0x10, 0x40, 0x00, 0x00, 
0x90, 0x01, 0x09, 0x00, 0x16, 0x40, 0x00, 0x00, 0x40, 0x01, 0x00, 0x00, 0x15, 0x40, 0x00, 0x00, 
0x40, 0x01, 0x00, 0x00, 0x14, 0x40, 0x00, 0x00, 0x10, 0x00, 0x00, 0x00, 0x14, 0x01, 0x41, 0x00, 
0x21, 0x01, 0x02, 0x00, 0x20, 0x01, 0x02, 0x00, 0x22, 0x01, 0x07, 0x00, 0x20, 0x40, 0x00, 0x00, 
0x50, 0x83, 0x00, 0x00, 0x22, 0x40, 0x00, 0x00, 0x40, 0x83, 0x00, 0x00, 0x16, 0x01, 0x05, 0x00, 
0x15, 0x01, 0x0b, 0x00, 0x17, 0x01, 0x07, 0x00, 0x02, 0x00, 0x00, 0x00, 0x00, 0x40, 0x00, 0x00, 
0x90, 0x01, 0x09, 0x00, 0x0b, 0x01, 0x13, 0x00, 0x0c, 0x01, 0x13, 0x00, 0x0a, 0x01, 0x13, 0x00, 
0x06, 0x40, 0x00, 0x00, 0x40, 0x01, 0x00, 0x00, 0x05, 0x40, 0x00, 0x00, 0x40, 0x01, 0x00, 0x00, 
0x04, 0x40, 0x00, 0x00, 0x10, 0x00, 0x00, 0x00, 0x09, 0x01, 0xf1, 0xff, 0x05, 0x01, 0x41, 0x00, 
0x10, 0x40, 0x00, 0x00, 0x7d, 0x4c, 0x08, 0x00, 0x16, 0x40, 0x00, 0x00, 0x01, 0x00, 0x00, 0x00, 
0x15, 0x40, 0x00, 0x00, 0x10, 0x09, 0x00, 0x00, 0x14, 0x40, 0x00, 0x00, 0x74, 0x00, 0x00, 0x00, 
0x14, 0x01, 0x01, 0x81, 0x21, 0x01, 0x00, 0x00, 0x20, 0x01, 0x00, 0x00, 0x22, 0x01, 0x00, 0x00, 
0x16, 0x01, 0x03, 0x00, 0x15, 0x01, 0x03, 0x00, 0x17, 0x01, 0x77, 0x00, 0x05, 0x00, 0x01, 0x00, 
0x00, 0x40, 0x00, 0x00, 0x2e, 0x2d, 0x05, 0x00, 0x0b, 0x01, 0x28, 0x00, 0x0c, 0x01, 0x28, 0x00, 
0x0a, 0x01, 0x28, 0x00, 0x06, 0x40, 0x00, 0x00, 0x01, 0x00, 0x00, 0x00, 0x05, 0x40, 0x00, 0x00, 
0x08, 0x13, 0x00, 0x00, 0x04, 0x40, 0x00, 0x00, 0x74, 0x00, 0x00, 0x00, 0x09, 0x01, 0x94, 0xff, 
0x05, 0x01, 0x01, 0x00, 0x10, 0x40, 0x00, 0x00, 0x90, 0x01, 0x09, 0x00, 0x16, 0x40, 0x00, 0x00, 
0x40, 0x01, 0x00, 0x00, 0x15, 0x40, 0x00, 0x00, 0x40, 0x01, 0x00, 0x00, 0x14, 0x40, 0x00, 0x00, 
0x10, 0x00, 0x00, 0x00, 0x14, 0x01, 0x41, 0x00, 0x21, 0x01, 0x02, 0x00, 0x20, 0x01, 0x02, 0x00, 
0x22, 0x01, 0x07, 0x00, 0x20, 0x40, 0x00, 0x00, 0x90, 0x83, 0x00, 0x00, 0x22, 0x40, 0x00, 0x00, 
0x80, 0x83, 0x00, 0x00, 0x16, 0x01, 0x05, 0x00, 0x15, 0x01, 0x0b, 0x00, 0x17, 0x01, 0x07, 0x00, 
0x02, 0x00, 0x00, 0x00, 0x00, 0x40, 0x00, 0x00, 0x90, 0x01, 0x09, 0x00, 0x0b, 0x01, 0x13, 0x00, 
0x0c, 0x01, 0x13, 0x00, 0x0a, 0x01, 0x13, 0x00, 0x06, 0x40, 0x00, 0x00, 0x40, 0x01, 0x00, 0x00, 
0x05, 0x40, 0x00, 0x00, 0x40, 0x01, 0x00, 0x00, 0x04, 0x40, 0x00, 0x00, 0x10, 0x00, 0x00, 0x00, 
0x09, 0x01, 0xf1, 0xff, 0x05, 0x01, 0x41, 0x00, 0x10, 0x40, 0x00, 0x00, 0x7e, 0x4c, 0x08, 0x00, 
0x16, 0x40, 0x00, 0x00, 0x01, 0x00, 0x00, 0x00, 0x15, 0x40, 0x00, 0x00, 0x10, 0x09, 0x00, 0x00, 
0x14, 0x40, 0x00, 0x00, 0x74, 0x00, 0x00, 0x00, 0x14, 0x01, 0x01, 0x81, 0x21, 0x01, 0x00, 0x00, 
0x20, 0x01, 0x00, 0x00, 0x22, 0x01, 0x00, 0x00, 0x16, 0x01, 0x03, 0x00, 0x15, 0x01, 0x03, 0x00, 
0x17, 0x01, 0x77, 0x00, 0x05, 0x00, 0x01, 0x00, 0x00, 0x40, 0x00, 0x00, 0x2f, 0x2d, 0x05, 0x00, 
0x0b, 0x01, 0x28, 0x00, 0x0c, 0x01, 0x28, 0x00, 0x0a, 0x01, 0x28, 0x00, 0x06, 0x40, 0x00, 0x00, 
0x01, 0x00, 0x00, 0x00, 0x05, 0x40, 0x00, 0x00, 0x08, 0x13, 0x00, 0x00, 0x04, 0x40, 0x00, 0x00, 
0x74, 0x00, 0x00, 0x00, 0x09, 0x01, 0x94, 0xff, 0x05, 0x01, 0x01, 0x00, 0x10, 0x40, 0x00, 0x00, 
0x90, 0x01, 0x09, 0x00, 0x16, 0x40, 0x00, 0x00, 0x40, 0x01, 0x00, 0x00, 0x15, 0x40, 0x00, 0x00, 
0x40, 0x01, 0x00, 0x00, 0x14, 0x40, 0x00, 0x00, 0x10, 0x00, 0x00, 0x00, 0x14, 0x01, 0x41, 0x00, 
0x21, 0x01, 0x02, 0x00, 0x20, 0x01, 0x02, 0x00, 0x22, 0x01, 0x07, 0x00, 0x20, 0x40, 0x00, 0x00, 
0xd0, 0x83, 0x00, 0x00, 0x22, 0x40, 0x00, 0x00, 0xc0, 0x83, 0x00, 0x00, 0x16, 0x01, 0x05, 0x00, 
0x15, 0x01, 0x0b, 0x00, 0x17, 0x01, 0x07, 0x00, 0x02, 0x00, 0x00, 0x00, 0x00, 0x40, 0x00, 0x00, 
0x90, 0x01, 0x09, 0x00, 0x0b, 0x01, 0x13, 0x00, 0x0c, 0x01, 0x13, 0x00, 0x0a, 0x01, 0x13, 0x00, 
0x06, 0x40, 0x00, 0x00, 0x40, 0x01, 0x00, 0x00, 0x05, 0x40, 0x00, 0x00, 0x40, 0x01, 0x00, 0x00, 
0x04, 0x40, 0x00, 0x00, 0x10, 0x00, 0x00, 0x00, 0x09, 0x01, 0xf1, 0xff, 0x05, 0x01, 0x41, 0x00, 
0x10, 0x40, 0x00, 0x00, 0x7f, 0x4c, 0x08, 0x00, 0x16, 0x40, 0x00, 0x00, 0x01, 0x00, 0x00, 0x00, 
0x15, 0x40, 0x00, 0x00, 0x10, 0x09, 0x00, 0x00, 0x14, 0x40, 0x00, 0x00, 0x74, 0x00, 0x00, 0x00, 
0x14, 0x01, 0x01, 0x81, 0x21, 0x01, 0x00, 0x00, 0x20, 0x01, 0x00, 0x00, 0x22, 0x01, 0x00, 0x00, 
0x16, 0x01, 0x03, 0x00, 0x15, 0x01, 0x03, 0x00, 0x17, 0x01, 0x77, 0x00, 0x05, 0x00, 0x01, 0x00, 
0x00, 0x40, 0x00, 0x00, 0x30, 0x2d, 0x05, 0x00, 0x0b, 0x01, 0x28, 0x00, 0x0c, 0x01, 0x28, 0x00, 
0x0a, 0x01, 0x28, 0x00, 0x06, 0x40, 0x00, 0x00, 0x01, 0x00, 0x00, 0x00, 0x05, 0x40, 0x00, 0x00, 
0x08, 0x13, 0x00, 0x00, 0x04, 0x40, 0x00, 0x00, 0x74, 0x00, 0x00, 0x00, 0x09, 0x01, 0x94, 0xff, 
0x05, 0x01, 0x01, 0x00, 0x10, 0x40, 0x00, 0x00, 0x90, 0x01, 0x09, 0x00, 0x16, 0x40, 0x00, 0x00, 
0x40, 0x01, 0x00, 0x00, 0x15, 0x40, 0x00, 0x00, 0x40, 0x01, 0x00, 0x00, 0x14, 0x40, 0x00, 0x00, 
0x10, 0x00, 0x00, 0x00, 0x14, 0x01, 0x41, 0x00, 0x21, 0x01, 0x02, 0x00, 0x20, 0x01, 0x02, 0x00, 
0x22, 0x01, 0x07, 0x00, 0x20, 0x40, 0x00, 0x00, 0x10, 0x84, 0x00, 0x00, 0x22, 0x40, 0x00, 0x00, 
0x00, 0x84, 0x00, 0x00, 0x16, 0x01, 0x05, 0x00, 0x15, 0x01, 0x0b, 0x00, 0x17, 0x01, 0x07, 0x00, 
0x02, 0x00, 0x00, 0x00, 0x00, 0x40, 0x00, 0x00, 0x90, 0x01, 0x09, 0x00, 0x0b, 0x01, 0x13, 0x00, 
0x0c, 0x01, 0x13, 0x00, 0x0a, 0x01, 0x13, 0x00, 0x06, 0x40, 0x00, 0x00, 0x40, 0x01, 0x00, 0x00, 
0x05, 0x40, 0x00, 0x00, 0x40, 0x01, 0x00, 0x00, 0x04, 0x40, 0x00, 0x00, 0x10, 0x00, 0x00, 0x00, 
0x09, 0x01, 0xf1, 0xff, 0x05, 0x01, 0x41, 0x00, 0x10, 0x40, 0x00, 0x00, 0x80, 0x4c, 0x08, 0x00, 
0x16, 0x40, 0x00, 0x00, 0x01, 0x00, 0x00, 0x00, 0x15, 0x40, 0x00, 0x00, 0x10, 0x09, 0x00, 0x00, 
0x14, 0x40, 0x00, 0x00, 0x74, 0x00, 0x00, 0x00, 0x14, 0x01, 0x01, 0x81, 0x21, 0x01, 0x00, 0x00, 
0x20, 0x01, 0x00, 0x00, 0x22, 0x01, 0x00, 0x00, 0x16, 0x01, 0x03, 0x00, 0x15, 0x01, 0x03, 0x00, 
0x17, 0x01, 0x77, 0x00, 0x05, 0x00, 0x01, 0x00, 0x00, 0x40, 0x00, 0x00, 0x31, 0x2d, 0x05, 0x00, 
0x0b, 0x01, 0x28, 0x00, 0x0c, 0x01, 0x28, 0x00, 0x0a, 0x01, 0x28, 0x00, 0x06, 0x40, 0x00, 0x00, 
0x01, 0x00, 0x00, 0x00, 0x05, 0x40, 0x00, 0x00, 0x08, 0x13, 0x00, 0x00, 0x04, 0x40, 0x00, 0x00, 
0x74, 0x00, 0x00, 0x00, 0x09, 0x01, 0x94, 0xff, 0x05, 0x01, 0x01, 0x00, 0x10, 0x40, 0x00, 0x00, 
0x90, 0x01, 0x09, 0x00, 0x16, 0x40, 0x00, 0x00, 0x40, 0x01, 0x00, 0x00, 0x15, 0x40, 0x00, 0x00, 
0x40, 0x01, 0x00, 0x00, 0x14, 0x40, 0x00, 0x00, 0x10, 0x00, 0x00, 0x00, 0x14, 0x01, 0x41, 0x00, 
0x21, 0x01, 0x02, 0x00, 0x20, 0x01, 0x02, 0x00, 0x22, 0x01, 0x07, 0x00, 0x20, 0x40, 0x00, 0x00, 
0x50, 0x84, 0x00, 0x00, 0x22, 0x40, 0x00, 0x00, 0x40, 0x84, 0x00, 0x00, 0x16, 0x01, 0x05, 0x00, 
0x15, 0x01, 0x0b, 0x00, 0x17, 0x01, 0x07, 0x00, 0x02, 0x00, 0x00, 0x00, 0x00, 0x40, 0x00, 0x00, 
0x90, 0x01, 0x09, 0x00, 0x0b, 0x01, 0x13, 0x00, 0x0c, 0x01, 0x13, 0x00, 0x0a, 0x01, 0x13, 0x00, 
0x06, 0x40, 0x00, 0x00, 0x40, 0x01, 0x00, 0x00, 0x05, 0x40, 0x00, 0x00, 0x40, 0x01, 0x00, 0x00, 
0x04, 0x40, 0x00, 0x00, 0x10, 0x00, 0x00, 0x00, 0x09, 0x01, 0xf1, 0xff, 0x05, 0x01, 0x41, 0x00, 
0x10, 0x40, 0x00, 0x00, 0x81, 0x4c, 0x08, 0x00, 0x16, 0x40, 0x00, 0x00, 0x01, 0x00, 0x00, 0x00, 
0x15, 0x40, 0x00, 0x00, 0x10, 0x09, 0x00, 0x00, 0x14, 0x40, 0x00, 0x00, 0x74, 0x00, 0x00, 0x00, 
0x14, 0x01, 0x01, 0x81, 0x21, 0x01, 0x00, 0x00, 0x20, 0x01, 0x00, 0x00, 0x22, 0x01, 0x00, 0x00, 
0x16, 0x01, 0x03, 0x00, 0x15, 0x01, 0x03, 0x00, 0x17, 0x01, 0x77, 0x00, 0x05, 0x00, 0x01, 0x00, 
0x00, 0x40, 0x00, 0x00, 0x32, 0x2d, 0x05, 0x00, 0x0b, 0x01, 0x28, 0x00, 0x0c, 0x01, 0x28, 0x00, 
0x0a, 0x01, 0x28, 0x00, 0x06, 0x40, 0x00, 0x00, 0x01, 0x00, 0x00, 0x00, 0x05, 0x40, 0x00, 0x00, 
0x08, 0x13, 0x00, 0x00, 0x04, 0x40, 0x00, 0x00, 0x74, 0x00, 0x00, 0x00, 0x09, 0x01, 0x94, 0xff, 
0x05, 0x01, 0x01, 0x00, 0x10, 0x40, 0x00, 0x00, 0x90, 0x01, 0x09, 0x00, 0x16, 0x40, 0x00, 0x00, 
0x40, 0x01, 0x00, 0x00, 0x15, 0x40, 0x00, 0x00, 0x40, 0x01, 0x00, 0x00, 0x14, 0x40, 0x00, 0x00, 
0x10, 0x00, 0x00, 0x00, 0x14, 0x01, 0x41, 0x00, 0x21, 0x01, 0x02, 0x00, 0x20, 0x01, 0x02, 0x00, 
0x22, 0x01, 0x07, 0x00, 0x20, 0x40, 0x00, 0x00, 0x90, 0x84, 0x00, 0x00, 0x22, 0x40, 0x00, 0x00, 
0x80, 0x84, 0x00, 0x00, 0x16, 0x01, 0x05, 0x00, 0x15, 0x01, 0x0b, 0x00, 0x17, 0x01, 0x07, 0x00, 
0x02, 0x00, 0x00, 0x00, 0x00, 0x40, 0x00, 0x00, 0x90, 0x01, 0x09, 0x00, 0x0b, 0x01, 0x13, 0x00, 
0x0c, 0x01, 0x13, 0x00, 0x0a, 0x01, 0x13, 0x00, 0x06, 0x40, 0x00, 0x00, 0x40, 0x01, 0x00, 0x00, 
0x05, 0x40, 0x00, 0x00, 0x40, 0x01, 0x00, 0x00, 0x04, 0x40, 0x00, 0x00, 0x10, 0x00, 0x00, 0x00, 
0x09, 0x01, 0xf1, 0xff, 0x05, 0x01, 0x41, 0x00, 0x10, 0x40, 0x00, 0x00, 0x82, 0x4c, 0x08, 0x00, 
0x16, 0x40, 0x00, 0x00, 0x01, 0x00, 0x00, 0x00, 0x15, 0x40, 0x00, 0x00, 0x10, 0x09, 0x00, 0x00, 
0x14, 0x40, 0x00, 0x00, 0x74, 0x00, 0x00, 0x00, 0x14, 0x01, 0x01, 0x81, 0x21, 0x01, 0x00, 0x00, 
0x20, 0x01, 0x00, 0x00, 0x22, 0x01, 0x00, 0x00, 0x16, 0x01, 0x03, 0x00, 0x15, 0x01, 0x03, 0x00, 
0x17, 0x01, 0x77, 0x00, 0x05, 0x00, 0x01, 0x00, 0x00, 0x40, 0x00, 0x00, 0x33, 0x2d, 0x05, 0x00, 
0x0b, 0x01, 0x28, 0x00, 0x0c, 0x01, 0x28, 0x00, 0x0a, 0x01, 0x28, 0x00, 0x06, 0x40, 0x00, 0x00, 
0x01, 0x00, 0x00, 0x00, 0x05, 0x40, 0x00, 0x00, 0x08, 0x13, 0x00, 0x00, 0x04, 0x40, 0x00, 0x00, 
0x74, 0x00, 0x00, 0x00, 0x09, 0x01, 0x94, 0xff, 0x05, 0x01, 0x01, 0x00, 0x10, 0x40, 0x00, 0x00, 
0x90, 0x01, 0x09, 0x00, 0x16, 0x40, 0x00, 0x00, 0x40, 0x01, 0x00, 0x00, 0x15, 0x40, 0x00, 0x00, 
0x40, 0x01, 0x00, 0x00, 0x14, 0x40, 0x00, 0x00, 0x10, 0x00, 0x00, 0x00, 0x14, 0x01, 0x41, 0x00, 
0x21, 0x01, 0x02, 0x00, 0x20, 0x01, 0x02, 0x00, 0x22, 0x01, 0x07, 0x00, 0x20, 0x40, 0x00, 0x00, 
0xd0, 0x84, 0x00, 0x00, 0x22, 0x40, 0x00, 0x00, 0xc0, 0x84, 0x00, 0x00, 0x16, 0x01, 0x05, 0x00, 
0x15, 0x01, 0x0b, 0x00, 0x17, 0x01, 0x07, 0x00, 0x02, 0x00, 0x00, 0x00, 0x00, 0x40, 0x00, 0x00, 
0x90, 0x01, 0x09, 0x00, 0x0b, 0x01, 0x13, 0x00, 0x0c, 0x01, 0x13, 0x00, 0x0a, 0x01, 0x13, 0x00, 
0x06, 0x40, 0x00, 0x00, 0x40, 0x01, 0x00, 0x00, 0x05, 0x40, 0x00, 0x00, 0x40, 0x01, 0x00, 0x00, 
0x04, 0x40, 0x00, 0x00, 0x10, 0x00, 0x00, 0x00, 0x09, 0x01, 0xf1, 0xff, 0x05, 0x01, 0x41, 0x00, 
0x10, 0x40, 0x00, 0x00, 0x83, 0x4c, 0x08, 0x00, 0x16, 0x40, 0x00, 0x00, 0x01, 0x00, 0x00, 0x00, 
0x15, 0x40, 0x00, 0x00, 0x10, 0x09, 0x00, 0x00, 0x14, 0x40, 0x00, 0x00, 0x74, 0x00, 0x00, 0x00, 
0x14, 0x01, 0x01, 0x81, 0x21, 0x01, 0x00, 0x00, 0x20, 0x01, 0x00, 0x00, 0x22, 0x01, 0x00, 0x00, 
0x16, 0x01, 0x03, 0x00, 0x15, 0x01, 0x03, 0x00, 0x17, 0x01, 0x77, 0x00, 0x05, 0x00, 0x01, 0x00, 
0x00, 0x40, 0x00, 0x00, 0x34, 0x2d, 0x05, 0x00, 0x0b, 0x01, 0x28, 0x00, 0x0c, 0x01, 0x28, 0x00, 
0x0a, 0x01, 0x28, 0x00, 0x06, 0x40, 0x00, 0x00, 0x01, 0x00, 0x00, 0x00, 0x05, 0x40, 0x00, 0x00, 
0x08, 0x13, 0x00, 0x00, 0x04, 0x40, 0x00, 0x00, 0x74, 0x00, 0x00, 0x00, 0x09, 0x01, 0x94, 0xff, 
0x05, 0x01, 0x01, 0x00, 0x10, 0x40, 0x00, 0x00, 0x90, 0x01, 0x09, 0x00, 0x16, 0x40, 0x00, 0x00, 
0x40, 0x01, 0x00, 0x00, 0x15, 0x40, 0x00, 0x00, 0x40, 0x01, 0x00, 0x00, 0x14, 0x40, 0x00, 0x00, 
0x10, 0x00, 0x00, 0x00, 0x14, 0x01, 0x41, 0x00, 0x21, 0x01, 0x02, 0x00, 0x20, 0x01, 0x02, 0x00, 
0x22, 0x01, 0x07, 0x00, 0x20, 0x40, 0x00, 0x00, 0x10, 0x85, 0x00, 0x00, 0x22, 0x40, 0x00, 0x00, 
0x00, 0x85, 0x00, 0x00, 0x16, 0x01, 0x05, 0x00, 0x15, 0x01, 0x0b, 0x00, 0x17, 0x01, 0x07, 0x00, 
0x02, 0x00, 0x00, 0x00, 0x00, 0x40, 0x00, 0x00, 0x90, 0x01, 0x09, 0x00, 0x0b, 0x01, 0x13, 0x00, 
0x0c, 0x01, 0x13, 0x00, 0x0a, 0x01, 0x13, 0x00, 0x06, 0x40, 0x00, 0x00, 0x40, 0x01, 0x00, 0x00, 
0x05, 0x40, 0x00, 0x00, 0x40, 0x01, 0x00, 0x00, 0x04, 0x40, 0x00, 0x00, 0x10, 0x00, 0x00, 0x00, 
0x09, 0x01, 0xf1, 0xff, 0x05, 0x01, 0x41, 0x00, 0x10, 0x40, 0x00, 0x00, 0x84, 0x4c, 0x08, 0x00, 
0x16, 0x40, 0x00, 0x00, 0x01, 0x00, 0x00, 0x00, 0x15, 0x40, 0x00, 0x00, 0x10, 0x09, 0x00, 0x00, 
0x14, 0x40, 0x00, 0x00, 0x74, 0x00, 0x00, 0x00, 0x14, 0x01, 0x01, 0x81, 0x21, 0x01, 0x00, 0x00, 
0x20, 0x01, 0x00, 0x00, 0x22, 0x01, 0x00, 0x00, 0x16, 0x01, 0x03, 0x00, 0x15, 0x01, 0x03, 0x00, 
0x17, 0x01, 0x77, 0x00, 0x05, 0x00, 0x01, 0x00, 0x00, 0x40, 0x00, 0x00, 0x35, 0x2d, 0x05, 0x00, 
0x0b, 0x01, 0x28, 0x00, 0x0c, 0x01, 0x28, 0x00, 0x0a, 0x01, 0x28, 0x00, 0x06, 0x40, 0x00, 0x00, 
0x01, 0x00, 0x00, 0x00, 0x05, 0x40, 0x00, 0x00, 0x08, 0x13, 0x00, 0x00, 0x04, 0x40, 0x00, 0x00, 
0x74, 0x00, 0x00, 0x00, 0x09, 0x01, 0x94, 0xff, 0x05, 0x01, 0x01, 0x00, 0x10, 0x40, 0x00, 0x00, 
0x90, 0x01, 0x09, 0x00, 0x16, 0x40, 0x00, 0x00, 0x40, 0x01, 0x00, 0x00, 0x15, 0x40, 0x00, 0x00, 
0x40, 0x01, 0x00, 0x00, 0x14, 0x40, 0x00, 0x00, 0x10, 0x00, 0x00, 0x00, 0x14, 0x01, 0x41, 0x00, 
0x21, 0x01, 0x02, 0x00, 0x20, 0x01, 0x02, 0x00, 0x22, 0x01, 0x07, 0x00, 0x20, 0x40, 0x00, 0x00, 
0x50, 0x85, 0x00, 0x00, 0x22, 0x40, 0x00, 0x00, 0x40, 0x85, 0x00, 0x00, 0x16, 0x01, 0x05, 0x00, 
0x15, 0x01, 0x0b, 0x00, 0x17, 0x01, 0x07, 0x00, 0x02, 0x00, 0x00, 0x00, 0x00, 0x40, 0x00, 0x00, 
0x90, 0x01, 0x09, 0x00, 0x0b, 0x01, 0x13, 0x00, 0x0c, 0x01, 0x13, 0x00, 0x0a, 0x01, 0x13, 0x00, 
0x06, 0x40, 0x00, 0x00, 0x40, 0x01, 0x00, 0x00, 0x05, 0x40, 0x00, 0x00, 0x40, 0x01, 0x00, 0x00, 
0x04, 0x40, 0x00, 0x00, 0x10, 0x00, 0x00, 0x00, 0x09, 0x01, 0xf1, 0xff, 0x05, 0x01, 0x41, 0x00, 
0x10, 0x40, 0x00, 0x00, 0x85, 0x4c, 0x08, 0x00, 0x16, 0x40, 0x00, 0x00, 0x01, 0x00, 0x00, 0x00, 
0x15, 0x40, 0x00, 0x00, 0x10, 0x09, 0x00, 0x00, 0x14, 0x40, 0x00, 0x00, 0x74, 0x00, 0x00, 0x00, 
0x14, 0x01, 0x01, 0x81, 0x21, 0x01, 0x00, 0x00, 0x20, 0x01, 0x00, 0x00, 0x22, 0x01, 0x00, 0x00, 
0x16, 0x01, 0x03, 0x00, 0x15, 0x01, 0x03, 0x00, 0x17, 0x01, 0x77, 0x00, 0x05, 0x00, 0x01, 0x00, 
0x00, 0x40, 0x00, 0x00, 0x36, 0x2d, 0x05, 0x00, 0x0b, 0x01, 0x28, 0x00, 0x0c, 0x01, 0x28, 0x00, 
0x0a, 0x01, 0x28, 0x00, 0x06, 0x40, 0x00, 0x00, 0x01, 0x00, 0x00, 0x00, 0x05, 0x40, 0x00, 0x00, 
0x08, 0x13, 0x00, 0x00, 0x04, 0x40, 0x00, 0x00, 0x74, 0x00, 0x00, 0x00, 0x09, 0x01, 0x94, 0xff, 
0x05, 0x01, 0x01, 0x00, 0x10, 0x40, 0x00, 0x00, 0x90, 0x01, 0x09, 0x00, 0x16, 0x40, 0x00, 0x00, 
0x40, 0x01, 0x00, 0x00, 0x15, 0x40, 0x00, 0x00, 0x40, 0x01, 0x00, 0x00, 0x14, 0x40, 0x00, 0x00, 
0x10, 0x00, 0x00, 0x00, 0x14, 0x01, 0x41, 0x00, 0x21, 0x01, 0x02, 0x00, 0x20, 0x01, 0x02, 0x00, 
0x22, 0x01, 0x07, 0x00, 0x20, 0x40, 0x00, 0x00, 0x90, 0x85, 0x00, 0x00, 0x22, 0x40, 0x00, 0x00, 
0x80, 0x85, 0x00, 0x00, 0x16, 0x01, 0x05, 0x00, 0x15, 0x01, 0x0b, 0x00, 0x17, 0x01, 0x07, 0x00, 
0x02, 0x00, 0x00, 0x00, 0x00, 0x40, 0x00, 0x00, 0x90, 0x01, 0x09, 0x00, 0x0b, 0x01, 0x13, 0x00, 
0x0c, 0x01, 0x13, 0x00, 0x0a, 0x01, 0x13, 0x00, 0x06, 0x40, 0x00, 0x00, 0x40, 0x01, 0x00, 0x00, 
0x05, 0x40, 0x00, 0x00, 0x40, 0x01, 0x00, 0x00, 0x04, 0x40, 0x00, 0x00, 0x10, 0x00, 0x00, 0x00, 
0x09, 0x01, 0xf1, 0xff, 0x05, 0x01, 0x41, 0x00, 0x10, 0x40, 0x00, 0x00, 0x86, 0x4c, 0x08, 0x00, 
0x16, 0x40, 0x00, 0x00, 0x01, 0x00, 0x00, 0x00, 0x15, 0x40, 0x00, 0x00, 0x10, 0x09, 0x00, 0x00, 
0x14, 0x40, 0x00, 0x00, 0x74, 0x00, 0x00, 0x00, 0x14, 0x01, 0x01, 0x81, 0x21, 0x01, 0x00, 0x00, 
0x20, 0x01, 0x00, 0x00, 0x22, 0x01, 0x00, 0x00, 0x16, 0x01, 0x03, 0x00, 0x15, 0x01, 0x03, 0x00, 
0x17, 0x01, 0x77, 0x00, 0x05, 0x00, 0x01, 0x00, 0x00, 0x40, 0x00, 0x00, 0x37, 0x2d, 0x05, 0x00, 
0x0b, 0x01, 0x28, 0x00, 0x0c, 0x01, 0x28, 0x00, 0x0a, 0x01, 0x28, 0x00, 0x06, 0x40, 0x00, 0x00, 
0x01, 0x00, 0x00, 0x00, 0x05, 0x40, 0x00, 0x00, 0x08, 0x13, 0x00, 0x00, 0x04, 0x40, 0x00, 0x00, 
0x74, 0x00, 0x00, 0x00, 0x09, 0x01, 0x94, 0xff, 0x05, 0x01, 0x01, 0x00, 0x10, 0x40, 0x00, 0x00, 
0x90, 0x01, 0x09, 0x00, 0x16, 0x40, 0x00, 0x00, 0x40, 0x01, 0x00, 0x00, 0x15, 0x40, 0x00, 0x00, 
0x40, 0x01, 0x00, 0x00, 0x14, 0x40, 0x00, 0x00, 0x10, 0x00, 0x00, 0x00, 0x14, 0x01, 0x41, 0x00, 
0x21, 0x01, 0x02, 0x00, 0x20, 0x01, 0x02, 0x00, 0x22, 0x01, 0x07, 0x00, 0x20, 0x40, 0x00, 0x00, 
0xd0, 0x85, 0x00, 0x00, 0x22, 0x40, 0x00, 0x00, 0xc0, 0x85, 0x00, 0x00, 0x16, 0x01, 0x05, 0x00, 
0x15, 0x01, 0x0b, 0x00, 0x17, 0x01, 0x07, 0x00, 0x02, 0x00, 0x00, 0x00, 0x00, 0x40, 0x00, 0x00, 
0x90, 0x01, 0x09, 0x00, 0x0b, 0x01, 0x13, 0x00, 0x0c, 0x01, 0x13, 0x00, 0x0a, 0x01, 0x13, 0x00, 
0x06, 0x40, 0x00, 0x00, 0x40, 0x01, 0x00, 0x00, 0x05, 0x40, 0x00, 0x00, 0x40, 0x01, 0x00, 0x00, 
0x04, 0x40, 0x00, 0x00, 0x10, 0x00, 0x00, 0x00, 0x09, 0x01, 0xf1, 0xff, 0x05, 0x01, 0x41, 0x00, 
0x10, 0x40, 0x00, 0x00, 0x87, 0x4c, 0x08, 0x00, 0x16, 0x40, 0x00, 0x00, 0x01, 0x00, 0x00, 0x00, 
0x15, 0x40, 0x00, 0x00, 0x10, 0x09, 0x00, 0x00, 0x14, 0x40, 0x00, 0x00, 0x74, 0x00, 0x00, 0x00, 
0x14, 0x01, 0x01, 0x81, 0x21, 0x01, 0x00, 0x00, 0x20, 0x01, 0x00, 0x00, 0x22, 0x01, 0x00, 0x00, 
0x16, 0x01, 0x03, 0x00, 0x15, 0x01, 0x03, 0x00, 0x17, 0x01, 0x77, 0x00, 0x05, 0x00, 0x01, 0x00, 
0x00, 0x40, 0x00, 0x00, 0x38, 0x2d, 0x05, 0x00, 0x0b, 0x01, 0x28, 0x00, 0x0c, 0x01, 0x28, 0x00, 
0x0a, 0x01, 0x28, 0x00, 0x06, 0x40, 0x00, 0x00, 0x01, 0x00, 0x00, 0x00, 0x05, 0x40, 0x00, 0x00, 
0x08, 0x13, 0x00, 0x00, 0x04, 0x40, 0x00, 0x00, 0x74, 0x00, 0x00, 0x00, 0x09, 0x01, 0x94, 0xff, 
0x05, 0x01, 0x01, 0x00, 0x10, 0x40, 0x00, 0x00, 0x90, 0x01, 0x09, 0x00, 0x16, 0x40, 0x00, 0x00, 
0x40, 0x01, 0x00, 0x00, 0x15, 0x40, 0x00, 0x00, 0x40, 0x01, 0x00, 0x00, 0x14, 0x40, 0x00, 0x00, 
0x10, 0x00, 0x00, 0x00, 0x14, 0x01, 0x41, 0x00, 0x21, 0x01, 0x02, 0x00, 0x20, 0x01, 0x02, 0x00, 
0x22, 0x01, 0x07, 0x00, 0x20, 0x40, 0x00, 0x00, 0x10, 0x86, 0x00, 0x00, 0x22, 0x40, 0x00, 0x00, 
0x00, 0x86, 0x00, 0x00, 0x16, 0x01, 0x05, 0x00, 0x15, 0x01, 0x0b, 0x00, 0x17, 0x01, 0x07, 0x00, 
0x02, 0x00, 0x00, 0x00, 0x00, 0x40, 0x00, 0x00, 0x90, 0x01, 0x09, 0x00, 0x0b, 0x01, 0x13, 0x00, 
0x0c, 0x01, 0x13, 0x00, 0x0a, 0x01, 0x13, 0x00, 0x06, 0x40, 0x00, 0x00, 0x40, 0x01, 0x00, 0x00, 
0x05, 0x40, 0x00, 0x00, 0x40, 0x01, 0x00, 0x00, 0x04, 0x40, 0x00, 0x00, 0x10, 0x00, 0x00, 0x00, 
0x09, 0x01, 0xf1, 0xff, 0x05, 0x01, 0x41, 0x00, 0x10, 0x40, 0x00, 0x00, 0x88, 0x4c, 0x08, 0x00, 
0x16, 0x40, 0x00, 0x00, 0x01, 0x00, 0x00, 0x00, 0x15, 0x40, 0x00, 0x00, 0x10, 0x09, 0x00, 0x00, 
0x14, 0x40, 0x00, 0x00, 0x74, 0x00, 0x00, 0x00, 0x14, 0x01, 0x01, 0x81, 0x21, 0x01, 0x00, 0x00, 
0x20, 0x01, 0x00, 0x00, 0x22, 0x01, 0x00, 0x00, 0x16, 0x01, 0x03, 0x00, 0x15, 0x01, 0x03, 0x00, 
0x17, 0x01, 0x77, 0x00, 0x05, 0x00, 0x01, 0x00, 0x00, 0x40, 0x00, 0x00, 0x39, 0x2d, 0x05, 0x00, 
0x0b, 0x01, 0x28, 0x00, 0x0c, 0x01, 0x28, 0x00, 0x0a, 0x01, 0x28, 0x00, 0x06, 0x40, 0x00, 0x00, 
0x01, 0x00, 0x00, 0x00, 0x05, 0x40, 0x00, 0x00, 0x08, 0x13, 0x00, 0x00, 0x04, 0x40, 0x00, 0x00, 
0x74, 0x00, 0x00, 0x00, 0x09, 0x01, 0x94, 0xff, 0x05, 0x01, 0x01, 0x00, 0x10, 0x40, 0x00, 0x00, 
0x90, 0x01, 0x09, 0x00, 0x16, 0x40, 0x00, 0x00, 0x40, 0x01, 0x00, 0x00, 0x15, 0x40, 0x00, 0x00, 
0x40, 0x01, 0x00, 0x00, 0x14, 0x40, 0x00, 0x00, 0x10, 0x00, 0x00, 0x00, 0x14, 0x01, 0x41, 0x00, 
0x21, 0x01, 0x02, 0x00, 0x20, 0x01, 0x02, 0x00, 0x22, 0x01, 0x07, 0x00, 0x20, 0x40, 0x00, 0x00, 
0x50, 0x86, 0x00, 0x00, 0x22, 0x40, 0x00, 0x00, 0x40, 0x86, 0x00, 0x00, 0x16, 0x01, 0x05, 0x00, 
0x15, 0x01, 0x0b, 0x00, 0x17, 0x01, 0x07, 0x00, 0x02, 0x00, 0x00, 0x00, 0x00, 0x40, 0x00, 0x00, 
0x90, 0x01, 0x09, 0x00, 0x0b, 0x01, 0x13, 0x00, 0x0c, 0x01, 0x13, 0x00, 0x0a, 0x01, 0x13, 0x00, 
0x06, 0x40, 0x00, 0x00, 0x40, 0x01, 0x00, 0x00, 0x05, 0x40, 0x00, 0x00, 0x40, 0x01, 0x00, 0x00, 
0x04, 0x40, 0x00, 0x00, 0x10, 0x00, 0x00, 0x00, 0x09, 0x01, 0xf1, 0xff, 0x05, 0x01, 0x41, 0x00, 
0x10, 0x40, 0x00, 0x00, 0x89, 0x4c, 0x08, 0x00, 0x16, 0x40, 0x00, 0x00, 0x01, 0x00, 0x00, 0x00, 
0x15, 0x40, 0x00, 0x00, 0x10, 0x09, 0x00, 0x00, 0x14, 0x40, 0x00, 0x00, 0x74, 0x00, 0x00, 0x00, 
0x14, 0x01, 0x01, 0x81, 0x21, 0x01, 0x00, 0x00, 0x20, 0x01, 0x00, 0x00, 0x22, 0x01, 0x00, 0x00, 
0x16, 0x01, 0x03, 0x00, 0x15, 0x01, 0x03, 0x00, 0x17, 0x01, 0x77, 0x00, 0x05, 0x00, 0x01, 0x00, 
0x00, 0x40, 0x00, 0x00, 0x3a, 0x2d, 0x05, 0x00, 0x0b, 0x01, 0x28, 0x00, 0x0c, 0x01, 0x28, 0x00, 
0x0a, 0x01, 0x28, 0x00, 0x06, 0x40, 0x00, 0x00, 0x01, 0x00, 0x00, 0x00, 0x05, 0x40, 0x00, 0x00, 
0x08, 0x13, 0x00, 0x00, 0x04, 0x40, 0x00, 0x00, 0x74, 0x00, 0x00, 0x00, 0x09, 0x01, 0x94, 0xff, 
0x05, 0x01, 0x01, 0x00, 0x10, 0x40, 0x00, 0x00, 0x90, 0x01, 0x09, 0x00, 0x16, 0x40, 0x00, 0x00, 
0x40, 0x01, 0x00, 0x00, 0x15, 0x40, 0x00, 0x00, 0x40, 0x01, 0x00, 0x00, 0x14, 0x40, 0x00, 0x00, 
0x10, 0x00, 0x00, 0x00, 0x14, 0x01, 0x41, 0x00, 0x21, 0x01, 0x02, 0x00, 0x20, 0x01, 0x02, 0x00, 
0x22, 0x01, 0x07, 0x00, 0x20, 0x40, 0x00, 0x00, 0x90, 0x86, 0x00, 0x00, 0x22, 0x40, 0x00, 0x00, 
0x80, 0x86, 0x00, 0x00, 0x16, 0x01, 0x05, 0x00, 0x15, 0x01, 0x0b, 0x00, 0x17, 0x01, 0x07, 0x00, 
0x02, 0x00, 0x00, 0x00, 0x00, 0x40, 0x00, 0x00, 0x90, 0x01, 0x09, 0x00, 0x0b, 0x01, 0x13, 0x00, 
0x0c, 0x01, 0x13, 0x00, 0x0a, 0x01, 0x13, 0x00, 0x06, 0x40, 0x00, 0x00, 0x40, 0x01, 0x00, 0x00, 
0x05, 0x40, 0x00, 0x00, 0x40, 0x01, 0x00, 0x00, 0x04, 0x40, 0x00, 0x00, 0x10, 0x00, 0x00, 0x00, 
0x09, 0x01, 0xf1, 0xff, 0x05, 0x01, 0x41, 0x00, 0x10, 0x40, 0x00, 0x00, 0x8a, 0x4c, 0x08, 0x00, 
0x16, 0x40, 0x00, 0x00, 0x01, 0x00, 0x00, 0x00, 0x15, 0x40, 0x00, 0x00, 0x10, 0x09, 0x00, 0x00, 
0x14, 0x40, 0x00, 0x00, 0x74, 0x00, 0x00, 0x00, 0x14, 0x01, 0x01, 0x81, 0x21, 0x01, 0x00, 0x00, 
0x20, 0x01, 0x00, 0x00, 0x22, 0x01, 0x00, 0x00, 0x16, 0x01, 0x03, 0x00, 0x15, 0x01, 0x03, 0x00, 
0x17, 0x01, 0x77, 0x00, 0x05, 0x00, 0x01, 0x00, 0x00, 0x40, 0x00, 0x00, 0x3b, 0x2d, 0x05, 0x00, 
0x0b, 0x01, 0x28, 0x00, 0x0c, 0x01, 0x28, 0x00, 0x0a, 0x01, 0x28, 0x00, 0x06, 0x40, 0x00, 0x00, 
0x01, 0x00, 0x00, 0x00, 0x05, 0x40, 0x00, 0x00, 0x08, 0x13, 0x00, 0x00, 0x04, 0x40, 0x00, 0x00, 
0x74, 0x00, 0x00, 0x00, 0x09, 0x01, 0x94, 0xff, 0x05, 0x01, 0x01, 0x00, 0x10, 0x40, 0x00, 0x00, 
0x90, 0x01, 0x09, 0x00, 0x16, 0x40, 0x00, 0x00, 0x40, 0x01, 0x00, 0x00, 0x15, 0x40, 0x00, 0x00, 
0x40, 0x01, 0x00, 0x00, 0x14, 0x40, 0x00, 0x00, 0x10, 0x00, 0x00, 0x00, 0x14, 0x01, 0x41, 0x00, 
0x21, 0x01, 0x02, 0x00, 0x20, 0x01, 0x02, 0x00, 0x22, 0x01, 0x07, 0x00, 0x20, 0x40, 0x00, 0x00, 
0xd0, 0x86, 0x00, 0x00, 0x22, 0x40, 0x00, 0x00, 0xc0, 0x86, 0x00, 0x00, 0x16, 0x01, 0x05, 0x00, 
0x15, 0x01, 0x0b, 0x00, 0x17, 0x01, 0x07, 0x00, 0x02, 0x00, 0x00, 0x00, 0x00, 0x40, 0x00, 0x00, 
0x90, 0x01, 0x09, 0x00, 0x0b, 0x01, 0x13, 0x00, 0x0c, 0x01, 0x13, 0x00, 0x0a, 0x01, 0x13, 0x00, 
0x06, 0x40, 0x00, 0x00, 0x40, 0x01, 0x00, 0x00, 0x05, 0x40, 0x00, 0x00, 0x40, 0x01, 0x00, 0x00, 
0x04, 0x40, 0x00, 0x00, 0x10, 0x00, 0x00, 0x00, 0x09, 0x01, 0xf1, 0xff, 0x05, 0x01, 0x41, 0x00, 
0x10, 0x40, 0x00, 0x00, 0x8b, 0x4c, 0x08, 0x00, 0x16, 0x40, 0x00, 0x00, 0x01, 0x00, 0x00, 0x00, 
0x15, 0x40, 0x00, 0x00, 0x10, 0x09, 0x00, 0x00, 0x14, 0x40, 0x00, 0x00, 0x74, 0x00, 0x00, 0x00, 
0x14, 0x01, 0x01, 0x81, 0x21, 0x01, 0x00, 0x00, 0x20, 0x01, 0x00, 0x00, 0x22, 0x01, 0x00, 0x00, 
0x16, 0x01, 0x03, 0x00, 0x15, 0x01, 0x03, 0x00, 0x17, 0x01, 0x77, 0x00, 0x05, 0x00, 0x01, 0x00, 
0x00, 0x40, 0x00, 0x00, 0x3c, 0x2d, 0x05, 0x00, 0x0b, 0x01, 0x28, 0x00, 0x0c, 0x01, 0x28, 0x00, 
0x0a, 0x01, 0x28, 0x00, 0x06, 0x40, 0x00, 0x00, 0x01, 0x00, 0x00, 0x00, 0x05, 0x40, 0x00, 0x00, 
0x08, 0x13, 0x00, 0x00, 0x04, 0x40, 0x00, 0x00, 0x74, 0x00, 0x00, 0x00, 0x09, 0x01, 0x94, 0xff, 
0x05, 0x01, 0x01, 0x00, 0x10, 0x40, 0x00, 0x00, 0x90, 0x01, 0x09, 0x00, 0x16, 0x40, 0x00, 0x00, 
0x40, 0x01, 0x00, 0x00, 0x15, 0x40, 0x00, 0x00, 0x40, 0x01, 0x00, 0x00, 0x14, 0x40, 0x00, 0x00, 
0x10, 0x00, 0x00, 0x00, 0x14, 0x01, 0x41, 0x00, 0x21, 0x01, 0x02, 0x00, 0x20, 0x01, 0x02, 0x00, 
0x22, 0x01, 0x07, 0x00, 0x20, 0x40, 0x00, 0x00, 0x10, 0x87, 0x00, 0x00, 0x22, 0x40, 0x00, 0x00, 
0x00, 0x87, 0x00, 0x00, 0x16, 0x01, 0x05, 0x00, 0x15, 0x01, 0x0b, 0x00, 0x17, 0x01, 0x07, 0x00, 
0x02, 0x00, 0x00, 0x00, 0x00, 0x40, 0x00, 0x00, 0x90, 0x01, 0x09, 0x00, 0x0b, 0x01, 0x13, 0x00, 
0x0c, 0x01, 0x13, 0x00, 0x0a, 0x01, 0x13, 0x00, 0x06, 0x40, 0x00, 0x00, 0x40, 0x01, 0x00, 0x00, 
0x05, 0x40, 0x00, 0x00, 0x40, 0x01, 0x00, 0x00, 0x04, 0x40, 0x00, 0x00, 0x10, 0x00, 0x00, 0x00, 
0x09, 0x01, 0xf1, 0xff, 0x05, 0x01, 0x41, 0x00, 0x10, 0x40, 0x00, 0x00, 0x8c, 0x4c, 0x08, 0x00, 
0x16, 0x40, 0x00, 0x00, 0x01, 0x00, 0x00, 0x00, 0x15, 0x40, 0x00, 0x00, 0x10, 0x09, 0x00, 0x00, 
0x14, 0x40, 0x00, 0x00, 0x74, 0x00, 0x00, 0x00, 0x14, 0x01, 0x01, 0x81, 0x21, 0x01, 0x00, 0x00, 
0x20, 0x01, 0x00, 0x00, 0x22, 0x01, 0x00, 0x00, 0x16, 0x01, 0x03, 0x00, 0x15, 0x01, 0x03, 0x00, 
0x17, 0x01, 0x77, 0x00, 0x05, 0x00, 0x01, 0x00, 0x00, 0x40, 0x00, 0x00, 0x3d, 0x2d, 0x05, 0x00, 
0x0b, 0x01, 0x28, 0x00, 0x0c, 0x01, 0x28, 0x00, 0x0a, 0x01, 0x28, 0x00, 0x06, 0x40, 0x00, 0x00, 
0x01, 0x00, 0x00, 0x00, 0x05, 0x40, 0x00, 0x00, 0x08, 0x13, 0x00, 0x00, 0x04, 0x40, 0x00, 0x00, 
0x74, 0x00, 0x00, 0x00, 0x09, 0x01, 0x94, 0xff, 0x05, 0x01, 0x01, 0x00, 0x10, 0x40, 0x00, 0x00, 
0x90, 0x01, 0x09, 0x00, 0x16, 0x40, 0x00, 0x00, 0x40, 0x01, 0x00, 0x00, 0x15, 0x40, 0x00, 0x00, 
0x40, 0x01, 0x00, 0x00, 0x14, 0x40, 0x00, 0x00, 0x10, 0x00, 0x00, 0x00, 0x14, 0x01, 0x41, 0x00, 
0x21, 0x01, 0x02, 0x00, 0x20, 0x01, 0x02, 0x00, 0x22, 0x01, 0x07, 0x00, 0x20, 0x40, 0x00, 0x00, 
0x50, 0x87, 0x00, 0x00, 0x22, 0x40, 0x00, 0x00, 0x40, 0x87, 0x00, 0x00, 0x16, 0x01, 0x05, 0x00, 
0x15, 0x01, 0x0b, 0x00, 0x17, 0x01, 0x07, 0x00, 0x02, 0x00, 0x00, 0x00, 0x00, 0x40, 0x00, 0x00, 
0x90, 0x01, 0x09, 0x00, 0x0b, 0x01, 0x13, 0x00, 0x0c, 0x01, 0x13, 0x00, 0x0a, 0x01, 0x13, 0x00, 
0x06, 0x40, 0x00, 0x00, 0x40, 0x01, 0x00, 0x00, 0x05, 0x40, 0x00, 0x00, 0x40, 0x01, 0x00, 0x00, 
0x04, 0x40, 0x00, 0x00, 0x10, 0x00, 0x00, 0x00, 0x09, 0x01, 0xf1, 0xff, 0x05, 0x01, 0x41, 0x00, 
0x10, 0x40, 0x00, 0x00, 0x8d, 0x4c, 0x08, 0x00, 0x16, 0x40, 0x00, 0x00, 0x01, 0x00, 0x00, 0x00, 
0x15, 0x40, 0x00, 0x00, 0x10, 0x09, 0x00, 0x00, 0x14, 0x40, 0x00, 0x00, 0x74, 0x00, 0x00, 0x00, 
0x14, 0x01, 0x01, 0x81, 0x21, 0x01, 0x00, 0x00, 0x20, 0x01, 0x00, 0x00, 0x22, 0x01, 0x00, 0x00, 
0x16, 0x01, 0x03, 0x00, 0x15, 0x01, 0x03, 0x00, 0x17, 0x01, 0x77, 0x00, 0x05, 0x00, 0x01, 0x00, 
0x00, 0x40, 0x00, 0x00, 0x3e, 0x2d, 0x05, 0x00, 0x0b, 0x01, 0x28, 0x00, 0x0c, 0x01, 0x28, 0x00, 
0x0a, 0x01, 0x28, 0x00, 0x06, 0x40, 0x00, 0x00, 0x01, 0x00, 0x00, 0x00, 0x05, 0x40, 0x00, 0x00, 
0x08, 0x13, 0x00, 0x00, 0x04, 0x40, 0x00, 0x00, 0x74, 0x00, 0x00, 0x00, 0x09, 0x01, 0x94, 0xff, 
0x05, 0x01, 0x01, 0x00, 0x10, 0x40, 0x00, 0x00, 0x90, 0x01, 0x09, 0x00, 0x16, 0x40, 0x00, 0x00, 
0x40, 0x01, 0x00, 0x00, 0x15, 0x40, 0x00, 0x00, 0x40, 0x01, 0x00, 0x00, 0x14, 0x40, 0x00, 0x00, 
0x10, 0x00, 0x00, 0x00, 0x14, 0x01, 0x41, 0x00, 0x21, 0x01, 0x02, 0x00, 0x20, 0x01, 0x02, 0x00, 
0x22, 0x01, 0x07, 0x00, 0x20, 0x40, 0x00, 0x00, 0x90, 0x87, 0x00, 0x00, 0x22, 0x40, 0x00, 0x00, 
0x80, 0x87, 0x00, 0x00, 0x16, 0x01, 0x05, 0x00, 0x15, 0x01, 0x0b, 0x00, 0x17, 0x01, 0x07, 0x00, 
0x02, 0x00, 0x00, 0x00, 0x00, 0x40, 0x00, 0x00, 0x90, 0x01, 0x09, 0x00, 0x0b, 0x01, 0x13, 0x00, 
0x0c, 0x01, 0x13, 0x00, 0x0a, 0x01, 0x13, 0x00, 0x06, 0x40, 0x00, 0x00, 0x40, 0x01, 0x00, 0x00, 
0x05, 0x40, 0x00, 0x00, 0x40, 0x01, 0x00, 0x00, 0x04, 0x40, 0x00, 0x00, 0x10, 0x00, 0x00, 0x00, 
0x09, 0x01, 0xf1, 0xff, 0x05, 0x01, 0x41, 0x00, 0x10, 0x40, 0x00, 0x00, 0x8e, 0x4c, 0x08, 0x00, 
0x16, 0x40, 0x00, 0x00, 0x01, 0x00, 0x00, 0x00, 0x15, 0x40, 0x00, 0x00, 0x10, 0x09, 0x00, 0x00, 
0x14, 0x40, 0x00, 0x00, 0x74, 0x00, 0x00, 0x00, 0x14, 0x01, 0x01, 0x81, 0x21, 0x01, 0x00, 0x00, 
0x20, 0x01, 0x00, 0x00, 0x22, 0x01, 0x00, 0x00, 0x16, 0x01, 0x03, 0x00, 0x15, 0x01, 0x03, 0x00, 
0x17, 0x01, 0x77, 0x00, 0x05, 0x00, 0x01, 0x00, 0x00, 0x40, 0x00, 0x00, 0x3f, 0x2d, 0x05, 0x00, 
0x0b, 0x01, 0x28, 0x00, 0x0c, 0x01, 0x28, 0x00, 0x0a, 0x01, 0x28, 0x00, 0x06, 0x40, 0x00, 0x00, 
0x01, 0x00, 0x00, 0x00, 0x05, 0x40, 0x00, 0x00, 0x08, 0x13, 0x00, 0x00, 0x04, 0x40, 0x00, 0x00, 
0x74, 0x00, 0x00, 0x00, 0x09, 0x01, 0x94, 0xff, 0x05, 0x01, 0x01, 0x00, 0x10, 0x40, 0x00, 0x00, 
0x90, 0x01, 0x09, 0x00, 0x16, 0x40, 0x00, 0x00, 0x40, 0x01, 0x00, 0x00, 0x15, 0x40, 0x00, 0x00, 
0x40, 0x01, 0x00, 0x00, 0x14, 0x40, 0x00, 0x00, 0x10, 0x00, 0x00, 0x00, 0x14, 0x01, 0x41, 0x00, 
0x21, 0x01, 0x02, 0x00, 0x20, 0x01, 0x02, 0x00, 0x22, 0x01, 0x07, 0x00, 0x20, 0x40, 0x00, 0x00, 
0xd0, 0x87, 0x00, 0x00, 0x22, 0x40, 0x00, 0x00, 0xc0, 0x87, 0x00, 0x00, 0x16, 0x01, 0x05, 0x00, 
0x15, 0x01, 0x0b, 0x00, 0x17, 0x01, 0x07, 0x00, 0x02, 0x00, 0x00, 0x00, 0x00, 0x40, 0x00, 0x00, 
0x90, 0x01, 0x09, 0x00, 0x0b, 0x01, 0x13, 0x00, 0x0c, 0x01, 0x13, 0x00, 0x0a, 0x01, 0x13, 0x00, 
0x06, 0x40, 0x00, 0x00, 0x40, 0x01, 0x00, 0x00, 0x05, 0x40, 0x00, 0x00, 0x40, 0x01, 0x00, 0x00, 
0x04, 0x40, 0x00, 0x00, 0x10, 0x00, 0x00, 0x00, 0x09, 0x01, 0xf1, 0xff, 0x05, 0x01, 0x41, 0x00, 
0x10, 0x40, 0x00, 0x00, 0x8f, 0x4c, 0x08, 0x00, 0x16, 0x40, 0x00, 0x00, 0x01, 0x00, 0x00, 0x00, 
0x15, 0x40, 0x00, 0x00, 0x10, 0x09, 0x00, 0x00, 0x14, 0x40, 0x00, 0x00, 0x74, 0x00, 0x00, 0x00, 
0x14, 0x01, 0x01, 0x81, 0x21, 0x01, 0x00, 0x00, 0x20, 0x01, 0x00, 0x00, 0x22, 0x01, 0x00, 0x00, 
0x16, 0x01, 0x03, 0x00, 0x15, 0x01, 0x03, 0x00, 0x17, 0x01, 0x77, 0x00, 0x05, 0x00, 0x01, 0x00, 
0x00, 0x40, 0x00, 0x00, 0x40, 0x2d, 0x05, 0x00, 0x0b, 0x01, 0x28, 0x00, 0x0c, 0x01, 0x28, 0x00, 
0x0a, 0x01, 0x28, 0x00, 0x06, 0x40, 0x00, 0x00, 0x01, 0x00, 0x00, 0x00, 0x05, 0x40, 0x00, 0x00, 
0x08, 0x13, 0x00, 0x00, 0x04, 0x40, 0x00, 0x00, 0x74, 0x00, 0x00, 0x00, 0x09, 0x01, 0x94, 0xff, 
0x05, 0x01, 0x01, 0x00, 0x10, 0x40, 0x00, 0x00, 0x90, 0x01, 0x09, 0x00, 0x16, 0x40, 0x00, 0x00, 
0x40, 0x01, 0x00, 0x00, 0x15, 0x40, 0x00, 0x00, 0x40, 0x01, 0x00, 0x00, 0x14, 0x40, 0x00, 0x00, 
0x10, 0x00, 0x00, 0x00, 0x14, 0x01, 0x41, 0x00, 0x21, 0x01, 0x02, 0x00, 0x20, 0x01, 0x02, 0x00, 
0x22, 0x01, 0x07, 0x00, 0x20, 0x40, 0x00, 0x00, 0x10, 0x88, 0x00, 0x00, 0x22, 0x40, 0x00, 0x00, 
0x00, 0x88, 0x00, 0x00, 0x16, 0x01, 0x05, 0x00, 0x15, 0x01, 0x0b, 0x00, 0x17, 0x01, 0x07, 0x00, 
0x02, 0x00, 0x00, 0x00, 0x00, 0x40, 0x00, 0x00, 0x90, 0x01, 0x09, 0x00, 0x0b, 0x01, 0x13, 0x00, 
0x0c, 0x01, 0x13, 0x00, 0x0a, 0x01, 0x13, 0x00, 0x06, 0x40, 0x00, 0x00, 0x40, 0x01, 0x00, 0x00, 
0x05, 0x40, 0x00, 0x00, 0x40, 0x01, 0x00, 0x00, 0x04, 0x40, 0x00, 0x00, 0x10, 0x00, 0x00, 0x00, 
0x09, 0x01, 0xf1, 0xff, 0x05, 0x01, 0x41, 0x00, 0x10, 0x40, 0x00, 0x00, 0x90, 0x4c, 0x08, 0x00, 
0x16, 0x40, 0x00, 0x00, 0x01, 0x00, 0x00, 0x00, 0x15, 0x40, 0x00, 0x00, 0x10, 0x09, 0x00, 0x00, 
0x14, 0x40, 0x00, 0x00, 0x74, 0x00, 0x00, 0x00, 0x14, 0x01, 0x01, 0x81, 0x21, 0x01, 0x00, 0x00, 
0x20, 0x01, 0x00, 0x00, 0x22, 0x01, 0x00, 0x00, 0x16, 0x01, 0x03, 0x00, 0x15, 0x01, 0x03, 0x00, 
0x17, 0x01, 0x77, 0x00, 0x05, 0x00, 0x01, 0x00, 0x00, 0x40, 0x00, 0x00, 0x41, 0x2d, 0x05, 0x00, 
0x0b, 0x01, 0x28, 0x00, 0x0c, 0x01, 0x28, 0x00, 0x0a, 0x01, 0x28, 0x00, 0x06, 0x40, 0x00, 0x00, 
0x01, 0x00, 0x00, 0x00, 0x05, 0x40, 0x00, 0x00, 0x08, 0x13, 0x00, 0x00, 0x04, 0x40, 0x00, 0x00, 
0x74, 0x00, 0x00, 0x00, 0x09, 0x01, 0x94, 0xff, 0x05, 0x01, 0x01, 0x00, 0x10, 0x40, 0x00, 0x00, 
0x90, 0x01, 0x09, 0x00, 0x16, 0x40, 0x00, 0x00, 0x40, 0x01, 0x00, 0x00, 0x15, 0x40, 0x00, 0x00, 
0x40, 0x01, 0x00, 0x00, 0x14, 0x40, 0x00, 0x00, 0x10, 0x00, 0x00, 0x00, 0x14, 0x01, 0x41, 0x00, 
0x21, 0x01, 0x02, 0x00, 0x20, 0x01, 0x02, 0x00, 0x22, 0x01, 0x07, 0x00, 0x20, 0x40, 0x00, 0x00, 
0x50, 0x88, 0x00, 0x00, 0x22, 0x40, 0x00, 0x00, 0x40, 0x88, 0x00, 0x00, 0x16, 0x01, 0x05, 0x00, 
0x15, 0x01, 0x0b, 0x00, 0x17, 0x01, 0x07, 0x00, 0x02, 0x00, 0x00, 0x00, 0x00, 0x40, 0x00, 0x00, 
0x90, 0x01, 0x09, 0x00, 0x0b, 0x01, 0x13, 0x00, 0x0c, 0x01, 0x13, 0x00, 0x0a, 0x01, 0x13, 0x00, 
0x06, 0x40, 0x00, 0x00, 0x40, 0x01, 0x00, 0x00, 0x05, 0x40, 0x00, 0x00, 0x40, 0x01, 0x00, 0x00, 
0x04, 0x40, 0x00, 0x00, 0x10, 0x00, 0x00, 0x00, 0x09, 0x01, 0xf1, 0xff, 0x05, 0x01, 0x41, 0x00, 
0x10, 0x40, 0x00, 0x00, 0x91, 0x4c, 0x08, 0x00, 0x16, 0x40, 0x00, 0x00, 0x01, 0x00, 0x00, 0x00, 
0x15, 0x40, 0x00, 0x00, 0x10, 0x09, 0x00, 0x00, 0x14, 0x40, 0x00, 0x00, 0x74, 0x00, 0x00, 0x00, 
0x14, 0x01, 0x01, 0x81, 0x21, 0x01, 0x00, 0x00, 0x20, 0x01, 0x00, 0x00, 0x22, 0x01, 0x00, 0x00, 
0x16, 0x01, 0x03, 0x00, 0x15, 0x01, 0x03, 0x00, 0x17, 0x01, 0x77, 0x00, 0x05, 0x00, 0x01, 0x00, 
0x00, 0x40, 0x00, 0x00, 0x42, 0x2d, 0x05, 0x00, 0x0b, 0x01, 0x28, 0x00, 0x0c, 0x01, 0x28, 0x00, 
0x0a, 0x01, 0x28, 0x00, 0x06, 0x40, 0x00, 0x00, 0x01, 0x00, 0x00, 0x00, 0x05, 0x40, 0x00, 0x00, 
0x08, 0x13, 0x00, 0x00, 0x04, 0x40, 0x00, 0x00, 0x74, 0x00, 0x00, 0x00, 0x09, 0x01, 0x94, 0xff, 
0x05, 0x01, 0x01, 0x00, 0x10, 0x40, 0x00, 0x00, 0x90, 0x01, 0x09, 0x00, 0x16, 0x40, 0x00, 0x00, 
0x40, 0x01, 0x00, 0x00, 0x15, 0x40, 0x00, 0x00, 0x40, 0x01, 0x00, 0x00, 0x14, 0x40, 0x00, 0x00, 
0x10, 0x00, 0x00, 0x00, 0x14, 0x01, 0x41, 0x00, 0x21, 0x01, 0x02, 0x00, 0x20, 0x01, 0x02, 0x00, 
0x22, 0x01, 0x07, 0x00, 0x20, 0x40, 0x00, 0x00, 0x90, 0x88, 0x00, 0x00, 0x21, 0x40, 0x00, 0x00, 
0x20, 0x00, 0x00, 0x00, 0x22, 0x40, 0x00, 0x00, 0x80, 0x88, 0x00, 0x00, 0x16, 0x01, 0x05, 0x00, 
0x15, 0x01, 0x0b, 0x00, 0x17, 0x01, 0x07, 0x00, 0x02, 0x00, 0x00, 0x00, 0x00, 0x40, 0x00, 0x00, 
0x90, 0x01, 0x09, 0x00, 0x0b, 0x01, 0x13, 0x00, 0x0c, 0x01, 0x13, 0x00, 0x0a, 0x01, 0x13, 0x00, 
0x06, 0x40, 0x00, 0x00, 0x40, 0x01, 0x00, 0x00, 0x05, 0x40, 0x00, 0x00, 0x40, 0x01, 0x00, 0x00, 
0x04, 0x40, 0x00, 0x00, 0x10, 0x00, 0x00, 0x00, 0x09, 0x01, 0xf1, 0xff, 0x05, 0x01, 0x41, 0x00, 
0x10, 0x40, 0x00, 0x00, 0x92, 0x4c, 0x08, 0x00, 0x16, 0x40, 0x00, 0x00, 0x01, 0x00, 0x00, 0x00, 
0x15, 0x40, 0x00, 0x00, 0x10, 0x09, 0x00, 0x00, 0x14, 0x40, 0x00, 0x00, 0x74, 0x00, 0x00, 0x00, 
0x14, 0x01, 0x01, 0x81, 0x21, 0x01, 0x00, 0x00, 0x20, 0x01, 0x00, 0x00, 0x22, 0x01, 0x00, 0x00, 
0x16, 0x01, 0x03, 0x00, 0x15, 0x01, 0x03, 0x00, 0x17, 0x01, 0x77, 0x00, 0x05, 0x00, 0x01, 0x00, 
0x00, 0x40, 0x00, 0x00, 0x43, 0x2d, 0x05, 0x00, 0x0b, 0x01, 0x28, 0x00, 0x0c, 0x01, 0x28, 0x00, 
0x0a, 0x01, 0x28, 0x00, 0x06, 0x40, 0x00, 0x00, 0x01, 0x00, 0x00, 0x00, 0x05, 0x40, 0x00, 0x00, 
0x08, 0x13, 0x00, 0x00, 0x04, 0x40, 0x00, 0x00, 0x74, 0x00, 0x00, 0x00, 0x09, 0x01, 0x94, 0xff, 
0x05, 0x01, 0x01, 0x00, 0x10, 0x40, 0x00, 0x00, 0x90, 0x01, 0x09, 0x00, 0x16, 0x40, 0x00, 0x00, 
0x40, 0x01, 0x00, 0x00, 0x15, 0x40, 0x00, 0x00, 0x40, 0x01, 0x00, 0x00, 0x14, 0x40, 0x00, 0x00, 
0x10, 0x00, 0x00, 0x00, 0x14, 0x01, 0x41, 0x00, 0x21, 0x01, 0x02, 0x00, 0x20, 0x01, 0x02, 0x00, 
0x22, 0x01, 0x07, 0x00, 0x20, 0x40, 0x00, 0x00, 0xc0, 0x88, 0x00, 0x00, 0x21, 0x40, 0x00, 0x00, 
0x30, 0x00, 0x00, 0x00, 0x22, 0x40, 0x00, 0x00, 0xb0, 0x88, 0x00, 0x00, 0x16, 0x01, 0x05, 0x00, 
0x15, 0x01, 0x0b, 0x00, 0x17, 0x01, 0x07, 0x00, 0x02, 0x00, 0x00, 0x00, 0x00, 0x40, 0x00, 0x00, 
0x90, 0x01, 0x09, 0x00, 0x0b, 0x01, 0x13, 0x00, 0x0c, 0x01, 0x13, 0x00, 0x0a, 0x01, 0x13, 0x00, 
0x06, 0x40, 0x00, 0x00, 0x40, 0x01, 0x00, 0x00, 0x05, 0x40, 0x00, 0x00, 0x40, 0x01, 0x00, 0x00, 
0x04, 0x40, 0x00, 0x00, 0x10, 0x00, 0x00, 0x00, 0x09, 0x01, 0xf1, 0xff, 0x05, 0x01, 0x41, 0x00, 
0x10, 0x40, 0x00, 0x00, 0x93, 0x4c, 0x08, 0x00, 0x16, 0x40, 0x00, 0x00, 0x01, 0x00, 0x00, 0x00, 
0x15, 0x40, 0x00, 0x00, 0x10, 0x09, 0x00, 0x00, 0x14, 0x40, 0x00, 0x00, 0x74, 0x00, 0x00, 0x00, 
0x14, 0x01, 0x01, 0x81, 0x21, 0x01, 0x00, 0x00, 0x20, 0x01, 0x00, 0x00, 0x22, 0x01, 0x00, 0x00, 
0x16, 0x01, 0x03, 0x00, 0x15, 0x01, 0x03, 0x00, 0x17, 0x01, 0x77, 0x00, 0x05, 0x00, 0x01, 0x00, 
0x00, 0x40, 0x00, 0x00, 0x44, 0x2d, 0x05, 0x00, 0x0b, 0x01, 0x28, 0x00, 0x0c, 0x01, 0x28, 0x00, 
0x0a, 0x01, 0x28, 0x00, 0x06, 0x40, 0x00, 0x00, 0x01, 0x00, 0x00, 0x00, 0x05, 0x40, 0x00, 0x00, 
0x08, 0x13, 0x00, 0x00, 0x04, 0x40, 0x00, 0x00, 0x74, 0x00, 0x00, 0x00, 0x09, 0x01, 0x94, 0xff, 
0x05, 0x01, 0x01, 0x00, 0x10, 0x40, 0x00, 0x00, 0x90, 0x01, 0x09, 0x00, 0x16, 0x40, 0x00, 0x00, 
0x40, 0x01, 0x00, 0x00, 0x15, 0x40, 0x00, 0x00, 0x40, 0x01, 0x00, 0x00, 0x14, 0x40, 0x00, 0x00, 
0x10, 0x00, 0x00, 0x00, 0x14, 0x01, 0x41, 0x00, 0x21, 0x01, 0x02, 0x00, 0x20, 0x01, 0x02, 0x00, 
0x22, 0x01, 0x07, 0x00, 0x20, 0x40, 0x00, 0x00, 0x00, 0x89, 0x00, 0x00, 0x22, 0x40, 0x00, 0x00, 
0xf0, 0x88, 0x00, 0x00, 0x16, 0x01, 0x05, 0x00, 0x15, 0x01, 0x0b, 0x00, 0x17, 0x01, 0x07, 0x00, 
0x02, 0x00, 0x00, 0x00, 0x00, 0x40, 0x00, 0x00, 0x90, 0x01, 0x09, 0x00, 0x0b, 0x01, 0x13, 0x00, 
0x0c, 0x01, 0x13, 0x00, 0x0a, 0x01, 0x13, 0x00, 0x06, 0x40, 0x00, 0x00, 0x40, 0x01, 0x00, 0x00, 
0x05, 0x40, 0x00, 0x00, 0x40, 0x01, 0x00, 0x00, 0x04, 0x40, 0x00, 0x00, 0x10, 0x00, 0x00, 0x00, 
0x09, 0x01, 0xf1, 0xff, 0x05, 0x01, 0x41, 0x00, 0x10, 0x40, 0x00, 0x00, 0x94, 0x4c, 0x08, 0x00, 
0x16, 0x40, 0x00, 0x00, 0x01, 0x00, 0x00, 0x00, 0x15, 0x40, 0x00, 0x00, 0x10, 0x09, 0x00, 0x00, 
0x14, 0x40, 0x00, 0x00, 0x74, 0x00, 0x00, 0x00, 0x14, 0x01, 0x01, 0x81, 0x21, 0x01, 0x00, 0x00, 
0x20, 0x01, 0x00, 0x00, 0x22, 0x01, 0x00, 0x00, 0x16, 0x01, 0x03, 0x00, 0x15, 0x01, 0x03, 0x00, 
0x17, 0x01, 0x77, 0x00, 0x05, 0x00, 0x01, 0x00, 0x00, 0x40, 0x00, 0x00, 0x45, 0x2d, 0x05, 0x00, 
0x0b, 0x01, 0x28, 0x00, 0x0c, 0x01, 0x28, 0x00, 0x0a, 0x01, 0x28, 0x00, 0x06, 0x40, 0x00, 0x00, 
0x01, 0x00, 0x00, 0x00, 0x05, 0x40, 0x00, 0x00, 0x08, 0x13, 0x00, 0x00, 0x04, 0x40, 0x00, 0x00, 
0x74, 0x00, 0x00, 0x00, 0x09, 0x01, 0x94, 0xff, 0x05, 0x01, 0x01, 0x00, 0x10, 0x40, 0x00, 0x00, 
0x90, 0x01, 0x09, 0x00, 0x16, 0x40, 0x00, 0x00, 0x40, 0x01, 0x00, 0x00, 0x15, 0x40, 0x00, 0x00, 
0x40, 0x01, 0x00, 0x00, 0x14, 0x40, 0x00, 0x00, 0x10, 0x00, 0x00, 0x00, 0x14, 0x01, 0x41, 0x00, 
0x21, 0x01, 0x02, 0x00, 0x20, 0x01, 0x02, 0x00, 0x22, 0x01, 0x07, 0x00, 0x20, 0x40, 0x00, 0x00, 
0x40, 0x89, 0x00, 0x00, 0x22, 0x40, 0x00, 0x00, 0x30, 0x89, 0x00, 0x00, 0x16, 0x01, 0x05, 0x00, 
0x15, 0x01, 0x0b, 0x00, 0x17, 0x01, 0x07, 0x00, 0x02, 0x00, 0x00, 0x00, 0x00, 0x40, 0x00, 0x00, 
0x90, 0x01, 0x09, 0x00, 0x0b, 0x01, 0x13, 0x00, 0x0c, 0x01, 0x13, 0x00, 0x0a, 0x01, 0x13, 0x00, 
0x06, 0x40, 0x00, 0x00, 0x40, 0x01, 0x00, 0x00, 0x05, 0x40, 0x00, 0x00, 0x40, 0x01, 0x00, 0x00, 
0x04, 0x40, 0x00, 0x00, 0x10, 0x00, 0x00, 0x00, 0x09, 0x01, 0xf1, 0xff, 0x05, 0x01, 0x41, 0x00, 
0x10, 0x40, 0x00, 0x00, 0x95, 0x4c, 0x08, 0x00, 0x16, 0x40, 0x00, 0x00, 0x01, 0x00, 0x00, 0x00, 
0x15, 0x40, 0x00, 0x00, 0x10, 0x09, 0x00, 0x00, 0x14, 0x40, 0x00, 0x00, 0x74, 0x00, 0x00, 0x00, 
0x14, 0x01, 0x01, 0x81, 0x21, 0x01, 0x00, 0x00, 0x20, 0x01, 0x00, 0x00, 0x22, 0x01, 0x00, 0x00, 
0x16, 0x01, 0x03, 0x00, 0x15, 0x01, 0x03, 0x00, 0x17, 0x01, 0x77, 0x00, 0x05, 0x00, 0x01, 0x00, 
0x00, 0x40, 0x00, 0x00, 0x46, 0x2d, 0x05, 0x00, 0x0b, 0x01, 0x28, 0x00, 0x0c, 0x01, 0x28, 0x00, 
0x0a, 0x01, 0x28, 0x00, 0x06, 0x40, 0x00, 0x00, 0x01, 0x00, 0x00, 0x00, 0x05, 0x40, 0x00, 0x00, 
0x08, 0x13, 0x00, 0x00, 0x04, 0x40, 0x00, 0x00, 0x74, 0x00, 0x00, 0x00, 0x09, 0x01, 0x94, 0xff, 
0x05, 0x01, 0x01, 0x00, 0x10, 0x40, 0x00, 0x00, 0x90, 0x01, 0x09, 0x00, 0x16, 0x40, 0x00, 0x00, 
0x40, 0x01, 0x00, 0x00, 0x15, 0x40, 0x00, 0x00, 0x40, 0x01, 0x00, 0x00, 0x14, 0x40, 0x00, 0x00, 
0x10, 0x00, 0x00, 0x00, 0x14, 0x01, 0x41, 0x00, 0x21, 0x01, 0x02, 0x00, 0x20, 0x01, 0x02, 0x00, 
0x22, 0x01, 0x07, 0x00, 0x20, 0x40, 0x00, 0x00, 0x80, 0x89, 0x00, 0x00, 0x22, 0x40, 0x00, 0x00, 
0x70, 0x89, 0x00, 0x00, 0x16, 0x01, 0x05, 0x00, 0x15, 0x01, 0x0b, 0x00, 0x17, 0x01, 0x07, 0x00, 
0x02, 0x00, 0x00, 0x00, 0x00, 0x40, 0x00, 0x00, 0x90, 0x01, 0x09, 0x00, 0x0b, 0x01, 0x13, 0x00, 
0x0c, 0x01, 0x13, 0x00, 0x0a, 0x01, 0x13, 0x00, 0x06, 0x40, 0x00, 0x00, 0x40, 0x01, 0x00, 0x00, 
0x05, 0x40, 0x00, 0x00, 0x40, 0x01, 0x00, 0x00, 0x04, 0x40, 0x00, 0x00, 0x10, 0x00, 0x00, 0x00, 
0x09, 0x01, 0xf1, 0xff, 0x05, 0x01, 0x41, 0x00, 0x10, 0x40, 0x00, 0x00, 0x96, 0x4c, 0x08, 0x00, 
0x16, 0x40, 0x00, 0x00, 0x01, 0x00, 0x00, 0x00, 0x15, 0x40, 0x00, 0x00, 0x10, 0x09, 0x00, 0x00, 
0x14, 0x40, 0x00, 0x00, 0x74, 0x00, 0x00, 0x00, 0x14, 0x01, 0x01, 0x81, 0x21, 0x01, 0x00, 0x00, 
0x20, 0x01, 0x00, 0x00, 0x22, 0x01, 0x00, 0x00, 0x16, 0x01, 0x03, 0x00, 0x15, 0x01, 0x03, 0x00, 
0x17, 0x01, 0x77, 0x00, 0x05, 0x00, 0x01, 0x00, 0x00, 0x40, 0x00, 0x00, 0x47, 0x2d, 0x05, 0x00, 
0x0b, 0x01, 0x28, 0x00, 0x0c, 0x01, 0x28, 0x00, 0x0a, 0x01, 0x28, 0x00, 0x06, 0x40, 0x00, 0x00, 
0x01, 0x00, 0x00, 0x00, 0x05, 0x40, 0x00, 0x00, 0x08, 0x13, 0x00, 0x00, 0x04, 0x40, 0x00, 0x00, 
0x74, 0x00, 0x00, 0x00, 0x09, 0x01, 0x94, 0xff, 0x05, 0x01, 0x01, 0x00, 0x10, 0x40, 0x00, 0x00, 
0x90, 0x01, 0x09, 0x00, 0x16, 0x40, 0x00, 0x00, 0x40, 0x01, 0x00, 0x00, 0x15, 0x40, 0x00, 0x00, 
0x40, 0x01, 0x00, 0x00, 0x14, 0x40, 0x00, 0x00, 0x10, 0x00, 0x00, 0x00, 0x14, 0x01, 0x41, 0x00, 
0x21, 0x01, 0x02, 0x00, 0x20, 0x01, 0x02, 0x00, 0x22, 0x01, 0x07, 0x00, 0x20, 0x40, 0x00, 0x00, 
0xc0, 0x89, 0x00, 0x00, 0x22, 0x40, 0x00, 0x00, 0xb0, 0x89, 0x00, 0x00, 0x16, 0x01, 0x05, 0x00, 
0x15, 0x01, 0x0b, 0x00, 0x17, 0x01, 0x07, 0x00, 0x02, 0x00, 0x00, 0x00, 0x00, 0x40, 0x00, 0x00, 
0x90, 0x01, 0x09, 0x00, 0x0b, 0x01, 0x13, 0x00, 0x0c, 0x01, 0x13, 0x00, 0x0a, 0x01, 0x13, 0x00, 
0x06, 0x40, 0x00, 0x00, 0x40, 0x01, 0x00, 0x00, 0x05, 0x40, 0x00, 0x00, 0x40, 0x01, 0x00, 0x00, 
0x04, 0x40, 0x00, 0x00, 0x10, 0x00, 0x00, 0x00, 0x09, 0x01, 0xf1, 0xff, 0x05, 0x01, 0x41, 0x00, 
0x10, 0x40, 0x00, 0x00, 0x97, 0x4c, 0x08, 0x00, 0x16, 0x40, 0x00, 0x00, 0x01, 0x00, 0x00, 0x00, 
0x15, 0x40, 0x00, 0x00, 0x10, 0x09, 0x00, 0x00, 0x14, 0x40, 0x00, 0x00, 0x74, 0x00, 0x00, 0x00, 
0x14, 0x01, 0x01, 0x81, 0x21, 0x01, 0x00, 0x00, 0x20, 0x01, 0x00, 0x00, 0x22, 0x01, 0x00, 0x00, 
0x16, 0x01, 0x03, 0x00, 0x15, 0x01, 0x03, 0x00, 0x17, 0x01, 0x77, 0x00, 0x05, 0x00, 0x01, 0x00, 
0x00, 0x40, 0x00, 0x00, 0x48, 0x2d, 0x05, 0x00, 0x0b, 0x01, 0x28, 0x00, 0x0c, 0x01, 0x28, 0x00, 
0x0a, 0x01, 0x28, 0x00, 0x06, 0x40, 0x00, 0x00, 0x01, 0x00, 0x00, 0x00, 0x05, 0x40, 0x00, 0x00, 
0x08, 0x13, 0x00, 0x00, 0x04, 0x40, 0x00, 0x00, 0x74, 0x00, 0x00, 0x00, 0x09, 0x01, 0x94, 0xff, 
0x05, 0x01, 0x01, 0x00, 0x10, 0x40, 0x00, 0x00, 0x90, 0x01, 0x09, 0x00, 0x16, 0x40, 0x00, 0x00, 
0x40, 0x01, 0x00, 0x00, 0x15, 0x40, 0x00, 0x00, 0x40, 0x01, 0x00, 0x00, 0x14, 0x40, 0x00, 0x00, 
0x10, 0x00, 0x00, 0x00, 0x14, 0x01, 0x41, 0x00, 0x21, 0x01, 0x02, 0x00, 0x20, 0x01, 0x02, 0x00, 
0x22, 0x01, 0x07, 0x00, 0x20, 0x40, 0x00, 0x00, 0x00, 0x8a, 0x00, 0x00, 0x22, 0x40, 0x00, 0x00, 
0xf0, 0x89, 0x00, 0x00, 0x16, 0x01, 0x05, 0x00, 0x15, 0x01, 0x0b, 0x00, 0x17, 0x01, 0x07, 0x00, 
0x02, 0x00, 0x00, 0x00, 0x00, 0x40, 0x00, 0x00, 0x90, 0x01, 0x09, 0x00, 0x0b, 0x01, 0x13, 0x00, 
0x0c, 0x01, 0x13, 0x00, 0x0a, 0x01, 0x13, 0x00, 0x06, 0x40, 0x00, 0x00, 0x40, 0x01, 0x00, 0x00, 
0x05, 0x40, 0x00, 0x00, 0x40, 0x01, 0x00, 0x00, 0x04, 0x40, 0x00, 0x00, 0x10, 0x00, 0x00, 0x00, 
0x09, 0x01, 0xf1, 0xff, 0x05, 0x01, 0x41, 0x00, 0x10, 0x40, 0x00, 0x00, 0x98, 0x4c, 0x08, 0x00, 
0x16, 0x40, 0x00, 0x00, 0x01, 0x00, 0x00, 0x00, 0x15, 0x40, 0x00, 0x00, 0x10, 0x09, 0x00, 0x00, 
0x14, 0x40, 0x00, 0x00, 0x74, 0x00, 0x00, 0x00, 0x14, 0x01, 0x01, 0x81, 0x21, 0x01, 0x00, 0x00, 
0x20, 0x01, 0x00, 0x00, 0x22, 0x01, 0x00, 0x00, 0x16, 0x01, 0x03, 0x00, 0x15, 0x01, 0x03, 0x00, 
0x17, 0x01, 0x77, 0x00, 0x05, 0x00, 0x01, 0x00, 0x00, 0x40, 0x00, 0x00, 0x49, 0x2d, 0x05, 0x00, 
0x0b, 0x01, 0x28, 0x00, 0x0c, 0x01, 0x28, 0x00, 0x0a, 0x01, 0x28, 0x00, 0x06, 0x40, 0x00, 0x00, 
0x01, 0x00, 0x00, 0x00, 0x05, 0x40, 0x00, 0x00, 0x08, 0x13, 0x00, 0x00, 0x04, 0x40, 0x00, 0x00, 
0x74, 0x00, 0x00, 0x00, 0x09, 0x01, 0x94, 0xff, 0x05, 0x01, 0x01, 0x00, 0x10, 0x40, 0x00, 0x00, 
0x90, 0x01, 0x09, 0x00, 0x16, 0x40, 0x00, 0x00, 0x40, 0x01, 0x00, 0x00, 0x15, 0x40, 0x00, 0x00, 
0x40, 0x01, 0x00, 0x00, 0x14, 0x40, 0x00, 0x00, 0x10, 0x00, 0x00, 0x00, 0x14, 0x01, 0x41, 0x00, 
0x21, 0x01, 0x02, 0x00, 0x20, 0x01, 0x02, 0x00, 0x22, 0x01, 0x07, 0x00, 0x20, 0x40, 0x00, 0x00, 
0x40, 0x8a, 0x00, 0x00, 0x22, 0x40, 0x00, 0x00, 0x30, 0x8a, 0x00, 0x00, 0x16, 0x01, 0x05, 0x00, 
0x15, 0x01, 0x0b, 0x00, 0x17, 0x01, 0x07, 0x00, 0x02, 0x00, 0x00, 0x00, 0x00, 0x40, 0x00, 0x00, 
0x90, 0x01, 0x09, 0x00, 0x0b, 0x01, 0x13, 0x00, 0x0c, 0x01, 0x13, 0x00, 0x0a, 0x01, 0x13, 0x00, 
0x06, 0x40, 0x00, 0x00, 0x40, 0x01, 0x00, 0x00, 0x05, 0x40, 0x00, 0x00, 0x40, 0x01, 0x00, 0x00, 
0x04, 0x40, 0x00, 0x00, 0x10, 0x00, 0x00, 0x00, 0x09, 0x01, 0xf1, 0xff, 0x05, 0x01, 0x41, 0x00, 
0x10, 0x40, 0x00, 0x00, 0x99, 0x4c, 0x08, 0x00, 0x16, 0x40, 0x00, 0x00, 0x01, 0x00, 0x00, 0x00, 
0x15, 0x40, 0x00, 0x00, 0x10, 0x09, 0x00, 0x00, 0x14, 0x40, 0x00, 0x00, 0x74, 0x00, 0x00, 0x00, 
0x14, 0x01, 0x01, 0x81, 0x21, 0x01, 0x00, 0x00, 0x20, 0x01, 0x00, 0x00, 0x22, 0x01, 0x00, 0x00, 
0x16, 0x01, 0x03, 0x00, 0x15, 0x01, 0x03, 0x00, 0x17, 0x01, 0x77, 0x00, 0x05, 0x00, 0x01, 0x00, 
0x00, 0x40, 0x00, 0x00, 0x4a, 0x2d, 0x05, 0x00, 0x0b, 0x01, 0x28, 0x00, 0x0c, 0x01, 0x28, 0x00, 
0x0a, 0x01, 0x28, 0x00, 0x06, 0x40, 0x00, 0x00, 0x01, 0x00, 0x00, 0x00, 0x05, 0x40, 0x00, 0x00, 
0x08, 0x13, 0x00, 0x00, 0x04, 0x40, 0x00, 0x00, 0x74, 0x00, 0x00, 0x00, 0x09, 0x01, 0x94, 0xff, 
0x05, 0x01, 0x01, 0x00, 0x10, 0x40, 0x00, 0x00, 0x90, 0x01, 0x09, 0x00, 0x16, 0x40, 0x00, 0x00, 
0x40, 0x01, 0x00, 0x00, 0x15, 0x40, 0x00, 0x00, 0x40, 0x01, 0x00, 0x00, 0x14, 0x40, 0x00, 0x00, 
0x10, 0x00, 0x00, 0x00, 0x14, 0x01, 0x41, 0x00, 0x21, 0x01, 0x02, 0x00, 0x20, 0x01, 0x02, 0x00, 
0x22, 0x01, 0x07, 0x00, 0x20, 0x40, 0x00, 0x00, 0x80, 0x8a, 0x00, 0x00, 0x22, 0x40, 0x00, 0x00, 
0x70, 0x8a, 0x00, 0x00, 0x16, 0x01, 0x05, 0x00, 0x15, 0x01, 0x0b, 0x00, 0x17, 0x01, 0x07, 0x00, 
0x02, 0x00, 0x00, 0x00, 0x00, 0x40, 0x00, 0x00, 0x90, 0x01, 0x09, 0x00, 0x0b, 0x01, 0x13, 0x00, 
0x0c, 0x01, 0x13, 0x00, 0x0a, 0x01, 0x13, 0x00, 0x06, 0x40, 0x00, 0x00, 0x40, 0x01, 0x00, 0x00, 
0x05, 0x40, 0x00, 0x00, 0x40, 0x01, 0x00, 0x00, 0x04, 0x40, 0x00, 0x00, 0x10, 0x00, 0x00, 0x00, 
0x09, 0x01, 0xf1, 0xff, 0x05, 0x01, 0x41, 0x00, 0x10, 0x40, 0x00, 0x00, 0x9a, 0x4c, 0x08, 0x00, 
0x16, 0x40, 0x00, 0x00, 0x01, 0x00, 0x00, 0x00, 0x15, 0x40, 0x00, 0x00, 0x10, 0x09, 0x00, 0x00, 
0x14, 0x40, 0x00, 0x00, 0x74, 0x00, 0x00, 0x00, 0x14, 0x01, 0x01, 0x81, 0x21, 0x01, 0x00, 0x00, 
0x20, 0x01, 0x00, 0x00, 0x22, 0x01, 0x00, 0x00, 0x16, 0x01, 0x03, 0x00, 0x15, 0x01, 0x03, 0x00, 
0x17, 0x01, 0x77, 0x00, 0x05, 0x00, 0x01, 0x00, 0x00, 0x40, 0x00, 0x00, 0x4b, 0x2d, 0x05, 0x00, 
0x0b, 0x01, 0x28, 0x00, 0x0c, 0x01, 0x28, 0x00, 0x0a, 0x01, 0x28, 0x00, 0x06, 0x40, 0x00, 0x00, 
0x01, 0x00, 0x00, 0x00, 0x05, 0x40, 0x00, 0x00, 0x08, 0x13, 0x00, 0x00, 0x04, 0x40, 0x00, 0x00, 
0x74, 0x00, 0x00, 0x00, 0x09, 0x01, 0x94, 0xff, 0x05, 0x01, 0x01, 0x00, 0x10, 0x40, 0x00, 0x00, 
0x90, 0x01, 0x09, 0x00, 0x16, 0x40, 0x00, 0x00, 0x40, 0x01, 0x00, 0x00, 0x15, 0x40, 0x00, 0x00, 
0x40, 0x01, 0x00, 0x00, 0x14, 0x40, 0x00, 0x00, 0x10, 0x00, 0x00, 0x00, 0x14, 0x01, 0x41, 0x00, 
0x21, 0x01, 0x02, 0x00, 0x20, 0x01, 0x02, 0x00, 0x22, 0x01, 0x07, 0x00, 0x20, 0x40, 0x00, 0x00, 
0xc0, 0x8a, 0x00, 0x00, 0x22, 0x40, 0x00, 0x00, 0xb0, 0x8a, 0x00, 0x00, 0x16, 0x01, 0x05, 0x00, 
0x15, 0x01, 0x0b, 0x00, 0x17, 0x01, 0x07, 0x00, 0x02, 0x00, 0x00, 0x00, 0x00, 0x40, 0x00, 0x00, 
0x90, 0x01, 0x09, 0x00, 0x0b, 0x01, 0x13, 0x00, 0x0c, 0x01, 0x13, 0x00, 0x0a, 0x01, 0x13, 0x00, 
0x06, 0x40, 0x00, 0x00, 0x40, 0x01, 0x00, 0x00, 0x05, 0x40, 0x00, 0x00, 0x40, 0x01, 0x00, 0x00, 
0x04, 0x40, 0x00, 0x00, 0x10, 0x00, 0x00, 0x00, 0x09, 0x01, 0xf1, 0xff, 0x05, 0x01, 0x41, 0x00, 
0x10, 0x40, 0x00, 0x00, 0x9b, 0x4c, 0x08, 0x00, 0x16, 0x40, 0x00, 0x00, 0x01, 0x00, 0x00, 0x00, 
0x15, 0x40, 0x00, 0x00, 0x10, 0x09, 0x00, 0x00, 0x14, 0x40, 0x00, 0x00, 0x74, 0x00, 0x00, 0x00, 
0x14, 0x01, 0x01, 0x81, 0x21, 0x01, 0x00, 0x00, 0x20, 0x01, 0x00, 0x00, 0x22, 0x01, 0x00, 0x00, 
0x16, 0x01, 0x03, 0x00, 0x15, 0x01, 0x03, 0x00, 0x17, 0x01, 0x77, 0x00, 0x05, 0x00, 0x01, 0x00, 
0x00, 0x40, 0x00, 0x00, 0x4c, 0x2d, 0x05, 0x00, 0x0b, 0x01, 0x28, 0x00, 0x0c, 0x01, 0x28, 0x00, 
0x0a, 0x01, 0x28, 0x00, 0x06, 0x40, 0x00, 0x00, 0x01, 0x00, 0x00, 0x00, 0x05, 0x40, 0x00, 0x00, 
0x08, 0x13, 0x00, 0x00, 0x04, 0x40, 0x00, 0x00, 0x74, 0x00, 0x00, 0x00, 0x09, 0x01, 0x94, 0xff, 
0x05, 0x01, 0x01, 0x00, 0x10, 0x40, 0x00, 0x00, 0x90, 0x01, 0x09, 0x00, 0x16, 0x40, 0x00, 0x00, 
0x40, 0x01, 0x00, 0x00, 0x15, 0x40, 0x00, 0x00, 0x40, 0x01, 0x00, 0x00, 0x14, 0x40, 0x00, 0x00, 
0x10, 0x00, 0x00, 0x00, 0x14, 0x01, 0x41, 0x00, 0x21, 0x01, 0x02, 0x00, 0x20, 0x01, 0x02, 0x00, 
0x22, 0x01, 0x07, 0x00, 0x20, 0x40, 0x00, 0x00, 0x00, 0x8b, 0x00, 0x00, 0x22, 0x40, 0x00, 0x00, 
0xf0, 0x8a, 0x00, 0x00, 0x16, 0x01, 0x05, 0x00, 0x15, 0x01, 0x0b, 0x00, 0x17, 0x01, 0x07, 0x00, 
0x02, 0x00, 0x00, 0x00, 0x00, 0x40, 0x00, 0x00, 0x90, 0x01, 0x09, 0x00, 0x0b, 0x01, 0x13, 0x00, 
0x0c, 0x01, 0x13, 0x00, 0x0a, 0x01, 0x13, 0x00, 0x06, 0x40, 0x00, 0x00, 0x40, 0x01, 0x00, 0x00, 
0x05, 0x40, 0x00, 0x00, 0x40, 0x01, 0x00, 0x00, 0x04, 0x40, 0x00, 0x00, 0x10, 0x00, 0x00, 0x00, 
0x09, 0x01, 0xf1, 0xff, 0x05, 0x01, 0x41, 0x00, 0x10, 0x40, 0x00, 0x00, 0x9c, 0x4c, 0x08, 0x00, 
0x16, 0x40, 0x00, 0x00, 0x01, 0x00, 0x00, 0x00, 0x15, 0x40, 0x00, 0x00, 0x10, 0x09, 0x00, 0x00, 
0x14, 0x40, 0x00, 0x00, 0x74, 0x00, 0x00, 0x00, 0x14, 0x01, 0x01, 0x81, 0x21, 0x01, 0x00, 0x00, 
0x20, 0x01, 0x00, 0x00, 0x22, 0x01, 0x00, 0x00, 0x16, 0x01, 0x03, 0x00, 0x15, 0x01, 0x03, 0x00, 
0x17, 0x01, 0x77, 0x00, 0x05, 0x00, 0x01, 0x00, 0x00, 0x40, 0x00, 0x00, 0x4d, 0x2d, 0x05, 0x00, 
0x0b, 0x01, 0x28, 0x00, 0x0c, 0x01, 0x28, 0x00, 0x0a, 0x01, 0x28, 0x00, 0x06, 0x40, 0x00, 0x00, 
0x01, 0x00, 0x00, 0x00, 0x05, 0x40, 0x00, 0x00, 0x08, 0x13, 0x00, 0x00, 0x04, 0x40, 0x00, 0x00, 
0x74, 0x00, 0x00, 0x00, 0x09, 0x01, 0x94, 0xff, 0x05, 0x01, 0x01, 0x00, 0x10, 0x40, 0x00, 0x00, 
0x90, 0x01, 0x09, 0x00, 0x16, 0x40, 0x00, 0x00, 0x40, 0x01, 0x00, 0x00, 0x15, 0x40, 0x00, 0x00, 
0x40, 0x01, 0x00, 0x00, 0x14, 0x40, 0x00, 0x00, 0x10, 0x00, 0x00, 0x00, 0x14, 0x01, 0x41, 0x00, 
0x21, 0x01, 0x02, 0x00, 0x20, 0x01, 0x02, 0x00, 0x22, 0x01, 0x07, 0x00, 0x20, 0x40, 0x00, 0x00, 
0x40, 0x8b, 0x00, 0x00, 0x22, 0x40, 0x00, 0x00, 0x30, 0x8b, 0x00, 0x00, 0x16, 0x01, 0x05, 0x00, 
0x15, 0x01, 0x0b, 0x00, 0x17, 0x01, 0x07, 0x00, 0x02, 0x00, 0x00, 0x00, 0x00, 0x40, 0x00, 0x00, 
0x90, 0x01, 0x09, 0x00, 0x0b, 0x01, 0x13, 0x00, 0x0c, 0x01, 0x13, 0x00, 0x0a, 0x01, 0x13, 0x00, 
0x06, 0x40, 0x00, 0x00, 0x40, 0x01, 0x00, 0x00, 0x05, 0x40, 0x00, 0x00, 0x40, 0x01, 0x00, 0x00, 
0x04, 0x40, 0x00, 0x00, 0x10, 0x00, 0x00, 0x00, 0x09, 0x01, 0xf1, 0xff, 0x05, 0x01, 0x41, 0x00, 
0x10, 0x40, 0x00, 0x00, 0x9d, 0x4c, 0x08, 0x00, 0x16, 0x40, 0x00, 0x00, 0x01, 0x00, 0x00, 0x00, 
0x15, 0x40, 0x00, 0x00, 0x10, 0x09, 0x00, 0x00, 0x14, 0x40, 0x00, 0x00, 0x74, 0x00, 0x00, 0x00, 
0x14, 0x01, 0x01, 0x81, 0x21, 0x01, 0x00, 0x00, 0x20, 0x01, 0x00, 0x00, 0x22, 0x01, 0x00, 0x00, 
0x16, 0x01, 0x03, 0x00, 0x15, 0x01, 0x03, 0x00, 0x17, 0x01, 0x77, 0x00, 0x05, 0x00, 0x01, 0x00, 
0x00, 0x40, 0x00, 0x00, 0x4e, 0x2d, 0x05, 0x00, 0x0b, 0x01, 0x28, 0x00, 0x0c, 0x01, 0x28, 0x00, 
0x0a, 0x01, 0x28, 0x00, 0x06, 0x40, 0x00, 0x00, 0x01, 0x00, 0x00, 0x00, 0x05, 0x40, 0x00, 0x00, 
0x08, 0x13, 0x00, 0x00, 0x04, 0x40, 0x00, 0x00, 0x74, 0x00, 0x00, 0x00, 0x09, 0x01, 0x94, 0xff, 
0x05, 0x01, 0x01, 0x00, 0x10, 0x40, 0x00, 0x00, 0x90, 0x01, 0x09, 0x00, 0x16, 0x40, 0x00, 0x00, 
0x40, 0x01, 0x00, 0x00, 0x15, 0x40, 0x00, 0x00, 0x40, 0x01, 0x00, 0x00, 0x14, 0x40, 0x00, 0x00, 
0x10, 0x00, 0x00, 0x00, 0x14, 0x01, 0x41, 0x00, 0x21, 0x01, 0x02, 0x00, 0x20, 0x01, 0x02, 0x00, 
0x22, 0x01, 0x07, 0x00, 0x20, 0x40, 0x00, 0x00, 0x80, 0x8b, 0x00, 0x00, 0x22, 0x40, 0x00, 0x00, 
0x70, 0x8b, 0x00, 0x00, 0x16, 0x01, 0x05, 0x00, 0x15, 0x01, 0x0b, 0x00, 0x17, 0x01, 0x07, 0x00, 
0x02, 0x00, 0x00, 0x00, 0x00, 0x40, 0x00, 0x00, 0x90, 0x01, 0x09, 0x00, 0x0b, 0x01, 0x13, 0x00, 
0x0c, 0x01, 0x13, 0x00, 0x0a, 0x01, 0x13, 0x00, 0x06, 0x40, 0x00, 0x00, 0x40, 0x01, 0x00, 0x00, 
0x05, 0x40, 0x00, 0x00, 0x40, 0x01, 0x00, 0x00, 0x04, 0x40, 0x00, 0x00, 0x10, 0x00, 0x00, 0x00, 
0x09, 0x01, 0xf1, 0xff, 0x05, 0x01, 0x41, 0x00, 0x10, 0x40, 0x00, 0x00, 0x9e, 0x4c, 0x08, 0x00, 
0x16, 0x40, 0x00, 0x00, 0x01, 0x00, 0x00, 0x00, 0x15, 0x40, 0x00, 0x00, 0x10, 0x09, 0x00, 0x00, 
0x14, 0x40, 0x00, 0x00, 0x74, 0x00, 0x00, 0x00, 0x14, 0x01, 0x01, 0x81, 0x21, 0x01, 0x00, 0x00, 
0x20, 0x01, 0x00, 0x00, 0x22, 0x01, 0x00, 0x00, 0x16, 0x01, 0x03, 0x00, 0x15, 0x01, 0x03, 0x00, 
0x17, 0x01, 0x77, 0x00, 0x05, 0x00, 0x01, 0x00, 0x00, 0x40, 0x00, 0x00, 0x4f, 0x2d, 0x05, 0x00, 
0x0b, 0x01, 0x28, 0x00, 0x0c, 0x01, 0x28, 0x00, 0x0a, 0x01, 0x28, 0x00, 0x06, 0x40, 0x00, 0x00, 
0x01, 0x00, 0x00, 0x00, 0x05, 0x40, 0x00, 0x00, 0x08, 0x13, 0x00, 0x00, 0x04, 0x40, 0x00, 0x00, 
0x74, 0x00, 0x00, 0x00, 0x09, 0x01, 0x94, 0xff, 0x05, 0x01, 0x01, 0x00, 0x10, 0x40, 0x00, 0x00, 
0x90, 0x01, 0x09, 0x00, 0x16, 0x40, 0x00, 0x00, 0x40, 0x01, 0x00, 0x00, 0x15, 0x40, 0x00, 0x00, 
0x40, 0x01, 0x00, 0x00, 0x14, 0x40, 0x00, 0x00, 0x10, 0x00, 0x00, 0x00, 0x14, 0x01, 0x41, 0x00, 
0x21, 0x01, 0x02, 0x00, 0x20, 0x01, 0x02, 0x00, 0x22, 0x01, 0x07, 0x00, 0x20, 0x40, 0x00, 0x00, 
0xc0, 0x8b, 0x00, 0x00, 0x22, 0x40, 0x00, 0x00, 0xb0, 0x8b, 0x00, 0x00, 0x16, 0x01, 0x05, 0x00, 
0x15, 0x01, 0x0b, 0x00, 0x17, 0x01, 0x07, 0x00, 0x02, 0x00, 0x00, 0x00, 0x00, 0x40, 0x00, 0x00, 
0x90, 0x01, 0x09, 0x00, 0x0b, 0x01, 0x13, 0x00, 0x0c, 0x01, 0x13, 0x00, 0x0a, 0x01, 0x13, 0x00, 
0x06, 0x40, 0x00, 0x00, 0x40, 0x01, 0x00, 0x00, 0x05, 0x40, 0x00, 0x00, 0x40, 0x01, 0x00, 0x00, 
0x04, 0x40, 0x00, 0x00, 0x10, 0x00, 0x00, 0x00, 0x09, 0x01, 0xf1, 0xff, 0x05, 0x01, 0x41, 0x00, 
0x10, 0x40, 0x00, 0x00, 0x9f, 0x4c, 0x08, 0x00, 0x16, 0x40, 0x00, 0x00, 0x01, 0x00, 0x00, 0x00, 
0x15, 0x40, 0x00, 0x00, 0x10, 0x09, 0x00, 0x00, 0x14, 0x40, 0x00, 0x00, 0x74, 0x00, 0x00, 0x00, 
0x14, 0x01, 0x01, 0x81, 0x21, 0x01, 0x00, 0x00, 0x20, 0x01, 0x00, 0x00, 0x22, 0x01, 0x00, 0x00, 
0x16, 0x01, 0x03, 0x00, 0x15, 0x01, 0x03, 0x00, 0x17, 0x01, 0x77, 0x00, 0x05, 0x00, 0x01, 0x00, 
0x00, 0x40, 0x00, 0x00, 0x50, 0x2d, 0x05, 0x00, 0x0b, 0x01, 0x28, 0x00, 0x0c, 0x01, 0x28, 0x00, 
0x0a, 0x01, 0x28, 0x00, 0x06, 0x40, 0x00, 0x00, 0x01, 0x00, 0x00, 0x00, 0x05, 0x40, 0x00, 0x00, 
0x08, 0x13, 0x00, 0x00, 0x04, 0x40, 0x00, 0x00, 0x74, 0x00, 0x00, 0x00, 0x09, 0x01, 0x94, 0xff, 
0x05, 0x01, 0x01, 0x00, 0x10, 0x40, 0x00, 0x00, 0x90, 0x01, 0x09, 0x00, 0x16, 0x40, 0x00, 0x00, 
0x40, 0x01, 0x00, 0x00, 0x15, 0x40, 0x00, 0x00, 0x40, 0x01, 0x00, 0x00, 0x14, 0x40, 0x00, 0x00, 
0x10, 0x00, 0x00, 0x00, 0x14, 0x01, 0x41, 0x00, 0x21, 0x01, 0x02, 0x00, 0x20, 0x01, 0x02, 0x00, 
0x22, 0x01, 0x07, 0x00, 0x20, 0x40, 0x00, 0x00, 0x00, 0x8c, 0x00, 0x00, 0x22, 0x40, 0x00, 0x00, 
0xf0, 0x8b, 0x00, 0x00, 0x16, 0x01, 0x05, 0x00, 0x15, 0x01, 0x0b, 0x00, 0x17, 0x01, 0x07, 0x00, 
0x02, 0x00, 0x00, 0x00, 0x00, 0x40, 0x00, 0x00, 0x90, 0x01, 0x09, 0x00, 0x0b, 0x01, 0x13, 0x00, 
0x0c, 0x01, 0x13, 0x00, 0x0a, 0x01, 0x13, 0x00, 0x06, 0x40, 0x00, 0x00, 0x40, 0x01, 0x00, 0x00, 
0x05, 0x40, 0x00, 0x00, 0x40, 0x01, 0x00, 0x00, 0x04, 0x40, 0x00, 0x00, 0x10, 0x00, 0x00, 0x00, 
0x09, 0x01, 0xf1, 0xff, 0x05, 0x01, 0x41, 0x00, 0x10, 0x40, 0x00, 0x00, 0xa0, 0x4c, 0x08, 0x00, 
0x16, 0x40, 0x00, 0x00, 0x01, 0x00, 0x00, 0x00, 0x15, 0x40, 0x00, 0x00, 0x10, 0x09, 0x00, 0x00, 
0x14, 0x40, 0x00, 0x00, 0x74, 0x00, 0x00, 0x00, 0x14, 0x01, 0x01, 0x81, 0x21, 0x01, 0x00, 0x00, 
0x20, 0x01, 0x00, 0x00, 0x22, 0x01, 0x00, 0x00, 0x16, 0x01, 0x03, 0x00, 0x15, 0x01, 0x03, 0x00, 
0x17, 0x01, 0x77, 0x00, 0x05, 0x00, 0x01, 0x00, 0x00, 0x40, 0x00, 0x00, 0x51, 0x2d, 0x05, 0x00, 
0x0b, 0x01, 0x28, 0x00, 0x0c, 0x01, 0x28, 0x00, 0x0a, 0x01, 0x28, 0x00, 0x06, 0x40, 0x00, 0x00, 
0x01, 0x00, 0x00, 0x00, 0x05, 0x40, 0x00, 0x00, 0x08, 0x13, 0x00, 0x00, 0x04, 0x40, 0x00, 0x00, 
0x74, 0x00, 0x00, 0x00, 0x09, 0x01, 0x94, 0xff, 0x05, 0x01, 0x01, 0x00, 0x10, 0x40, 0x00, 0x00, 
0x90, 0x01, 0x09, 0x00, 0x16, 0x40, 0x00, 0x00, 0x40, 0x01, 0x00, 0x00, 0x15, 0x40, 0x00, 0x00, 
0x40, 0x01, 0x00, 0x00, 0x14, 0x40, 0x00, 0x00, 0x10, 0x00, 0x00, 0x00, 0x14, 0x01, 0x41, 0x00, 
0x21, 0x01, 0x02, 0x00, 0x20, 0x01, 0x02, 0x00, 0x22, 0x01, 0x07, 0x00, 0x20, 0x40, 0x00, 0x00, 
0x40, 0x8c, 0x00, 0x00, 0x22, 0x40, 0x00, 0x00, 0x30, 0x8c, 0x00, 0x00, 0x16, 0x01, 0x05, 0x00, 
0x15, 0x01, 0x0b, 0x00, 0x17, 0x01, 0x07, 0x00, 0x02, 0x00, 0x00, 0x00, 0x00, 0x40, 0x00, 0x00, 
0x90, 0x01, 0x09, 0x00, 0x0b, 0x01, 0x13, 0x00, 0x0c, 0x01, 0x13, 0x00, 0x0a, 0x01, 0x13, 0x00, 
0x06, 0x40, 0x00, 0x00, 0x40, 0x01, 0x00, 0x00, 0x05, 0x40, 0x00, 0x00, 0x40, 0x01, 0x00, 0x00, 
0x04, 0x40, 0x00, 0x00, 0x10, 0x00, 0x00, 0x00, 0x09, 0x01, 0xf1, 0xff, 0x05, 0x01, 0x41, 0x00, 
0x10, 0x40, 0x00, 0x00, 0xa1, 0x4c, 0x08, 0x00, 0x16, 0x40, 0x00, 0x00, 0x01, 0x00, 0x00, 0x00, 
0x15, 0x40, 0x00, 0x00, 0x10, 0x09, 0x00, 0x00, 0x14, 0x40, 0x00, 0x00, 0x74, 0x00, 0x00, 0x00, 
0x14, 0x01, 0x01, 0x81, 0x21, 0x01, 0x00, 0x00, 0x20, 0x01, 0x00, 0x00, 0x22, 0x01, 0x00, 0x00, 
0x16, 0x01, 0x03, 0x00, 0x15, 0x01, 0x03, 0x00, 0x17, 0x01, 0x77, 0x00, 0x05, 0x00, 0x01, 0x00, 
0x00, 0x40, 0x00, 0x00, 0x52, 0x2d, 0x05, 0x00, 0x0b, 0x01, 0x28, 0x00, 0x0c, 0x01, 0x28, 0x00, 
0x0a, 0x01, 0x28, 0x00, 0x06, 0x40, 0x00, 0x00, 0x01, 0x00, 0x00, 0x00, 0x05, 0x40, 0x00, 0x00, 
0x08, 0x13, 0x00, 0x00, 0x04, 0x40, 0x00, 0x00, 0x74, 0x00, 0x00, 0x00, 0x09, 0x01, 0x94, 0xff, 
0x05, 0x01, 0x01, 0x00, 0x10, 0x40, 0x00, 0x00, 0x90, 0x01, 0x09, 0x00, 0x16, 0x40, 0x00, 0x00, 
0x40, 0x01, 0x00, 0x00, 0x15, 0x40, 0x00, 0x00, 0x40, 0x01, 0x00, 0x00, 0x14, 0x40, 0x00, 0x00, 
0x10, 0x00, 0x00, 0x00, 0x14, 0x01, 0x41, 0x00, 0x21, 0x01, 0x02, 0x00, 0x20, 0x01, 0x02, 0x00, 
0x22, 0x01, 0x07, 0x00, 0x20, 0x40, 0x00, 0x00, 0x80, 0x8c, 0x00, 0x00, 0x22, 0x40, 0x00, 0x00, 
0x70, 0x8c, 0x00, 0x00, 0x16, 0x01, 0x05, 0x00, 0x15, 0x01, 0x0b, 0x00, 0x17, 0x01, 0x07, 0x00, 
0x02, 0x00, 0x00, 0x00, 0x00, 0x40, 0x00, 0x00, 0x90, 0x01, 0x09, 0x00, 0x0b, 0x01, 0x13, 0x00, 
0x0c, 0x01, 0x13, 0x00, 0x0a, 0x01, 0x13, 0x00, 0x06, 0x40, 0x00, 0x00, 0x40, 0x01, 0x00, 0x00, 
0x05, 0x40, 0x00, 0x00, 0x40, 0x01, 0x00, 0x00, 0x04, 0x40, 0x00, 0x00, 0x10, 0x00, 0x00, 0x00, 
0x09, 0x01, 0xf1, 0xff, 0x05, 0x01, 0x41, 0x00, 0x10, 0x40, 0x00, 0x00, 0xa2, 0x4c, 0x08, 0x00, 
0x16, 0x40, 0x00, 0x00, 0x01, 0x00, 0x00, 0x00, 0x15, 0x40, 0x00, 0x00, 0x10, 0x09, 0x00, 0x00, 
0x14, 0x40, 0x00, 0x00, 0x74, 0x00, 0x00, 0x00, 0x14, 0x01, 0x01, 0x81, 0x21, 0x01, 0x00, 0x00, 
0x20, 0x01, 0x00, 0x00, 0x22, 0x01, 0x00, 0x00, 0x16, 0x01, 0x03, 0x00, 0x15, 0x01, 0x03, 0x00, 
0x17, 0x01, 0x77, 0x00, 0x05, 0x00, 0x01, 0x00, 0x00, 0x40, 0x00, 0x00, 0x53, 0x2d, 0x05, 0x00, 
0x0b, 0x01, 0x28, 0x00, 0x0c, 0x01, 0x28, 0x00, 0x0a, 0x01, 0x28, 0x00, 0x06, 0x40, 0x00, 0x00, 
0x01, 0x00, 0x00, 0x00, 0x05, 0x40, 0x00, 0x00, 0x08, 0x13, 0x00, 0x00, 0x04, 0x40, 0x00, 0x00, 
0x74, 0x00, 0x00, 0x00, 0x09, 0x01, 0x94, 0xff, 0x05, 0x01, 0x01, 0x00, 0x10, 0x40, 0x00, 0x00, 
0x90, 0x01, 0x09, 0x00, 0x16, 0x40, 0x00, 0x00, 0x40, 0x01, 0x00, 0x00, 0x15, 0x40, 0x00, 0x00, 
0x40, 0x01, 0x00, 0x00, 0x14, 0x40, 0x00, 0x00, 0x10, 0x00, 0x00, 0x00, 0x14, 0x01, 0x41, 0x00, 
0x21, 0x01, 0x02, 0x00, 0x20, 0x01, 0x02, 0x00, 0x22, 0x01, 0x07, 0x00, 0x20, 0x40, 0x00, 0x00, 
0xc0, 0x8c, 0x00, 0x00, 0x22, 0x40, 0x00, 0x00, 0xb0, 0x8c, 0x00, 0x00, 0x16, 0x01, 0x05, 0x00, 
0x15, 0x01, 0x0b, 0x00, 0x17, 0x01, 0x07, 0x00, 0x02, 0x00, 0x00, 0x00, 0x00, 0x40, 0x00, 0x00, 
0x90, 0x01, 0x09, 0x00, 0x0b, 0x01, 0x13, 0x00, 0x0c, 0x01, 0x13, 0x00, 0x0a, 0x01, 0x13, 0x00, 
0x06, 0x40, 0x00, 0x00, 0x40, 0x01, 0x00, 0x00, 0x05, 0x40, 0x00, 0x00, 0x40, 0x01, 0x00, 0x00, 
0x04, 0x40, 0x00, 0x00, 0x10, 0x00, 0x00, 0x00, 0x09, 0x01, 0xf1, 0xff, 0x05, 0x01, 0x41, 0x00, 
0x10, 0x40, 0x00, 0x00, 0xa3, 0x4c, 0x08, 0x00, 0x16, 0x40, 0x00, 0x00, 0x01, 0x00, 0x00, 0x00, 
0x15, 0x40, 0x00, 0x00, 0x10, 0x09, 0x00, 0x00, 0x14, 0x40, 0x00, 0x00, 0x74, 0x00, 0x00, 0x00, 
0x14, 0x01, 0x01, 0x81, 0x21, 0x01, 0x00, 0x00, 0x20, 0x01, 0x00, 0x00, 0x22, 0x01, 0x00, 0x00, 
0x16, 0x01, 0x03, 0x00, 0x15, 0x01, 0x03, 0x00, 0x17, 0x01, 0x77, 0x00, 0x05, 0x00, 0x01, 0x00, 
0x00, 0x40, 0x00, 0x00, 0x54, 0x2d, 0x05, 0x00, 0x0b, 0x01, 0x28, 0x00, 0x0c, 0x01, 0x28, 0x00, 
0x0a, 0x01, 0x28, 0x00, 0x06, 0x40, 0x00, 0x00, 0x01, 0x00, 0x00, 0x00, 0x05, 0x40, 0x00, 0x00, 
0x08, 0x13, 0x00, 0x00, 0x04, 0x40, 0x00, 0x00, 0x74, 0x00, 0x00, 0x00, 0x09, 0x01, 0x94, 0xff, 
0x05, 0x01, 0x01, 0x00, 0x10, 0x40, 0x00, 0x00, 0x90, 0x01, 0x09, 0x00, 0x16, 0x40, 0x00, 0x00, 
0x40, 0x01, 0x00, 0x00, 0x15, 0x40, 0x00, 0x00, 0x40, 0x01, 0x00, 0x00, 0x14, 0x40, 0x00, 0x00, 
0x10, 0x00, 0x00, 0x00, 0x14, 0x01, 0x41, 0x00, 0x21, 0x01, 0x02, 0x00, 0x20, 0x01, 0x02, 0x00, 
0x22, 0x01, 0x07, 0x00, 0x20, 0x40, 0x00, 0x00, 0x00, 0x8d, 0x00, 0x00, 0x22, 0x40, 0x00, 0x00, 
0xf0, 0x8c, 0x00, 0x00, 0x16, 0x01, 0x05, 0x00, 0x15, 0x01, 0x0b, 0x00, 0x17, 0x01, 0x07, 0x00, 
0x02, 0x00, 0x00, 0x00, 0x00, 0x40, 0x00, 0x00, 0x90, 0x01, 0x09, 0x00, 0x0b, 0x01, 0x13, 0x00, 
0x0c, 0x01, 0x13, 0x00, 0x0a, 0x01, 0x13, 0x00, 0x06, 0x40, 0x00, 0x00, 0x40, 0x01, 0x00, 0x00, 
0x05, 0x40, 0x00, 0x00, 0x40, 0x01, 0x00, 0x00, 0x04, 0x40, 0x00, 0x00, 0x10, 0x00, 0x00, 0x00, 
0x09, 0x01, 0xf1, 0xff, 0x05, 0x01, 0x41, 0x00, 0x10, 0x40, 0x00, 0x00, 0xa4, 0x4c, 0x08, 0x00, 
0x16, 0x40, 0x00, 0x00, 0x01, 0x00, 0x00, 0x00, 0x15, 0x40, 0x00, 0x00, 0x10, 0x09, 0x00, 0x00, 
0x14, 0x40, 0x00, 0x00, 0x74, 0x00, 0x00, 0x00, 0x14, 0x01, 0x01, 0x81, 0x21, 0x01, 0x00, 0x00, 
0x20, 0x01, 0x00, 0x00, 0x22, 0x01, 0x00, 0x00, 0x16, 0x01, 0x03, 0x00, 0x15, 0x01, 0x03, 0x00, 
0x17, 0x01, 0x77, 0x00, 0x05, 0x00, 0x01, 0x00, 0x00, 0x40, 0x00, 0x00, 0x55, 0x2d, 0x05, 0x00, 
0x0b, 0x01, 0x28, 0x00, 0x0c, 0x01, 0x28, 0x00, 0x0a, 0x01, 0x28, 0x00, 0x06, 0x40, 0x00, 0x00, 
0x01, 0x00, 0x00, 0x00, 0x05, 0x40, 0x00, 0x00, 0x08, 0x13, 0x00, 0x00, 0x04, 0x40, 0x00, 0x00, 
0x74, 0x00, 0x00, 0x00, 0x09, 0x01, 0x94, 0xff, 0x05, 0x01, 0x01, 0x00, 0x10, 0x40, 0x00, 0x00, 
0x90, 0x01, 0x09, 0x00, 0x16, 0x40, 0x00, 0x00, 0x40, 0x01, 0x00, 0x00, 0x15, 0x40, 0x00, 0x00, 
0x40, 0x01, 0x00, 0x00, 0x14, 0x40, 0x00, 0x00, 0x10, 0x00, 0x00, 0x00, 0x14, 0x01, 0x41, 0x00, 
0x21, 0x01, 0x02, 0x00, 0x20, 0x01, 0x02, 0x00, 0x22, 0x01, 0x07, 0x00, 0x20, 0x40, 0x00, 0x00, 
0x40, 0x8d, 0x00, 0x00, 0x22, 0x40, 0x00, 0x00, 0x30, 0x8d, 0x00, 0x00, 0x16, 0x01, 0x05, 0x00, 
0x15, 0x01, 0x0b, 0x00, 0x17, 0x01, 0x07, 0x00, 0x02, 0x00, 0x00, 0x00, 0x00, 0x40, 0x00, 0x00, 
0x90, 0x01, 0x09, 0x00, 0x0b, 0x01, 0x13, 0x00, 0x0c, 0x01, 0x13, 0x00, 0x0a, 0x01, 0x13, 0x00, 
0x06, 0x40, 0x00, 0x00, 0x40, 0x01, 0x00, 0x00, 0x05, 0x40, 0x00, 0x00, 0x40, 0x01, 0x00, 0x00, 
0x04, 0x40, 0x00, 0x00, 0x10, 0x00, 0x00, 0x00, 0x09, 0x01, 0xf1, 0xff, 0x05, 0x01, 0x41, 0x00, 
0x10, 0x40, 0x00, 0x00, 0xa5, 0x4c, 0x08, 0x00, 0x16, 0x40, 0x00, 0x00, 0x01, 0x00, 0x00, 0x00, 
0x15, 0x40, 0x00, 0x00, 0x10, 0x09, 0x00, 0x00, 0x14, 0x40, 0x00, 0x00, 0x74, 0x00, 0x00, 0x00, 
0x14, 0x01, 0x01, 0x81, 0x21, 0x01, 0x00, 0x00, 0x20, 0x01, 0x00, 0x00, 0x22, 0x01, 0x00, 0x00, 
0x16, 0x01, 0x03, 0x00, 0x15, 0x01, 0x03, 0x00, 0x17, 0x01, 0x77, 0x00, 0x05, 0x00, 0x01, 0x00, 
0x00, 0x40, 0x00, 0x00, 0x56, 0x2d, 0x05, 0x00, 0x0b, 0x01, 0x28, 0x00, 0x0c, 0x01, 0x28, 0x00, 
0x0a, 0x01, 0x28, 0x00, 0x06, 0x40, 0x00, 0x00, 0x01, 0x00, 0x00, 0x00, 0x05, 0x40, 0x00, 0x00, 
0x08, 0x13, 0x00, 0x00, 0x04, 0x40, 0x00, 0x00, 0x74, 0x00, 0x00, 0x00, 0x09, 0x01, 0x94, 0xff, 
0x05, 0x01, 0x01, 0x00, 0x10, 0x40, 0x00, 0x00, 0x90, 0x01, 0x09, 0x00, 0x16, 0x40, 0x00, 0x00, 
0x40, 0x01, 0x00, 0x00, 0x15, 0x40, 0x00, 0x00, 0x40, 0x01, 0x00, 0x00, 0x14, 0x40, 0x00, 0x00, 
0x10, 0x00, 0x00, 0x00, 0x14, 0x01, 0x41, 0x00, 0x21, 0x01, 0x02, 0x00, 0x20, 0x01, 0x02, 0x00, 
0x22, 0x01, 0x07, 0x00, 0x20, 0x40, 0x00, 0x00, 0x80, 0x8d, 0x00, 0x00, 0x22, 0x40, 0x00, 0x00, 
0x70, 0x8d, 0x00, 0x00, 0x16, 0x01, 0x05, 0x00, 0x15, 0x01, 0x0b, 0x00, 0x17, 0x01, 0x07, 0x00, 
0x02, 0x00, 0x00, 0x00, 0x00, 0x40, 0x00, 0x00, 0x90, 0x01, 0x09, 0x00, 0x0b, 0x01, 0x13, 0x00, 
0x0c, 0x01, 0x13, 0x00, 0x0a, 0x01, 0x13, 0x00, 0x06, 0x40, 0x00, 0x00, 0x40, 0x01, 0x00, 0x00, 
0x05, 0x40, 0x00, 0x00, 0x40, 0x01, 0x00, 0x00, 0x04, 0x40, 0x00, 0x00, 0x10, 0x00, 0x00, 0x00, 
0x09, 0x01, 0xf1, 0xff, 0x05, 0x01, 0x41, 0x00, 0x10, 0x40, 0x00, 0x00, 0xa6, 0x4c, 0x08, 0x00, 
0x16, 0x40, 0x00, 0x00, 0x01, 0x00, 0x00, 0x00, 0x15, 0x40, 0x00, 0x00, 0x10, 0x09, 0x00, 0x00, 
0x14, 0x40, 0x00, 0x00, 0x74, 0x00, 0x00, 0x00, 0x14, 0x01, 0x01, 0x81, 0x21, 0x01, 0x00, 0x00, 
0x20, 0x01, 0x00, 0x00, 0x22, 0x01, 0x00, 0x00, 0x16, 0x01, 0x03, 0x00, 0x15, 0x01, 0x03, 0x00, 
0x17, 0x01, 0x77, 0x00, 0x05, 0x00, 0x01, 0x00, 0x00, 0x40, 0x00, 0x00, 0x57, 0x2d, 0x05, 0x00, 
0x0b, 0x01, 0x28, 0x00, 0x0c, 0x01, 0x28, 0x00, 0x0a, 0x01, 0x28, 0x00, 0x06, 0x40, 0x00, 0x00, 
0x01, 0x00, 0x00, 0x00, 0x05, 0x40, 0x00, 0x00, 0x08, 0x13, 0x00, 0x00, 0x04, 0x40, 0x00, 0x00, 
0x74, 0x00, 0x00, 0x00, 0x09, 0x01, 0x94, 0xff, 0x05, 0x01, 0x01, 0x00, 0x10, 0x40, 0x00, 0x00, 
0x90, 0x01, 0x09, 0x00, 0x16, 0x40, 0x00, 0x00, 0x40, 0x01, 0x00, 0x00, 0x15, 0x40, 0x00, 0x00, 
0x40, 0x01, 0x00, 0x00, 0x14, 0x40, 0x00, 0x00, 0x10, 0x00, 0x00, 0x00, 0x14, 0x01, 0x41, 0x00, 
0x21, 0x01, 0x02, 0x00, 0x20, 0x01, 0x02, 0x00, 0x22, 0x01, 0x07, 0x00, 0x20, 0x40, 0x00, 0x00, 
0xc0, 0x8d, 0x00, 0x00, 0x22, 0x40, 0x00, 0x00, 0xb0, 0x8d, 0x00, 0x00, 0x16, 0x01, 0x05, 0x00, 
0x15, 0x01, 0x0b, 0x00, 0x17, 0x01, 0x07, 0x00, 0x02, 0x00, 0x00, 0x00, 0x00, 0x40, 0x00, 0x00, 
0x90, 0x01, 0x09, 0x00, 0x0b, 0x01, 0x13, 0x00, 0x0c, 0x01, 0x13, 0x00, 0x0a, 0x01, 0x13, 0x00, 
0x06, 0x40, 0x00, 0x00, 0x40, 0x01, 0x00, 0x00, 0x05, 0x40, 0x00, 0x00, 0x40, 0x01, 0x00, 0x00, 
0x04, 0x40, 0x00, 0x00, 0x10, 0x00, 0x00, 0x00, 0x09, 0x01, 0xf1, 0xff, 0x05, 0x01, 0x41, 0x00, 
0x10, 0x40, 0x00, 0x00, 0xa7, 0x4c, 0x08, 0x00, 0x16, 0x40, 0x00, 0x00, 0x01, 0x00, 0x00, 0x00, 
0x15, 0x40, 0x00, 0x00, 0x10, 0x09, 0x00, 0x00, 0x14, 0x40, 0x00, 0x00, 0x74, 0x00, 0x00, 0x00, 
0x14, 0x01, 0x01, 0x81, 0x21, 0x01, 0x00, 0x00, 0x20, 0x01, 0x00, 0x00, 0x22, 0x01, 0x00, 0x00, 
0x16, 0x01, 0x03, 0x00, 0x15, 0x01, 0x03, 0x00, 0x17, 0x01, 0x77, 0x00, 0x05, 0x00, 0x01, 0x00, 
0x00, 0x40, 0x00, 0x00, 0x58, 0x2d, 0x05, 0x00, 0x0b, 0x01, 0x28, 0x00, 0x0c, 0x01, 0x28, 0x00, 
0x0a, 0x01, 0x28, 0x00, 0x06, 0x40, 0x00, 0x00, 0x01, 0x00, 0x00, 0x00, 0x05, 0x40, 0x00, 0x00, 
0x08, 0x13, 0x00, 0x00, 0x04, 0x40, 0x00, 0x00, 0x74, 0x00, 0x00, 0x00, 0x09, 0x01, 0x94, 0xff, 
0x05, 0x01, 0x01, 0x00, 0x10, 0x40, 0x00, 0x00, 0x90, 0x01, 0x09, 0x00, 0x16, 0x40, 0x00, 0x00, 
0x40, 0x01, 0x00, 0x00, 0x15, 0x40, 0x00, 0x00, 0x40, 0x01, 0x00, 0x00, 0x14, 0x40, 0x00, 0x00, 
0x10, 0x00, 0x00, 0x00, 0x14, 0x01, 0x41, 0x00, 0x21, 0x01, 0x02, 0x00, 0x20, 0x01, 0x02, 0x00, 
0x22, 0x01, 0x07, 0x00, 0x20, 0x40, 0x00, 0x00, 0x00, 0x8e, 0x00, 0x00, 0x22, 0x40, 0x00, 0x00, 
0xf0, 0x8d, 0x00, 0x00, 0x16, 0x01, 0x05, 0x00, 0x15, 0x01, 0x0b, 0x00, 0x17, 0x01, 0x07, 0x00, 
0x02, 0x00, 0x00, 0x00, 0x00, 0x40, 0x00, 0x00, 0x90, 0x01, 0x09, 0x00, 0x0b, 0x01, 0x13, 0x00, 
0x0c, 0x01, 0x13, 0x00, 0x0a, 0x01, 0x13, 0x00, 0x06, 0x40, 0x00, 0x00, 0x40, 0x01, 0x00, 0x00, 
0x05, 0x40, 0x00, 0x00, 0x40, 0x01, 0x00, 0x00, 0x04, 0x40, 0x00, 0x00, 0x10, 0x00, 0x00, 0x00, 
0x09, 0x01, 0xf1, 0xff, 0x05, 0x01, 0x41, 0x00, 0x10, 0x40, 0x00, 0x00, 0xa8, 0x4c, 0x08, 0x00, 
0x16, 0x40, 0x00, 0x00, 0x01, 0x00, 0x00, 0x00, 0x15, 0x40, 0x00, 0x00, 0x10, 0x09, 0x00, 0x00, 
0x14, 0x40, 0x00, 0x00, 0x74, 0x00, 0x00, 0x00, 0x14, 0x01, 0x01, 0x81, 0x21, 0x01, 0x00, 0x00, 
0x20, 0x01, 0x00, 0x00, 0x22, 0x01, 0x00, 0x00, 0x16, 0x01, 0x03, 0x00, 0x15, 0x01, 0x03, 0x00, 
0x17, 0x01, 0x77, 0x00, 0x05, 0x00, 0x01, 0x00, 0x00, 0x40, 0x00, 0x00, 0x59, 0x2d, 0x05, 0x00, 
0x0b, 0x01, 0x28, 0x00, 0x0c, 0x01, 0x28, 0x00, 0x0a, 0x01, 0x28, 0x00, 0x06, 0x40, 0x00, 0x00, 
0x01, 0x00, 0x00, 0x00, 0x05, 0x40, 0x00, 0x00, 0x08, 0x13, 0x00, 0x00, 0x04, 0x40, 0x00, 0x00, 
0x74, 0x00, 0x00, 0x00, 0x09, 0x01, 0x94, 0xff, 0x05, 0x01, 0x01, 0x00, 0x10, 0x40, 0x00, 0x00, 
0x90, 0x01, 0x09, 0x00, 0x16, 0x40, 0x00, 0x00, 0x40, 0x01, 0x00, 0x00, 0x15, 0x40, 0x00, 0x00, 
0x40, 0x01, 0x00, 0x00, 0x14, 0x40, 0x00, 0x00, 0x10, 0x00, 0x00, 0x00, 0x14, 0x01, 0x41, 0x00, 
0x21, 0x01, 0x02, 0x00, 0x20, 0x01, 0x02, 0x00, 0x22, 0x01, 0x07, 0x00, 0x20, 0x40, 0x00, 0x00, 
0x40, 0x8e, 0x00, 0x00, 0x22, 0x40, 0x00, 0x00, 0x30, 0x8e, 0x00, 0x00, 0x16, 0x01, 0x05, 0x00, 
0x15, 0x01, 0x0b, 0x00, 0x17, 0x01, 0x07, 0x00, 0x02, 0x00, 0x00, 0x00, 0x00, 0x40, 0x00, 0x00, 
0x90, 0x01, 0x09, 0x00, 0x0b, 0x01, 0x13, 0x00, 0x0c, 0x01, 0x13, 0x00, 0x0a, 0x01, 0x13, 0x00, 
0x06, 0x40, 0x00, 0x00, 0x40, 0x01, 0x00, 0x00, 0x05, 0x40, 0x00, 0x00, 0x40, 0x01, 0x00, 0x00, 
0x04, 0x40, 0x00, 0x00, 0x10, 0x00, 0x00, 0x00, 0x09, 0x01, 0xf1, 0xff, 0x05, 0x01, 0x41, 0x00, 
0x10, 0x40, 0x00, 0x00, 0xa9, 0x4c, 0x08, 0x00, 0x16, 0x40, 0x00, 0x00, 0x01, 0x00, 0x00, 0x00, 
0x15, 0x40, 0x00, 0x00, 0x10, 0x09, 0x00, 0x00, 0x14, 0x40, 0x00, 0x00, 0x74, 0x00, 0x00, 0x00, 
0x14, 0x01, 0x01, 0x81, 0x21, 0x01, 0x00, 0x00, 0x20, 0x01, 0x00, 0x00, 0x22, 0x01, 0x00, 0x00, 
0x16, 0x01, 0x03, 0x00, 0x15, 0x01, 0x03, 0x00, 0x17, 0x01, 0x77, 0x00, 0x05, 0x00, 0x01, 0x00, 
0x00, 0x40, 0x00, 0x00, 0x5a, 0x2d, 0x05, 0x00, 0x0b, 0x01, 0x28, 0x00, 0x0c, 0x01, 0x28, 0x00, 
0x0a, 0x01, 0x28, 0x00, 0x06, 0x40, 0x00, 0x00, 0x01, 0x00, 0x00, 0x00, 0x05, 0x40, 0x00, 0x00, 
0x08, 0x13, 0x00, 0x00, 0x04, 0x40, 0x00, 0x00, 0x74, 0x00, 0x00, 0x00, 0x09, 0x01, 0x94, 0xff, 
0x05, 0x01, 0x01, 0x00, 0x10, 0x40, 0x00, 0x00, 0x90, 0x01, 0x09, 0x00, 0x16, 0x40, 0x00, 0x00, 
0x40, 0x01, 0x00, 0x00, 0x15, 0x40, 0x00, 0x00, 0x40, 0x01, 0x00, 0x00, 0x14, 0x40, 0x00, 0x00, 
0x10, 0x00, 0x00, 0x00, 0x14, 0x01, 0x41, 0x00, 0x21, 0x01, 0x02, 0x00, 0x20, 0x01, 0x02, 0x00, 
0x22, 0x01, 0x07, 0x00, 0x20, 0x40, 0x00, 0x00, 0x80, 0x8e, 0x00, 0x00, 0x22, 0x40, 0x00, 0x00, 
0x70, 0x8e, 0x00, 0x00, 0x16, 0x01, 0x05, 0x00, 0x15, 0x01, 0x0b, 0x00, 0x17, 0x01, 0x07, 0x00, 
0x02, 0x00, 0x00, 0x00, 0x00, 0x40, 0x00, 0x00, 0x90, 0x01, 0x09, 0x00, 0x0b, 0x01, 0x13, 0x00, 
0x0c, 0x01, 0x13, 0x00, 0x0a, 0x01, 0x13, 0x00, 0x06, 0x40, 0x00, 0x00, 0x40, 0x01, 0x00, 0x00, 
0x05, 0x40, 0x00, 0x00, 0x40, 0x01, 0x00, 0x00, 0x04, 0x40, 0x00, 0x00, 0x10, 0x00, 0x00, 0x00, 
0x09, 0x01, 0xf1, 0xff, 0x05, 0x01, 0x41, 0x00, 0x10, 0x40, 0x00, 0x00, 0xaa, 0x4c, 0x08, 0x00, 
0x16, 0x40, 0x00, 0x00, 0x01, 0x00, 0x00, 0x00, 0x15, 0x40, 0x00, 0x00, 0x10, 0x09, 0x00, 0x00, 
0x14, 0x40, 0x00, 0x00, 0x74, 0x00, 0x00, 0x00, 0x14, 0x01, 0x01, 0x81, 0x21, 0x01, 0x00, 0x00, 
0x20, 0x01, 0x00, 0x00, 0x22, 0x01, 0x00, 0x00, 0x16, 0x01, 0x03, 0x00, 0x15, 0x01, 0x03, 0x00, 
0x17, 0x01, 0x77, 0x00, 0x05, 0x00, 0x01, 0x00, 0x00, 0x40, 0x00, 0x00, 0x5b, 0x2d, 0x05, 0x00, 
0x0b, 0x01, 0x28, 0x00, 0x0c, 0x01, 0x28, 0x00, 0x0a, 0x01, 0x28, 0x00, 0x06, 0x40, 0x00, 0x00, 
0x01, 0x00, 0x00, 0x00, 0x05, 0x40, 0x00, 0x00, 0x08, 0x13, 0x00, 0x00, 0x04, 0x40, 0x00, 0x00, 
0x74, 0x00, 0x00, 0x00, 0x09, 0x01, 0x94, 0xff, 0x05, 0x01, 0x01, 0x00, 0x10, 0x40, 0x00, 0x00, 
0x90, 0x01, 0x09, 0x00, 0x16, 0x40, 0x00, 0x00, 0x40, 0x01, 0x00, 0x00, 0x15, 0x40, 0x00, 0x00, 
0x40, 0x01, 0x00, 0x00, 0x14, 0x40, 0x00, 0x00, 0x10, 0x00, 0x00, 0x00, 0x14, 0x01, 0x41, 0x00, 
0x21, 0x01, 0x02, 0x00, 0x20, 0x01, 0x02, 0x00, 0x22, 0x01, 0x07, 0x00, 0x20, 0x40, 0x00, 0x00, 
0xc0, 0x8e, 0x00, 0x00, 0x22, 0x40, 0x00, 0x00, 0xb0, 0x8e, 0x00, 0x00, 0x16, 0x01, 0x05, 0x00, 
0x15, 0x01, 0x0b, 0x00, 0x17, 0x01, 0x07, 0x00, 0x02, 0x00, 0x00, 0x00, 0x00, 0x40, 0x00, 0x00, 
0x90, 0x01, 0x09, 0x00, 0x0b, 0x01, 0x13, 0x00, 0x0c, 0x01, 0x13, 0x00, 0x0a, 0x01, 0x13, 0x00, 
0x06, 0x40, 0x00, 0x00, 0x40, 0x01, 0x00, 0x00, 0x05, 0x40, 0x00, 0x00, 0x40, 0x01, 0x00, 0x00, 
0x04, 0x40, 0x00, 0x00, 0x10, 0x00, 0x00, 0x00, 0x09, 0x01, 0xf1, 0xff, 0x05, 0x01, 0x41, 0x00, 
0x10, 0x40, 0x00, 0x00, 0xab, 0x4c, 0x08, 0x00, 0x16, 0x40, 0x00, 0x00, 0x01, 0x00, 0x00, 0x00, 
0x15, 0x40, 0x00, 0x00, 0x10, 0x09, 0x00, 0x00, 0x14, 0x40, 0x00, 0x00, 0x74, 0x00, 0x00, 0x00, 
0x14, 0x01, 0x01, 0x81, 0x21, 0x01, 0x00, 0x00, 0x20, 0x01, 0x00, 0x00, 0x22, 0x01, 0x00, 0x00, 
0x16, 0x01, 0x03, 0x00, 0x15, 0x01, 0x03, 0x00, 0x17, 0x01, 0x77, 0x00, 0x05, 0x00, 0x01, 0x00, 
0x00, 0x40, 0x00, 0x00, 0x5c, 0x2d, 0x05, 0x00, 0x0b, 0x01, 0x28, 0x00, 0x0c, 0x01, 0x28, 0x00, 
0x0a, 0x01, 0x28, 0x00, 0x06, 0x40, 0x00, 0x00, 0x01, 0x00, 0x00, 0x00, 0x05, 0x40, 0x00, 0x00, 
0x08, 0x13, 0x00, 0x00, 0x04, 0x40, 0x00, 0x00, 0x74, 0x00, 0x00, 0x00, 0x09, 0x01, 0x94, 0xff, 
0x05, 0x01, 0x01, 0x00, 0x10, 0x40, 0x00, 0x00, 0x90, 0x01, 0x09, 0x00, 0x16, 0x40, 0x00, 0x00, 
0x40, 0x01, 0x00, 0x00, 0x15, 0x40, 0x00, 0x00, 0x40, 0x01, 0x00, 0x00, 0x14, 0x40, 0x00, 0x00, 
0x10, 0x00, 0x00, 0x00, 0x14, 0x01, 0x41, 0x00, 0x21, 0x01, 0x02, 0x00, 0x20, 0x01, 0x02, 0x00, 
0x22, 0x01, 0x07, 0x00, 0x20, 0x40, 0x00, 0x00, 0x00, 0x8f, 0x00, 0x00, 0x22, 0x40, 0x00, 0x00, 
0xf0, 0x8e, 0x00, 0x00, 0x16, 0x01, 0x05, 0x00, 0x15, 0x01, 0x0b, 0x00, 0x17, 0x01, 0x07, 0x00, 
0x02, 0x00, 0x00, 0x00, 0x00, 0x40, 0x00, 0x00, 0x90, 0x01, 0x09, 0x00, 0x0b, 0x01, 0x13, 0x00, 
0x0c, 0x01, 0x13, 0x00, 0x0a, 0x01, 0x13, 0x00, 0x06, 0x40, 0x00, 0x00, 0x40, 0x01, 0x00, 0x00, 
0x05, 0x40, 0x00, 0x00, 0x40, 0x01, 0x00, 0x00, 0x04, 0x40, 0x00, 0x00, 0x10, 0x00, 0x00, 0x00, 
0x09, 0x01, 0xf1, 0xff, 0x05, 0x01, 0x41, 0x00, 0x10, 0x40, 0x00, 0x00, 0xac, 0x4c, 0x08, 0x00, 
0x16, 0x40, 0x00, 0x00, 0x01, 0x00, 0x00, 0x00, 0x15, 0x40, 0x00, 0x00, 0x10, 0x09, 0x00, 0x00, 
0x14, 0x40, 0x00, 0x00, 0x74, 0x00, 0x00, 0x00, 0x14, 0x01, 0x01, 0x81, 0x21, 0x01, 0x00, 0x00, 
0x20, 0x01, 0x00, 0x00, 0x22, 0x01, 0x00, 0x00, 0x16, 0x01, 0x03, 0x00, 0x15, 0x01, 0x03, 0x00, 
0x17, 0x01, 0x77, 0x00, 0x05, 0x00, 0x01, 0x00, 0x00, 0x40, 0x00, 0x00, 0x5d, 0x2d, 0x05, 0x00, 
0x0b, 0x01, 0x28, 0x00, 0x0c, 0x01, 0x28, 0x00, 0x0a, 0x01, 0x28, 0x00, 0x06, 0x40, 0x00, 0x00, 
0x01, 0x00, 0x00, 0x00, 0x05, 0x40, 0x00, 0x00, 0x08, 0x13, 0x00, 0x00, 0x04, 0x40, 0x00, 0x00, 
0x74, 0x00, 0x00, 0x00, 0x09, 0x01, 0x94, 0xff, 0x05, 0x01, 0x01, 0x00, 0x10, 0x40, 0x00, 0x00, 
0x90, 0x01, 0x09, 0x00, 0x16, 0x40, 0x00, 0x00, 0x40, 0x01, 0x00, 0x00, 0x15, 0x40, 0x00, 0x00, 
0x40, 0x01, 0x00, 0x00, 0x14, 0x40, 0x00, 0x00, 0x10, 0x00, 0x00, 0x00, 0x14, 0x01, 0x41, 0x00, 
0x21, 0x01, 0x02, 0x00, 0x20, 0x01, 0x02, 0x00, 0x22, 0x01, 0x07, 0x00, 0x20, 0x40, 0x00, 0x00, 
0x40, 0x8f, 0x00, 0x00, 0x22, 0x40, 0x00, 0x00, 0x30, 0x8f, 0x00, 0x00, 0x16, 0x01, 0x05, 0x00, 
0x15, 0x01, 0x0b, 0x00, 0x17, 0x01, 0x07, 0x00, 0x02, 0x00, 0x00, 0x00, 0x00, 0x40, 0x00, 0x00, 
0x90, 0x01, 0x09, 0x00, 0x0b, 0x01, 0x13, 0x00, 0x0c, 0x01, 0x13, 0x00, 0x0a, 0x01, 0x13, 0x00, 
0x06, 0x40, 0x00, 0x00, 0x40, 0x01, 0x00, 0x00, 0x05, 0x40, 0x00, 0x00, 0x40, 0x01, 0x00, 0x00, 
0x04, 0x40, 0x00, 0x00, 0x10, 0x00, 0x00, 0x00, 0x09, 0x01, 0xf1, 0xff, 0x05, 0x01, 0x41, 0x00, 
0x10, 0x40, 0x00, 0x00, 0xad, 0x4c, 0x08, 0x00, 0x16, 0x40, 0x00, 0x00, 0x01, 0x00, 0x00, 0x00, 
0x15, 0x40, 0x00, 0x00, 0x10, 0x09, 0x00, 0x00, 0x14, 0x40, 0x00, 0x00, 0x74, 0x00, 0x00, 0x00, 
0x14, 0x01, 0x01, 0x81, 0x21, 0x01, 0x00, 0x00, 0x20, 0x01, 0x00, 0x00, 0x22, 0x01, 0x00, 0x00, 
0x16, 0x01, 0x03, 0x00, 0x15, 0x01, 0x03, 0x00, 0x17, 0x01, 0x77, 0x00, 0x05, 0x00, 0x01, 0x00, 
0x00, 0x40, 0x00, 0x00, 0x5e, 0x2d, 0x05, 0x00, 0x0b, 0x01, 0x28, 0x00, 0x0c, 0x01, 0x28, 0x00, 
0x0a, 0x01, 0x28, 0x00, 0x06, 0x40, 0x00, 0x00, 0x01, 0x00, 0x00, 0x00, 0x05, 0x40, 0x00, 0x00, 
0x08, 0x13, 0x00, 0x00, 0x04, 0x40, 0x00, 0x00, 0x74, 0x00, 0x00, 0x00, 0x09, 0x01, 0x94, 0xff, 
0x05, 0x01, 0x01, 0x00, 0x10, 0x40, 0x00, 0x00, 0x90, 0x01, 0x09, 0x00, 0x16, 0x40, 0x00, 0x00, 
0x40, 0x01, 0x00, 0x00, 0x15, 0x40, 0x00, 0x00, 0x40, 0x01, 0x00, 0x00, 0x14, 0x40, 0x00, 0x00, 
0x10, 0x00, 0x00, 0x00, 0x14, 0x01, 0x41, 0x00, 0x21, 0x01, 0x02, 0x00, 0x20, 0x01, 0x02, 0x00, 
0x22, 0x01, 0x07, 0x00, 0x20, 0x40, 0x00, 0x00, 0x80, 0x8f, 0x00, 0x00, 0x22, 0x40, 0x00, 0x00, 
0x70, 0x8f, 0x00, 0x00, 0x16, 0x01, 0x05, 0x00, 0x15, 0x01, 0x0b, 0x00, 0x17, 0x01, 0x07, 0x00, 
0x02, 0x00, 0x00, 0x00, 0x00, 0x40, 0x00, 0x00, 0x90, 0x01, 0x09, 0x00, 0x0b, 0x01, 0x13, 0x00, 
0x0c, 0x01, 0x13, 0x00, 0x0a, 0x01, 0x13, 0x00, 0x06, 0x40, 0x00, 0x00, 0x40, 0x01, 0x00, 0x00, 
0x05, 0x40, 0x00, 0x00, 0x40, 0x01, 0x00, 0x00, 0x04, 0x40, 0x00, 0x00, 0x10, 0x00, 0x00, 0x00, 
0x09, 0x01, 0xf1, 0xff, 0x05, 0x01, 0x41, 0x00, 0x10, 0x40, 0x00, 0x00, 0xae, 0x4c, 0x08, 0x00, 
0x16, 0x40, 0x00, 0x00, 0x01, 0x00, 0x00, 0x00, 0x15, 0x40, 0x00, 0x00, 0x10, 0x09, 0x00, 0x00, 
0x14, 0x40, 0x00, 0x00, 0x74, 0x00, 0x00, 0x00, 0x14, 0x01, 0x01, 0x81, 0x21, 0x01, 0x00, 0x00, 
0x20, 0x01, 0x00, 0x00, 0x22, 0x01, 0x00, 0x00, 0x16, 0x01, 0x03, 0x00, 0x15, 0x01, 0x03, 0x00, 
0x17, 0x01, 0x77, 0x00, 0x05, 0x00, 0x01, 0x00, 0x00, 0x40, 0x00, 0x00, 0x5f, 0x2d, 0x05, 0x00, 
0x0b, 0x01, 0x28, 0x00, 0x0c, 0x01, 0x28, 0x00, 0x0a, 0x01, 0x28, 0x00, 0x06, 0x40, 0x00, 0x00, 
0x01, 0x00, 0x00, 0x00, 0x05, 0x40, 0x00, 0x00, 0x08, 0x13, 0x00, 0x00, 0x04, 0x40, 0x00, 0x00, 
0x74, 0x00, 0x00, 0x00, 0x09, 0x01, 0x94, 0xff, 0x05, 0x01, 0x01, 0x00, 0x10, 0x40, 0x00, 0x00, 
0x90, 0x01, 0x09, 0x00, 0x16, 0x40, 0x00, 0x00, 0x40, 0x01, 0x00, 0x00, 0x15, 0x40, 0x00, 0x00, 
0x40, 0x01, 0x00, 0x00, 0x14, 0x40, 0x00, 0x00, 0x10, 0x00, 0x00, 0x00, 0x14, 0x01, 0x41, 0x00, 
0x21, 0x01, 0x02, 0x00, 0x20, 0x01, 0x02, 0x00, 0x22, 0x01, 0x07, 0x00, 0x20, 0x40, 0x00, 0x00, 
0xc0, 0x8f, 0x00, 0x00, 0x22, 0x40, 0x00, 0x00, 0xb0, 0x8f, 0x00, 0x00, 0x16, 0x01, 0x05, 0x00, 
0x15, 0x01, 0x0b, 0x00, 0x17, 0x01, 0x07, 0x00, 0x02, 0x00, 0x00, 0x00, 0x00, 0x40, 0x00, 0x00, 
0x90, 0x01, 0x09, 0x00, 0x0b, 0x01, 0x13, 0x00, 0x0c, 0x01, 0x13, 0x00, 0x0a, 0x01, 0x13, 0x00, 
0x06, 0x40, 0x00, 0x00, 0x40, 0x01, 0x00, 0x00, 0x05, 0x40, 0x00, 0x00, 0x40, 0x01, 0x00, 0x00, 
0x04, 0x40, 0x00, 0x00, 0x10, 0x00, 0x00, 0x00, 0x09, 0x01, 0xf1, 0xff, 0x05, 0x01, 0x41, 0x00, 
0x10, 0x40, 0x00, 0x00, 0xaf, 0x4c, 0x08, 0x00, 0x16, 0x40, 0x00, 0x00, 0x01, 0x00, 0x00, 0x00, 
0x15, 0x40, 0x00, 0x00, 0x10, 0x09, 0x00, 0x00, 0x14, 0x40, 0x00, 0x00, 0x74, 0x00, 0x00, 0x00, 
0x14, 0x01, 0x01, 0x81, 0x21, 0x01, 0x00, 0x00, 0x20, 0x01, 0x00, 0x00, 0x22, 0x01, 0x00, 0x00, 
0x16, 0x01, 0x03, 0x00, 0x15, 0x01, 0x03, 0x00, 0x17, 0x01, 0x77, 0x00, 0x05, 0x00, 0x01, 0x00, 
0x00, 0x40, 0x00, 0x00, 0x60, 0x2d, 0x05, 0x00, 0x0b, 0x01, 0x28, 0x00, 0x0c, 0x01, 0x28, 0x00, 
0x0a, 0x01, 0x28, 0x00, 0x06, 0x40, 0x00, 0x00, 0x01, 0x00, 0x00, 0x00, 0x05, 0x40, 0x00, 0x00, 
0x08, 0x13, 0x00, 0x00, 0x04, 0x40, 0x00, 0x00, 0x74, 0x00, 0x00, 0x00, 0x09, 0x01, 0x94, 0xff, 
0x05, 0x01, 0x01, 0x00, 0x10, 0x40, 0x00, 0x00, 0x90, 0x01, 0x09, 0x00, 0x16, 0x40, 0x00, 0x00, 
0x40, 0x01, 0x00, 0x00, 0x15, 0x40, 0x00, 0x00, 0x40, 0x01, 0x00, 0x00, 0x14, 0x40, 0x00, 0x00, 
0x10, 0x00, 0x00, 0x00, 0x14, 0x01, 0x41, 0x00, 0x21, 0x01, 0x02, 0x00, 0x20, 0x01, 0x02, 0x00, 
0x22, 0x01, 0x07, 0x00, 0x20, 0x40, 0x00, 0x00, 0x00, 0x90, 0x00, 0x00, 0x22, 0x40, 0x00, 0x00, 
0xf0, 0x8f, 0x00, 0x00, 0x16, 0x01, 0x05, 0x00, 0x15, 0x01, 0x0b, 0x00, 0x17, 0x01, 0x07, 0x00, 
0x02, 0x00, 0x00, 0x00, 0x00, 0x40, 0x00, 0x00, 0x90, 0x01, 0x09, 0x00, 0x0b, 0x01, 0x13, 0x00, 
0x0c, 0x01, 0x13, 0x00, 0x0a, 0x01, 0x13, 0x00, 0x06, 0x40, 0x00, 0x00, 0x40, 0x01, 0x00, 0x00, 
0x05, 0x40, 0x00, 0x00, 0x40, 0x01, 0x00, 0x00, 0x04, 0x40, 0x00, 0x00, 0x10, 0x00, 0x00, 0x00, 
0x09, 0x01, 0xf1, 0xff, 0x05, 0x01, 0x41, 0x00, 0x10, 0x40, 0x00, 0x00, 0xb0, 0x4c, 0x08, 0x00, 
0x16, 0x40, 0x00, 0x00, 0x01, 0x00, 0x00, 0x00, 0x15, 0x40, 0x00, 0x00, 0x10, 0x09, 0x00, 0x00, 
0x14, 0x40, 0x00, 0x00, 0x74, 0x00, 0x00, 0x00, 0x14, 0x01, 0x01, 0x81, 0x21, 0x01, 0x00, 0x00, 
0x20, 0x01, 0x00, 0x00, 0x22, 0x01, 0x00, 0x00, 0x16, 0x01, 0x03, 0x00, 0x15, 0x01, 0x03, 0x00, 
0x17, 0x01, 0x77, 0x00, 0x05, 0x00, 0x01, 0x00, 0x00, 0x40, 0x00, 0x00, 0x61, 0x2d, 0x05, 0x00, 
0x0b, 0x01, 0x28, 0x00, 0x0c, 0x01, 0x28, 0x00, 0x0a, 0x01, 0x28, 0x00, 0x06, 0x40, 0x00, 0x00, 
0x01, 0x00, 0x00, 0x00, 0x05, 0x40, 0x00, 0x00, 0x08, 0x13, 0x00, 0x00, 0x04, 0x40, 0x00, 0x00, 
0x74, 0x00, 0x00, 0x00, 0x09, 0x01, 0x94, 0xff, 0x05, 0x01, 0x01, 0x00, 0x10, 0x40, 0x00, 0x00, 
0x90, 0x01, 0x09, 0x00, 0x16, 0x40, 0x00, 0x00, 0x40, 0x01, 0x00, 0x00, 0x15, 0x40, 0x00, 0x00, 
0x40, 0x01, 0x00, 0x00, 0x14, 0x40, 0x00, 0x00, 0x10, 0x00, 0x00, 0x00, 0x14, 0x01, 0x41, 0x00, 
0x21, 0x01, 0x02, 0x00, 0x20, 0x01, 0x02, 0x00, 0x22, 0x01, 0x07, 0x00, 0x20, 0x40, 0x00, 0x00, 
0x40, 0x90, 0x00, 0x00, 0x22, 0x40, 0x00, 0x00, 0x30, 0x90, 0x00, 0x00, 0x16, 0x01, 0x05, 0x00, 
0x15, 0x01, 0x0b, 0x00, 0x17, 0x01, 0x07, 0x00, 0x02, 0x00, 0x00, 0x00, 0x00, 0x40, 0x00, 0x00, 
0x90, 0x01, 0x09, 0x00, 0x0b, 0x01, 0x13, 0x00, 0x0c, 0x01, 0x13, 0x00, 0x0a, 0x01, 0x13, 0x00, 
0x06, 0x40, 0x00, 0x00, 0x40, 0x01, 0x00, 0x00, 0x05, 0x40, 0x00, 0x00, 0x40, 0x01, 0x00, 0x00, 
0x04, 0x40, 0x00, 0x00, 0x10, 0x00, 0x00, 0x00, 0x09, 0x01, 0xf1, 0xff, 0x05, 0x01, 0x41, 0x00, 
0x10, 0x40, 0x00, 0x00, 0xb1, 0x4c, 0x08, 0x00, 0x16, 0x40, 0x00, 0x00, 0x01, 0x00, 0x00, 0x00, 
0x15, 0x40, 0x00, 0x00, 0x10, 0x09, 0x00, 0x00, 0x14, 0x40, 0x00, 0x00, 0x74, 0x00, 0x00, 0x00, 
0x14, 0x01, 0x01, 0x81, 0x21, 0x01, 0x00, 0x00, 0x20, 0x01, 0x00, 0x00, 0x22, 0x01, 0x00, 0x00, 
0x16, 0x01, 0x03, 0x00, 0x15, 0x01, 0x03, 0x00, 0x17, 0x01, 0x77, 0x00, 0x05, 0x00, 0x01, 0x00, 
0x00, 0x40, 0x00, 0x00, 0x62, 0x2d, 0x05, 0x00, 0x0b, 0x01, 0x28, 0x00, 0x0c, 0x01, 0x28, 0x00, 
0x0a, 0x01, 0x28, 0x00, 0x06, 0x40, 0x00, 0x00, 0x01, 0x00, 0x00, 0x00, 0x05, 0x40, 0x00, 0x00, 
0x08, 0x13, 0x00, 0x00, 0x04, 0x40, 0x00, 0x00, 0x74, 0x00, 0x00, 0x00, 0x09, 0x01, 0x94, 0xff, 
0x05, 0x01, 0x01, 0x00, 0x10, 0x40, 0x00, 0x00, 0x90, 0x01, 0x09, 0x00, 0x16, 0x40, 0x00, 0x00, 
0x40, 0x01, 0x00, 0x00, 0x15, 0x40, 0x00, 0x00, 0x40, 0x01, 0x00, 0x00, 0x14, 0x40, 0x00, 0x00, 
0x10, 0x00, 0x00, 0x00, 0x14, 0x01, 0x41, 0x00, 0x21, 0x01, 0x02, 0x00, 0x20, 0x01, 0x02, 0x00, 
0x22, 0x01, 0x07, 0x00, 0x20, 0x40, 0x00, 0x00, 0x80, 0x90, 0x00, 0x00, 0x22, 0x40, 0x00, 0x00, 
0x70, 0x90, 0x00, 0x00, 0x16, 0x01, 0x05, 0x00, 0x15, 0x01, 0x0b, 0x00, 0x17, 0x01, 0x07, 0x00, 
0x02, 0x00, 0x00, 0x00, 0x00, 0x40, 0x00, 0x00, 0x90, 0x01, 0x09, 0x00, 0x0b, 0x01, 0x13, 0x00, 
0x0c, 0x01, 0x13, 0x00, 0x0a, 0x01, 0x13, 0x00, 0x06, 0x40, 0x00, 0x00, 0x40, 0x01, 0x00, 0x00, 
0x05, 0x40, 0x00, 0x00, 0x40, 0x01, 0x00, 0x00, 0x04, 0x40, 0x00, 0x00, 0x10, 0x00, 0x00, 0x00, 
0x09, 0x01, 0xf1, 0xff, 0x05, 0x01, 0x41, 0x00, 0x10, 0x40, 0x00, 0x00, 0xb2, 0x4c, 0x08, 0x00, 
0x16, 0x40, 0x00, 0x00, 0x01, 0x00, 0x00, 0x00, 0x15, 0x40, 0x00, 0x00, 0x10, 0x09, 0x00, 0x00, 
0x14, 0x40, 0x00, 0x00, 0x74, 0x00, 0x00, 0x00, 0x14, 0x01, 0x01, 0x81, 0x21, 0x01, 0x00, 0x00, 
0x20, 0x01, 0x00, 0x00, 0x22, 0x01, 0x00, 0x00, 0x16, 0x01, 0x03, 0x00, 0x15, 0x01, 0x03, 0x00, 
0x17, 0x01, 0x77, 0x00, 0x05, 0x00, 0x01, 0x00, 0x00, 0x40, 0x00, 0x00, 0x63, 0x2d, 0x05, 0x00, 
0x0b, 0x01, 0x28, 0x00, 0x0c, 0x01, 0x28, 0x00, 0x0a, 0x01, 0x28, 0x00, 0x06, 0x40, 0x00, 0x00, 
0x01, 0x00, 0x00, 0x00, 0x05, 0x40, 0x00, 0x00, 0x08, 0x13, 0x00, 0x00, 0x04, 0x40, 0x00, 0x00, 
0x74, 0x00, 0x00, 0x00, 0x09, 0x01, 0x94, 0xff, 0x05, 0x01, 0x01, 0x00, 0x10, 0x40, 0x00, 0x00, 
0x90, 0x01, 0x09, 0x00, 0x16, 0x40, 0x00, 0x00, 0x40, 0x01, 0x00, 0x00, 0x15, 0x40, 0x00, 0x00, 
0x40, 0x01, 0x00, 0x00, 0x14, 0x40, 0x00, 0x00, 0x10, 0x00, 0x00, 0x00, 0x14, 0x01, 0x41, 0x00, 
0x21, 0x01, 0x02, 0x00, 0x20, 0x01, 0x02, 0x00, 0x22, 0x01, 0x07, 0x00, 0x20, 0x40, 0x00, 0x00, 
0xc0, 0x90, 0x00, 0x00, 0x22, 0x40, 0x00, 0x00, 0xb0, 0x90, 0x00, 0x00, 0x16, 0x01, 0x05, 0x00, 
0x15, 0x01, 0x0b, 0x00, 0x17, 0x01, 0x07, 0x00, 0x02, 0x00, 0x00, 0x00, 0x00, 0x40, 0x00, 0x00, 
0x90, 0x01, 0x09, 0x00, 0x0b, 0x01, 0x13, 0x00, 0x0c, 0x01, 0x13, 0x00, 0x0a, 0x01, 0x13, 0x00, 
0x06, 0x40, 0x00, 0x00, 0x40, 0x01, 0x00, 0x00, 0x05, 0x40, 0x00, 0x00, 0x40, 0x01, 0x00, 0x00, 
0x04, 0x40, 0x00, 0x00, 0x10, 0x00, 0x00, 0x00, 0x09, 0x01, 0xf1, 0xff, 0x05, 0x01, 0x41, 0x00, 
0x10, 0x40, 0x00, 0x00, 0xb3, 0x4c, 0x08, 0x00, 0x16, 0x40, 0x00, 0x00, 0x01, 0x00, 0x00, 0x00, 
0x15, 0x40, 0x00, 0x00, 0x10, 0x09, 0x00, 0x00, 0x14, 0x40, 0x00, 0x00, 0x74, 0x00, 0x00, 0x00, 
0x14, 0x01, 0x01, 0x81, 0x21, 0x01, 0x00, 0x00, 0x20, 0x01, 0x00, 0x00, 0x22, 0x01, 0x00, 0x00, 
0x16, 0x01, 0x03, 0x00, 0x15, 0x01, 0x03, 0x00, 0x17, 0x01, 0x77, 0x00, 0x05, 0x00, 0x01, 0x00, 
0x00, 0x40, 0x00, 0x00, 0x64, 0x2d, 0x05, 0x00, 0x0b, 0x01, 0x28, 0x00, 0x0c, 0x01, 0x28, 0x00, 
0x0a, 0x01, 0x28, 0x00, 0x06, 0x40, 0x00, 0x00, 0x01, 0x00, 0x00, 0x00, 0x05, 0x40, 0x00, 0x00, 
0x08, 0x13, 0x00, 0x00, 0x04, 0x40, 0x00, 0x00, 0x74, 0x00, 0x00, 0x00, 0x09, 0x01, 0x94, 0xff, 
0x05, 0x01, 0x01, 0x00, 0x10, 0x40, 0x00, 0x00, 0x90, 0x01, 0x09, 0x00, 0x16, 0x40, 0x00, 0x00, 
0x40, 0x01, 0x00, 0x00, 0x15, 0x40, 0x00, 0x00, 0x40, 0x01, 0x00, 0x00, 0x14, 0x40, 0x00, 0x00, 
0x10, 0x00, 0x00, 0x00, 0x14, 0x01, 0x41, 0x00, 0x21, 0x01, 0x02, 0x00, 0x20, 0x01, 0x02, 0x00, 
0x22, 0x01, 0x07, 0x00, 0x20, 0x40, 0x00, 0x00, 0x00, 0x91, 0x00, 0x00, 0x22, 0x40, 0x00, 0x00, 
0xf0, 0x90, 0x00, 0x00, 0x16, 0x01, 0x05, 0x00, 0x15, 0x01, 0x0b, 0x00, 0x17, 0x01, 0x07, 0x00, 
0x02, 0x00, 0x00, 0x00, 0x00, 0x40, 0x00, 0x00, 0x90, 0x01, 0x09, 0x00, 0x0b, 0x01, 0x13, 0x00, 
0x0c, 0x01, 0x13, 0x00, 0x0a, 0x01, 0x13, 0x00, 0x06, 0x40, 0x00, 0x00, 0x40, 0x01, 0x00, 0x00, 
0x05, 0x40, 0x00, 0x00, 0x40, 0x01, 0x00, 0x00, 0x04, 0x40, 0x00, 0x00, 0x10, 0x00, 0x00, 0x00, 
0x09, 0x01, 0xf1, 0xff, 0x05, 0x01, 0x41, 0x00, 0x10, 0x40, 0x00, 0x00, 0xb4, 0x4c, 0x08, 0x00, 
0x16, 0x40, 0x00, 0x00, 0x01, 0x00, 0x00, 0x00, 0x15, 0x40, 0x00, 0x00, 0x10, 0x09, 0x00, 0x00, 
0x14, 0x40, 0x00, 0x00, 0x74, 0x00, 0x00, 0x00, 0x14, 0x01, 0x01, 0x81, 0x21, 0x01, 0x00, 0x00, 
0x20, 0x01, 0x00, 0x00, 0x22, 0x01, 0x00, 0x00, 0x16, 0x01, 0x03, 0x00, 0x15, 0x01, 0x03, 0x00, 
0x17, 0x01, 0x77, 0x00, 0x05, 0x00, 0x01, 0x00, 0x00, 0x40, 0x00, 0x00, 0x65, 0x2d, 0x05, 0x00, 
0x0b, 0x01, 0x28, 0x00, 0x0c, 0x01, 0x28, 0x00, 0x0a, 0x01, 0x28, 0x00, 0x06, 0x40, 0x00, 0x00, 
0x01, 0x00, 0x00, 0x00, 0x05, 0x40, 0x00, 0x00, 0x08, 0x13, 0x00, 0x00, 0x04, 0x40, 0x00, 0x00, 
0x74, 0x00, 0x00, 0x00, 0x09, 0x01, 0x94, 0xff, 0x05, 0x01, 0x01, 0x00, 0x10, 0x40, 0x00, 0x00, 
0x90, 0x01, 0x09, 0x00, 0x16, 0x40, 0x00, 0x00, 0x40, 0x01, 0x00, 0x00, 0x15, 0x40, 0x00, 0x00, 
0x40, 0x01, 0x00, 0x00, 0x14, 0x40, 0x00, 0x00, 0x10, 0x00, 0x00, 0x00, 0x14, 0x01, 0x41, 0x00, 
0x21, 0x01, 0x02, 0x00, 0x20, 0x01, 0x02, 0x00, 0x22, 0x01, 0x07, 0x00, 0x20, 0x40, 0x00, 0x00, 
0x40, 0x91, 0x00, 0x00, 0x22, 0x40, 0x00, 0x00, 0x30, 0x91, 0x00, 0x00, 0x16, 0x01, 0x05, 0x00, 
0x15, 0x01, 0x0b, 0x00, 0x17, 0x01, 0x07, 0x00, 0x02, 0x00, 0x00, 0x00, 0x00, 0x40, 0x00, 0x00, 
0x90, 0x01, 0x09, 0x00, 0x0b, 0x01, 0x13, 0x00, 0x0c, 0x01, 0x13, 0x00, 0x0a, 0x01, 0x13, 0x00, 
0x06, 0x40, 0x00, 0x00, 0x40, 0x01, 0x00, 0x00, 0x05, 0x40, 0x00, 0x00, 0x40, 0x01, 0x00, 0x00, 
0x04, 0x40, 0x00, 0x00, 0x10, 0x00, 0x00, 0x00, 0x09, 0x01, 0xf1, 0xff, 0x05, 0x01, 0x41, 0x00, 
0x10, 0x40, 0x00, 0x00, 0xb5, 0x4c, 0x08, 0x00, 0x16, 0x40, 0x00, 0x00, 0x01, 0x00, 0x00, 0x00, 
0x15, 0x40, 0x00, 0x00, 0x10, 0x09, 0x00, 0x00, 0x14, 0x40, 0x00, 0x00, 0x74, 0x00, 0x00, 0x00, 
0x14, 0x01, 0x01, 0x81, 0x21, 0x01, 0x00, 0x00, 0x20, 0x01, 0x00, 0x00, 0x22, 0x01, 0x00, 0x00, 
0x16, 0x01, 0x03, 0x00, 0x15, 0x01, 0x03, 0x00, 0x17, 0x01, 0x77, 0x00, 0x05, 0x00, 0x01, 0x00, 
0x00, 0x40, 0x00, 0x00, 0x66, 0x2d, 0x05, 0x00, 0x0b, 0x01, 0x28, 0x00, 0x0c, 0x01, 0x28, 0x00, 
0x0a, 0x01, 0x28, 0x00, 0x06, 0x40, 0x00, 0x00, 0x01, 0x00, 0x00, 0x00, 0x05, 0x40, 0x00, 0x00, 
0x08, 0x13, 0x00, 0x00, 0x04, 0x40, 0x00, 0x00, 0x74, 0x00, 0x00, 0x00, 0x09, 0x01, 0x94, 0xff, 
0x05, 0x01, 0x01, 0x00, 0x10, 0x40, 0x00, 0x00, 0x90, 0x01, 0x09, 0x00, 0x16, 0x40, 0x00, 0x00, 
0x40, 0x01, 0x00, 0x00, 0x15, 0x40, 0x00, 0x00, 0x40, 0x01, 0x00, 0x00, 0x14, 0x40, 0x00, 0x00, 
0x10, 0x00, 0x00, 0x00, 0x14, 0x01, 0x41, 0x00, 0x21, 0x01, 0x02, 0x00, 0x20, 0x01, 0x02, 0x00, 
0x22, 0x01, 0x07, 0x00, 0x20, 0x40, 0x00, 0x00, 0x80, 0x91, 0x00, 0x00, 0x22, 0x40, 0x00, 0x00, 
0x70, 0x91, 0x00, 0x00, 0x16, 0x01, 0x05, 0x00, 0x15, 0x01, 0x0b, 0x00, 0x17, 0x01, 0x07, 0x00, 
0x02, 0x00, 0x00, 0x00, 0x00, 0x40, 0x00, 0x00, 0x90, 0x01, 0x09, 0x00, 0x0b, 0x01, 0x13, 0x00, 
0x0c, 0x01, 0x13, 0x00, 0x0a, 0x01, 0x13, 0x00, 0x06, 0x40, 0x00, 0x00, 0x40, 0x01, 0x00, 0x00, 
0x05, 0x40, 0x00, 0x00, 0x40, 0x01, 0x00, 0x00, 0x04, 0x40, 0x00, 0x00, 0x10, 0x00, 0x00, 0x00, 
0x09, 0x01, 0xf1, 0xff, 0x05, 0x01, 0x41, 0x00, 0x10, 0x40, 0x00, 0x00, 0xb6, 0x4c, 0x08, 0x00, 
0x16, 0x40, 0x00, 0x00, 0x01, 0x00, 0x00, 0x00, 0x15, 0x40, 0x00, 0x00, 0x10, 0x09, 0x00, 0x00, 
0x14, 0x40, 0x00, 0x00, 0x74, 0x00, 0x00, 0x00, 0x14, 0x01, 0x01, 0x81, 0x21, 0x01, 0x00, 0x00, 
0x20, 0x01, 0x00, 0x00, 0x22, 0x01, 0x00, 0x00, 0x16, 0x01, 0x03, 0x00, 0x15, 0x01, 0x03, 0x00, 
0x17, 0x01, 0x77, 0x00, 0x05, 0x00, 0x01, 0x00, 0x00, 0x40, 0x00, 0x00, 0x67, 0x2d, 0x05, 0x00, 
0x0b, 0x01, 0x28, 0x00, 0x0c, 0x01, 0x28, 0x00, 0x0a, 0x01, 0x28, 0x00, 0x06, 0x40, 0x00, 0x00, 
0x01, 0x00, 0x00, 0x00, 0x05, 0x40, 0x00, 0x00, 0x08, 0x13, 0x00, 0x00, 0x04, 0x40, 0x00, 0x00, 
0x74, 0x00, 0x00, 0x00, 0x09, 0x01, 0x94, 0xff, 0x05, 0x01, 0x01, 0x00, 0x10, 0x40, 0x00, 0x00, 
0x90, 0x01, 0x09, 0x00, 0x16, 0x40, 0x00, 0x00, 0x40, 0x01, 0x00, 0x00, 0x15, 0x40, 0x00, 0x00, 
0x40, 0x01, 0x00, 0x00, 0x14, 0x40, 0x00, 0x00, 0x10, 0x00, 0x00, 0x00, 0x14, 0x01, 0x41, 0x00, 
0x21, 0x01, 0x02, 0x00, 0x20, 0x01, 0x02, 0x00, 0x22, 0x01, 0x07, 0x00, 0x20, 0x40, 0x00, 0x00, 
0xc0, 0x91, 0x00, 0x00, 0x22, 0x40, 0x00, 0x00, 0xb0, 0x91, 0x00, 0x00, 0x16, 0x01, 0x05, 0x00, 
0x15, 0x01, 0x0b, 0x00, 0x17, 0x01, 0x07, 0x00, 0x02, 0x00, 0x00, 0x00, 0x00, 0x40, 0x00, 0x00, 
0x90, 0x01, 0x09, 0x00, 0x0b, 0x01, 0x13, 0x00, 0x0c, 0x01, 0x13, 0x00, 0x0a, 0x01, 0x13, 0x00, 
0x06, 0x40, 0x00, 0x00, 0x40, 0x01, 0x00, 0x00, 0x05, 0x40, 0x00, 0x00, 0x40, 0x01, 0x00, 0x00, 
0x04, 0x40, 0x00, 0x00, 0x10, 0x00, 0x00, 0x00, 0x09, 0x01, 0xf1, 0xff, 0x05, 0x01, 0x41, 0x00, 
0x10, 0x40, 0x00, 0x00, 0xb7, 0x4c, 0x08, 0x00, 0x16, 0x40, 0x00, 0x00, 0x01, 0x00, 0x00, 0x00, 
0x15, 0x40, 0x00, 0x00, 0x10, 0x09, 0x00, 0x00, 0x14, 0x40, 0x00, 0x00, 0x74, 0x00, 0x00, 0x00, 
0x14, 0x01, 0x01, 0x81, 0x21, 0x01, 0x00, 0x00, 0x20, 0x01, 0x00, 0x00, 0x22, 0x01, 0x00, 0x00, 
0x16, 0x01, 0x03, 0x00, 0x15, 0x01, 0x03, 0x00, 0x17, 0x01, 0x77, 0x00, 0x05, 0x00, 0x01, 0x00, 
0x00, 0x40, 0x00, 0x00, 0x68, 0x2d, 0x05, 0x00, 0x0b, 0x01, 0x28, 0x00, 0x0c, 0x01, 0x28, 0x00, 
0x0a, 0x01, 0x28, 0x00, 0x06, 0x40, 0x00, 0x00, 0x01, 0x00, 0x00, 0x00, 0x05, 0x40, 0x00, 0x00, 
0x08, 0x13, 0x00, 0x00, 0x04, 0x40, 0x00, 0x00, 0x74, 0x00, 0x00, 0x00, 0x09, 0x01, 0x94, 0xff, 
0x05, 0x01, 0x01, 0x00, 0x10, 0x40, 0x00, 0x00, 0x90, 0x01, 0x09, 0x00, 0x16, 0x40, 0x00, 0x00, 
0x40, 0x01, 0x00, 0x00, 0x15, 0x40, 0x00, 0x00, 0x40, 0x01, 0x00, 0x00, 0x14, 0x40, 0x00, 0x00, 
0x10, 0x00, 0x00, 0x00, 0x14, 0x01, 0x41, 0x00, 0x21, 0x01, 0x02, 0x00, 0x20, 0x01, 0x02, 0x00, 
0x22, 0x01, 0x07, 0x00, 0x20, 0x40, 0x00, 0x00, 0x00, 0x92, 0x00, 0x00, 0x22, 0x40, 0x00, 0x00, 
0xf0, 0x91, 0x00, 0x00, 0x16, 0x01, 0x05, 0x00, 0x15, 0x01, 0x0b, 0x00, 0x17, 0x01, 0x07, 0x00, 
0x02, 0x00, 0x00, 0x00, 0x00, 0x40, 0x00, 0x00, 0x90, 0x01, 0x09, 0x00, 0x0b, 0x01, 0x13, 0x00, 
0x0c, 0x01, 0x13, 0x00, 0x0a, 0x01, 0x13, 0x00, 0x06, 0x40, 0x00, 0x00, 0x40, 0x01, 0x00, 0x00, 
0x05, 0x40, 0x00, 0x00, 0x40, 0x01, 0x00, 0x00, 0x04, 0x40, 0x00, 0x00, 0x10, 0x00, 0x00, 0x00, 
0x09, 0x01, 0xf1, 0xff, 0x05, 0x01, 0x41, 0x00, 0x10, 0x40, 0x00, 0x00, 0xb8, 0x4c, 0x08, 0x00, 
0x16, 0x40, 0x00, 0x00, 0x01, 0x00, 0x00, 0x00, 0x15, 0x40, 0x00, 0x00, 0x10, 0x09, 0x00, 0x00, 
0x14, 0x40, 0x00, 0x00, 0x74, 0x00, 0x00, 0x00, 0x14, 0x01, 0x01, 0x81, 0x21, 0x01, 0x00, 0x00, 
0x20, 0x01, 0x00, 0x00, 0x22, 0x01, 0x00, 0x00, 0x16, 0x01, 0x03, 0x00, 0x15, 0x01, 0x03, 0x00, 
0x17, 0x01, 0x77, 0x00, 0x05, 0x00, 0x01, 0x00, 0x00, 0x40, 0x00, 0x00, 0x69, 0x2d, 0x05, 0x00, 
0x0b, 0x01, 0x28, 0x00, 0x0c, 0x01, 0x28, 0x00, 0x0a, 0x01, 0x28, 0x00, 0x06, 0x40, 0x00, 0x00, 
0x01, 0x00, 0x00, 0x00, 0x05, 0x40, 0x00, 0x00, 0x08, 0x13, 0x00, 0x00, 0x04, 0x40, 0x00, 0x00, 
0x74, 0x00, 0x00, 0x00, 0x09, 0x01, 0x94, 0xff, 0x05, 0x01, 0x01, 0x00, 0x10, 0x40, 0x00, 0x00, 
0x90, 0x01, 0x09, 0x00, 0x16, 0x40, 0x00, 0x00, 0x40, 0x01, 0x00, 0x00, 0x15, 0x40, 0x00, 0x00, 
0x40, 0x01, 0x00, 0x00, 0x14, 0x40, 0x00, 0x00, 0x10, 0x00, 0x00, 0x00, 0x14, 0x01, 0x41, 0x00, 
0x21, 0x01, 0x02, 0x00, 0x20, 0x01, 0x02, 0x00, 0x22, 0x01, 0x07, 0x00, 0x20, 0x40, 0x00, 0x00, 
0x40, 0x92, 0x00, 0x00, 0x22, 0x40, 0x00, 0x00, 0x30, 0x92, 0x00, 0x00, 0x16, 0x01, 0x05, 0x00, 
0x15, 0x01, 0x0b, 0x00, 0x17, 0x01, 0x07, 0x00, 0x02, 0x00, 0x00, 0x00, 0x00, 0x40, 0x00, 0x00, 
0x90, 0x01, 0x09, 0x00, 0x0b, 0x01, 0x13, 0x00, 0x0c, 0x01, 0x13, 0x00, 0x0a, 0x01, 0x13, 0x00, 
0x06, 0x40, 0x00, 0x00, 0x40, 0x01, 0x00, 0x00, 0x05, 0x40, 0x00, 0x00, 0x40, 0x01, 0x00, 0x00, 
0x04, 0x40, 0x00, 0x00, 0x10, 0x00, 0x00, 0x00, 0x09, 0x01, 0xf1, 0xff, 0x05, 0x01, 0x41, 0x00, 
0x10, 0x40, 0x00, 0x00, 0xb9, 0x4c, 0x08, 0x00, 0x16, 0x40, 0x00, 0x00, 0x01, 0x00, 0x00, 0x00, 
0x15, 0x40, 0x00, 0x00, 0x10, 0x09, 0x00, 0x00, 0x14, 0x40, 0x00, 0x00, 0x74, 0x00, 0x00, 0x00, 
0x14, 0x01, 0x01, 0x81, 0x21, 0x01, 0x00, 0x00, 0x20, 0x01, 0x00, 0x00, 0x22, 0x01, 0x00, 0x00, 
0x16, 0x01, 0x03, 0x00, 0x15, 0x01, 0x03, 0x00, 0x17, 0x01, 0x77, 0x00, 0x05, 0x00, 0x01, 0x00, 
0x00, 0x40, 0x00, 0x00, 0x6a, 0x2d, 0x05, 0x00, 0x0b, 0x01, 0x28, 0x00, 0x0c, 0x01, 0x28, 0x00, 
0x0a, 0x01, 0x28, 0x00, 0x06, 0x40, 0x00, 0x00, 0x01, 0x00, 0x00, 0x00, 0x05, 0x40, 0x00, 0x00, 
0x08, 0x13, 0x00, 0x00, 0x04, 0x40, 0x00, 0x00, 0x74, 0x00, 0x00, 0x00, 0x09, 0x01, 0x94, 0xff, 
0x05, 0x01, 0x01, 0x00, 0x10, 0x40, 0x00, 0x00, 0x90, 0x01, 0x09, 0x00, 0x16, 0x40, 0x00, 0x00, 
0x40, 0x01, 0x00, 0x00, 0x15, 0x40, 0x00, 0x00, 0x40, 0x01, 0x00, 0x00, 0x14, 0x40, 0x00, 0x00, 
0x10, 0x00, 0x00, 0x00, 0x14, 0x01, 0x41, 0x00, 0x21, 0x01, 0x02, 0x00, 0x20, 0x01, 0x02, 0x00, 
0x22, 0x01, 0x07, 0x00, 0x20, 0x40, 0x00, 0x00, 0x80, 0x92, 0x00, 0x00, 0x22, 0x40, 0x00, 0x00, 
0x70, 0x92, 0x00, 0x00, 0x16, 0x01, 0x05, 0x00, 0x15, 0x01, 0x0b, 0x00, 0x17, 0x01, 0x07, 0x00, 
0x02, 0x00, 0x00, 0x00, 0x00, 0x40, 0x00, 0x00, 0x90, 0x01, 0x09, 0x00, 0x0b, 0x01, 0x13, 0x00, 
0x0c, 0x01, 0x13, 0x00, 0x0a, 0x01, 0x13, 0x00, 0x06, 0x40, 0x00, 0x00, 0x40, 0x01, 0x00, 0x00, 
0x05, 0x40, 0x00, 0x00, 0x40, 0x01, 0x00, 0x00, 0x04, 0x40, 0x00, 0x00, 0x10, 0x00, 0x00, 0x00, 
0x09, 0x01, 0xf1, 0xff, 0x05, 0x01, 0x41, 0x00, 0x10, 0x40, 0x00, 0x00, 0xba, 0x4c, 0x08, 0x00, 
0x16, 0x40, 0x00, 0x00, 0x01, 0x00, 0x00, 0x00, 0x15, 0x40, 0x00, 0x00, 0x10, 0x09, 0x00, 0x00, 
0x14, 0x40, 0x00, 0x00, 0x74, 0x00, 0x00, 0x00, 0x14, 0x01, 0x01, 0x81, 0x21, 0x01, 0x00, 0x00, 
0x20, 0x01, 0x00, 0x00, 0x22, 0x01, 0x00, 0x00, 0x16, 0x01, 0x03, 0x00, 0x15, 0x01, 0x03, 0x00, 
0x17, 0x01, 0x77, 0x00, 0x05, 0x00, 0x01, 0x00, 0x00, 0x40, 0x00, 0x00, 0x6b, 0x2d, 0x05, 0x00, 
0x0b, 0x01, 0x28, 0x00, 0x0c, 0x01, 0x28, 0x00, 0x0a, 0x01, 0x28, 0x00, 0x06, 0x40, 0x00, 0x00, 
0x01, 0x00, 0x00, 0x00, 0x05, 0x40, 0x00, 0x00, 0x08, 0x13, 0x00, 0x00, 0x04, 0x40, 0x00, 0x00, 
0x74, 0x00, 0x00, 0x00, 0x09, 0x01, 0x94, 0xff, 0x05, 0x01, 0x01, 0x00, 0x10, 0x40, 0x00, 0x00, 
0x90, 0x01, 0x09, 0x00, 0x16, 0x40, 0x00, 0x00, 0x40, 0x01, 0x00, 0x00, 0x15, 0x40, 0x00, 0x00, 
0x40, 0x01, 0x00, 0x00, 0x14, 0x40, 0x00, 0x00, 0x10, 0x00, 0x00, 0x00, 0x14, 0x01, 0x41, 0x00, 
0x21, 0x01, 0x02, 0x00, 0x20, 0x01, 0x02, 0x00, 0x22, 0x01, 0x07, 0x00, 0x20, 0x40, 0x00, 0x00, 
0xc0, 0x92, 0x00, 0x00, 0x22, 0x40, 0x00, 0x00, 0xb0, 0x92, 0x00, 0x00, 0x16, 0x01, 0x05, 0x00, 
0x15, 0x01, 0x0b, 0x00, 0x17, 0x01, 0x07, 0x00, 0x02, 0x00, 0x00, 0x00, 0x00, 0x40, 0x00, 0x00, 
0x90, 0x01, 0x09, 0x00, 0x0b, 0x01, 0x13, 0x00, 0x0c, 0x01, 0x13, 0x00, 0x0a, 0x01, 0x13, 0x00, 
0x06, 0x40, 0x00, 0x00, 0x40, 0x01, 0x00, 0x00, 0x05, 0x40, 0x00, 0x00, 0x40, 0x01, 0x00, 0x00, 
0x04, 0x40, 0x00, 0x00, 0x10, 0x00, 0x00, 0x00, 0x09, 0x01, 0xf1, 0xff, 0x05, 0x01, 0x41, 0x00, 
0x10, 0x40, 0x00, 0x00, 0xbb, 0x4c, 0x08, 0x00, 0x16, 0x40, 0x00, 0x00, 0x01, 0x00, 0x00, 0x00, 
0x15, 0x40, 0x00, 0x00, 0x10, 0x09, 0x00, 0x00, 0x14, 0x40, 0x00, 0x00, 0x74, 0x00, 0x00, 0x00, 
0x14, 0x01, 0x01, 0x81, 0x21, 0x01, 0x00, 0x00, 0x20, 0x01, 0x00, 0x00, 0x22, 0x01, 0x00, 0x00, 
0x16, 0x01, 0x03, 0x00, 0x15, 0x01, 0x03, 0x00, 0x17, 0x01, 0x77, 0x00, 0x05, 0x00, 0x01, 0x00, 
0x00, 0x40, 0x00, 0x00, 0x6c, 0x2d, 0x05, 0x00, 0x0b, 0x01, 0x28, 0x00, 0x0c, 0x01, 0x28, 0x00, 
0x0a, 0x01, 0x28, 0x00, 0x06, 0x40, 0x00, 0x00, 0x01, 0x00, 0x00, 0x00, 0x05, 0x40, 0x00, 0x00, 
0x08, 0x13, 0x00, 0x00, 0x04, 0x40, 0x00, 0x00, 0x74, 0x00, 0x00, 0x00, 0x09, 0x01, 0x94, 0xff, 
0x05, 0x01, 0x01, 0x00, 0x10, 0x40, 0x00, 0x00, 0x90, 0x01, 0x09, 0x00, 0x16, 0x40, 0x00, 0x00, 
0x40, 0x01, 0x00, 0x00, 0x15, 0x40, 0x00, 0x00, 0x40, 0x01, 0x00, 0x00, 0x14, 0x40, 0x00, 0x00, 
0x10, 0x00, 0x00, 0x00, 0x14, 0x01, 0x41, 0x00, 0x21, 0x01, 0x02, 0x00, 0x20, 0x01, 0x02, 0x00, 
0x22, 0x01, 0x07, 0x00, 0x20, 0x40, 0x00, 0x00, 0x00, 0x93, 0x00, 0x00, 0x22, 0x40, 0x00, 0x00, 
0xf0, 0x92, 0x00, 0x00, 0x16, 0x01, 0x05, 0x00, 0x15, 0x01, 0x0b, 0x00, 0x17, 0x01, 0x07, 0x00, 
0x02, 0x00, 0x00, 0x00, 0x00, 0x40, 0x00, 0x00, 0x90, 0x01, 0x09, 0x00, 0x0b, 0x01, 0x13, 0x00, 
0x0c, 0x01, 0x13, 0x00, 0x0a, 0x01, 0x13, 0x00, 0x06, 0x40, 0x00, 0x00, 0x40, 0x01, 0x00, 0x00, 
0x05, 0x40, 0x00, 0x00, 0x40, 0x01, 0x00, 0x00, 0x04, 0x40, 0x00, 0x00, 0x10, 0x00, 0x00, 0x00, 
0x09, 0x01, 0xf1, 0xff, 0x05, 0x01, 0x41, 0x00, 0x10, 0x40, 0x00, 0x00, 0xbc, 0x4c, 0x08, 0x00, 
0x16, 0x40, 0x00, 0x00, 0x01, 0x00, 0x00, 0x00, 0x15, 0x40, 0x00, 0x00, 0x10, 0x09, 0x00, 0x00, 
0x14, 0x40, 0x00, 0x00, 0x74, 0x00, 0x00, 0x00, 0x14, 0x01, 0x01, 0x81, 0x21, 0x01, 0x00, 0x00, 
0x20, 0x01, 0x00, 0x00, 0x22, 0x01, 0x00, 0x00, 0x16, 0x01, 0x03, 0x00, 0x15, 0x01, 0x03, 0x00, 
0x17, 0x01, 0x77, 0x00, 0x05, 0x00, 0x01, 0x00, 0x00, 0x40, 0x00, 0x00, 0x6d, 0x2d, 0x05, 0x00, 
0x0b, 0x01, 0x28, 0x00, 0x0c, 0x01, 0x28, 0x00, 0x0a, 0x01, 0x28, 0x00, 0x06, 0x40, 0x00, 0x00, 
0x01, 0x00, 0x00, 0x00, 0x05, 0x40, 0x00, 0x00, 0x08, 0x13, 0x00, 0x00, 0x04, 0x40, 0x00, 0x00, 
0x74, 0x00, 0x00, 0x00, 0x09, 0x01, 0x94, 0xff, 0x05, 0x01, 0x01, 0x00, 0x10, 0x40, 0x00, 0x00, 
0x90, 0x01, 0x09, 0x00, 0x16, 0x40, 0x00, 0x00, 0x40, 0x01, 0x00, 0x00, 0x15, 0x40, 0x00, 0x00, 
0x40, 0x01, 0x00, 0x00, 0x14, 0x40, 0x00, 0x00, 0x10, 0x00, 0x00, 0x00, 0x14, 0x01, 0x41, 0x00, 
0x21, 0x01, 0x02, 0x00, 0x20, 0x01, 0x02, 0x00, 0x22, 0x01, 0x07, 0x00, 0x20, 0x40, 0x00, 0x00, 
0x40, 0x93, 0x00, 0x00, 0x22, 0x40, 0x00, 0x00, 0x30, 0x93, 0x00, 0x00, 0x16, 0x01, 0x05, 0x00, 
0x15, 0x01, 0x0b, 0x00, 0x17, 0x01, 0x07, 0x00, 0x02, 0x00, 0x00, 0x00, 0x00, 0x40, 0x00, 0x00, 
0x90, 0x01, 0x09, 0x00, 0x0b, 0x01, 0x13, 0x00, 0x0c, 0x01, 0x13, 0x00, 0x0a, 0x01, 0x13, 0x00, 
0x06, 0x40, 0x00, 0x00, 0x40, 0x01, 0x00, 0x00, 0x05, 0x40, 0x00, 0x00, 0x40, 0x01, 0x00, 0x00, 
0x04, 0x40, 0x00, 0x00, 0x10, 0x00, 0x00, 0x00, 0x09, 0x01, 0xf1, 0xff, 0x05, 0x01, 0x41, 0x00, 
0x10, 0x40, 0x00, 0x00, 0xbd, 0x4c, 0x08, 0x00, 0x16, 0x40, 0x00, 0x00, 0x01, 0x00, 0x00, 0x00, 
0x15, 0x40, 0x00, 0x00, 0x10, 0x09, 0x00, 0x00, 0x14, 0x40, 0x00, 0x00, 0x74, 0x00, 0x00, 0x00, 
0x14, 0x01, 0x01, 0x81, 0x21, 0x01, 0x00, 0x00, 0x20, 0x01, 0x00, 0x00, 0x22, 0x01, 0x00, 0x00, 
0x16, 0x01, 0x03, 0x00, 0x15, 0x01, 0x03, 0x00, 0x17, 0x01, 0x77, 0x00, 0x05, 0x00, 0x01, 0x00, 
0x00, 0x40, 0x00, 0x00, 0x6e, 0x2d, 0x05, 0x00, 0x0b, 0x01, 0x28, 0x00, 0x0c, 0x01, 0x28, 0x00, 
0x0a, 0x01, 0x28, 0x00, 0x06, 0x40, 0x00, 0x00, 0x01, 0x00, 0x00, 0x00, 0x05, 0x40, 0x00, 0x00, 
0x08, 0x13, 0x00, 0x00, 0x04, 0x40, 0x00, 0x00, 0x74, 0x00, 0x00, 0x00, 0x09, 0x01, 0x94, 0xff, 
0x05, 0x01, 0x01, 0x00, 0x10, 0x40, 0x00, 0x00, 0x90, 0x01, 0x09, 0x00, 0x16, 0x40, 0x00, 0x00, 
0x40, 0x01, 0x00, 0x00, 0x15, 0x40, 0x00, 0x00, 0x40, 0x01, 0x00, 0x00, 0x14, 0x40, 0x00, 0x00, 
0x10, 0x00, 0x00, 0x00, 0x14, 0x01, 0x41, 0x00, 0x21, 0x01, 0x02, 0x00, 0x20, 0x01, 0x02, 0x00, 
0x22, 0x01, 0x07, 0x00, 0x20, 0x40, 0x00, 0x00, 0x80, 0x93, 0x00, 0x00, 0x22, 0x40, 0x00, 0x00, 
0x70, 0x93, 0x00, 0x00, 0x16, 0x01, 0x05, 0x00, 0x15, 0x01, 0x0b, 0x00, 0x17, 0x01, 0x07, 0x00, 
0x02, 0x00, 0x00, 0x00, 0x00, 0x40, 0x00, 0x00, 0x90, 0x01, 0x09, 0x00, 0x0b, 0x01, 0x13, 0x00, 
0x0c, 0x01, 0x13, 0x00, 0x0a, 0x01, 0x13, 0x00, 0x06, 0x40, 0x00, 0x00, 0x40, 0x01, 0x00, 0x00, 
0x05, 0x40, 0x00, 0x00, 0x40, 0x01, 0x00, 0x00, 0x04, 0x40, 0x00, 0x00, 0x10, 0x00, 0x00, 0x00, 
0x09, 0x01, 0xf1, 0xff, 0x05, 0x01, 0x41, 0x00, 0x10, 0x40, 0x00, 0x00, 0xbe, 0x4c, 0x08, 0x00, 
0x16, 0x40, 0x00, 0x00, 0x01, 0x00, 0x00, 0x00, 0x15, 0x40, 0x00, 0x00, 0x10, 0x09, 0x00, 0x00, 
0x14, 0x40, 0x00, 0x00, 0x74, 0x00, 0x00, 0x00, 0x14, 0x01, 0x01, 0x81, 0x21, 0x01, 0x00, 0x00, 
0x20, 0x01, 0x00, 0x00, 0x22, 0x01, 0x00, 0x00, 0x16, 0x01, 0x03, 0x00, 0x15, 0x01, 0x03, 0x00, 
0x17, 0x01, 0x77, 0x00, 0x05, 0x00, 0x01, 0x00, 0x00, 0x40, 0x00, 0x00, 0x6f, 0x2d, 0x05, 0x00, 
0x0b, 0x01, 0x28, 0x00, 0x0c, 0x01, 0x28, 0x00, 0x0a, 0x01, 0x28, 0x00, 0x06, 0x40, 0x00, 0x00, 
0x01, 0x00, 0x00, 0x00, 0x05, 0x40, 0x00, 0x00, 0x08, 0x13, 0x00, 0x00, 0x04, 0x40, 0x00, 0x00, 
0x74, 0x00, 0x00, 0x00, 0x09, 0x01, 0x94, 0xff, 0x05, 0x01, 0x01, 0x00, 0x10, 0x40, 0x00, 0x00, 
0x90, 0x01, 0x09, 0x00, 0x16, 0x40, 0x00, 0x00, 0x40, 0x01, 0x00, 0x00, 0x15, 0x40, 0x00, 0x00, 
0x40, 0x01, 0x00, 0x00, 0x14, 0x40, 0x00, 0x00, 0x10, 0x00, 0x00, 0x00, 0x14, 0x01, 0x41, 0x00, 
0x21, 0x01, 0x02, 0x00, 0x20, 0x01, 0x02, 0x00, 0x22, 0x01, 0x07, 0x00, 0x20, 0x40, 0x00, 0x00, 
0xc0, 0x93, 0x00, 0x00, 0x22, 0x40, 0x00, 0x00, 0xb0, 0x93, 0x00, 0x00, 0x16, 0x01, 0x05, 0x00, 
0x15, 0x01, 0x0b, 0x00, 0x17, 0x01, 0x07, 0x00, 0x02, 0x00, 0x00, 0x00, 0x00, 0x40, 0x00, 0x00, 
0x90, 0x01, 0x09, 0x00, 0x0b, 0x01, 0x13, 0x00, 0x0c, 0x01, 0x13, 0x00, 0x0a, 0x01, 0x13, 0x00, 
0x06, 0x40, 0x00, 0x00, 0x40, 0x01, 0x00, 0x00, 0x05, 0x40, 0x00, 0x00, 0x40, 0x01, 0x00, 0x00, 
0x04, 0x40, 0x00, 0x00, 0x10, 0x00, 0x00, 0x00, 0x09, 0x01, 0xf1, 0xff, 0x05, 0x01, 0x41, 0x00, 
0x10, 0x40, 0x00, 0x00, 0xbf, 0x4c, 0x08, 0x00, 0x16, 0x40, 0x00, 0x00, 0x01, 0x00, 0x00, 0x00, 
0x15, 0x40, 0x00, 0x00, 0x10, 0x09, 0x00, 0x00, 0x14, 0x40, 0x00, 0x00, 0x74, 0x00, 0x00, 0x00, 
0x14, 0x01, 0x01, 0x81, 0x21, 0x01, 0x00, 0x00, 0x20, 0x01, 0x00, 0x00, 0x22, 0x01, 0x00, 0x00, 
0x16, 0x01, 0x03, 0x00, 0x15, 0x01, 0x03, 0x00, 0x17, 0x01, 0x77, 0x00, 0x05, 0x00, 0x01, 0x00, 
0x00, 0x40, 0x00, 0x00, 0x70, 0x2d, 0x05, 0x00, 0x0b, 0x01, 0x28, 0x00, 0x0c, 0x01, 0x28, 0x00, 
0x0a, 0x01, 0x28, 0x00, 0x06, 0x40, 0x00, 0x00, 0x01, 0x00, 0x00, 0x00, 0x05, 0x40, 0x00, 0x00, 
0x08, 0x13, 0x00, 0x00, 0x04, 0x40, 0x00, 0x00, 0x74, 0x00, 0x00, 0x00, 0x09, 0x01, 0x94, 0xff, 
0x05, 0x01, 0x01, 0x00, 0x10, 0x40, 0x00, 0x00, 0x90, 0x01, 0x09, 0x00, 0x16, 0x40, 0x00, 0x00, 
0x40, 0x01, 0x00, 0x00, 0x15, 0x40, 0x00, 0x00, 0x40, 0x01, 0x00, 0x00, 0x14, 0x40, 0x00, 0x00, 
0x10, 0x00, 0x00, 0x00, 0x14, 0x01, 0x41, 0x00, 0x21, 0x01, 0x02, 0x00, 0x20, 0x01, 0x02, 0x00, 
0x22, 0x01, 0x07, 0x00, 0x20, 0x40, 0x00, 0x00, 0x00, 0x94, 0x00, 0x00, 0x22, 0x40, 0x00, 0x00, 
0xf0, 0x93, 0x00, 0x00, 0x16, 0x01, 0x05, 0x00, 0x15, 0x01, 0x0b, 0x00, 0x17, 0x01, 0x07, 0x00, 
0x02, 0x00, 0x00, 0x00, 0x00, 0x40, 0x00, 0x00, 0x90, 0x01, 0x09, 0x00, 0x0b, 0x01, 0x13, 0x00, 
0x0c, 0x01, 0x13, 0x00, 0x0a, 0x01, 0x13, 0x00, 0x06, 0x40, 0x00, 0x00, 0x40, 0x01, 0x00, 0x00, 
0x05, 0x40, 0x00, 0x00, 0x40, 0x01, 0x00, 0x00, 0x04, 0x40, 0x00, 0x00, 0x10, 0x00, 0x00, 0x00, 
0x09, 0x01, 0xf1, 0xff, 0x05, 0x01, 0x41, 0x00, 0x10, 0x40, 0x00, 0x00, 0xc0, 0x4c, 0x08, 0x00, 
0x16, 0x40, 0x00, 0x00, 0x01, 0x00, 0x00, 0x00, 0x15, 0x40, 0x00, 0x00, 0x10, 0x09, 0x00, 0x00, 
0x14, 0x40, 0x00, 0x00, 0x74, 0x00, 0x00, 0x00, 0x14, 0x01, 0x01, 0x81, 0x21, 0x01, 0x00, 0x00, 
0x20, 0x01, 0x00, 0x00, 0x22, 0x01, 0x00, 0x00, 0x16, 0x01, 0x03, 0x00, 0x15, 0x01, 0x03, 0x00, 
0x17, 0x01, 0x77, 0x00, 0x05, 0x00, 0x01, 0x00, 0x00, 0x40, 0x00, 0x00, 0x71, 0x2d, 0x05, 0x00, 
0x0b, 0x01, 0x28, 0x00, 0x0c, 0x01, 0x28, 0x00, 0x0a, 0x01, 0x28, 0x00, 0x06, 0x40, 0x00, 0x00, 
0x01, 0x00, 0x00, 0x00, 0x05, 0x40, 0x00, 0x00, 0x08, 0x13, 0x00, 0x00, 0x04, 0x40, 0x00, 0x00, 
0x74, 0x00, 0x00, 0x00, 0x09, 0x01, 0x94, 0xff, 0x05, 0x01, 0x01, 0x00, 0x10, 0x40, 0x00, 0x00, 
0x90, 0x01, 0x09, 0x00, 0x16, 0x40, 0x00, 0x00, 0x40, 0x01, 0x00, 0x00, 0x15, 0x40, 0x00, 0x00, 
0x40, 0x01, 0x00, 0x00, 0x14, 0x40, 0x00, 0x00, 0x10, 0x00, 0x00, 0x00, 0x14, 0x01, 0x41, 0x00, 
0x21, 0x01, 0x02, 0x00, 0x20, 0x01, 0x02, 0x00, 0x22, 0x01, 0x07, 0x00, 0x20, 0x40, 0x00, 0x00, 
0x40, 0x94, 0x00, 0x00, 0x22, 0x40, 0x00, 0x00, 0x30, 0x94, 0x00, 0x00, 0x16, 0x01, 0x05, 0x00, 
0x15, 0x01, 0x0b, 0x00, 0x17, 0x01, 0x07, 0x00, 0x02, 0x00, 0x00, 0x00, 0x00, 0x40, 0x00, 0x00, 
0x90, 0x01, 0x09, 0x00, 0x0b, 0x01, 0x13, 0x00, 0x0c, 0x01, 0x13, 0x00, 0x0a, 0x01, 0x13, 0x00, 
0x06, 0x40, 0x00, 0x00, 0x40, 0x01, 0x00, 0x00, 0x05, 0x40, 0x00, 0x00, 0x40, 0x01, 0x00, 0x00, 
0x04, 0x40, 0x00, 0x00, 0x10, 0x00, 0x00, 0x00, 0x09, 0x01, 0xf1, 0xff, 0x05, 0x01, 0x41, 0x00, 
0x10, 0x40, 0x00, 0x00, 0xc1, 0x4c, 0x08, 0x00, 0x16, 0x40, 0x00, 0x00, 0x01, 0x00, 0x00, 0x00, 
0x15, 0x40, 0x00, 0x00, 0x10, 0x09, 0x00, 0x00, 0x14, 0x40, 0x00, 0x00, 0x74, 0x00, 0x00, 0x00, 
0x14, 0x01, 0x01, 0x81, 0x21, 0x01, 0x00, 0x00, 0x20, 0x01, 0x00, 0x00, 0x22, 0x01, 0x00, 0x00, 
0x16, 0x01, 0x03, 0x00, 0x15, 0x01, 0x03, 0x00, 0x17, 0x01, 0x77, 0x00, 0x05, 0x00, 0x01, 0x00, 
0x00, 0x40, 0x00, 0x00, 0x72, 0x2d, 0x05, 0x00, 0x0b, 0x01, 0x28, 0x00, 0x0c, 0x01, 0x28, 0x00, 
0x0a, 0x01, 0x28, 0x00, 0x06, 0x40, 0x00, 0x00, 0x01, 0x00, 0x00, 0x00, 0x05, 0x40, 0x00, 0x00, 
0x08, 0x13, 0x00, 0x00, 0x04, 0x40, 0x00, 0x00, 0x74, 0x00, 0x00, 0x00, 0x09, 0x01, 0x94, 0xff, 
0x05, 0x01, 0x01, 0x00, 0x10, 0x40, 0x00, 0x00, 0x90, 0x01, 0x09, 0x00, 0x16, 0x40, 0x00, 0x00, 
0x40, 0x01, 0x00, 0x00, 0x15, 0x40, 0x00, 0x00, 0x40, 0x01, 0x00, 0x00, 0x14, 0x40, 0x00, 0x00, 
0x10, 0x00, 0x00, 0x00, 0x14, 0x01, 0x41, 0x00, 0x21, 0x01, 0x02, 0x00, 0x20, 0x01, 0x02, 0x00, 
0x22, 0x01, 0x07, 0x00, 0x20, 0x40, 0x00, 0x00, 0x80, 0x94, 0x00, 0x00, 0x22, 0x40, 0x00, 0x00, 
0x70, 0x94, 0x00, 0x00, 0x16, 0x01, 0x05, 0x00, 0x15, 0x01, 0x0b, 0x00, 0x17, 0x01, 0x07, 0x00, 
0x02, 0x00, 0x00, 0x00, 0x00, 0x40, 0x00, 0x00, 0x90, 0x01, 0x09, 0x00, 0x0b, 0x01, 0x13, 0x00, 
0x0c, 0x01, 0x13, 0x00, 0x0a, 0x01, 0x13, 0x00, 0x06, 0x40, 0x00, 0x00, 0x40, 0x01, 0x00, 0x00, 
0x05, 0x40, 0x00, 0x00, 0x40, 0x01, 0x00, 0x00, 0x04, 0x40, 0x00, 0x00, 0x10, 0x00, 0x00, 0x00, 
0x09, 0x01, 0xf1, 0xff, 0x05, 0x01, 0x41, 0x00, 0x10, 0x40, 0x00, 0x00, 0xc2, 0x4c, 0x08, 0x00, 
0x16, 0x40, 0x00, 0x00, 0x01, 0x00, 0x00, 0x00, 0x15, 0x40, 0x00, 0x00, 0x10, 0x09, 0x00, 0x00, 
0x14, 0x40, 0x00, 0x00, 0x74, 0x00, 0x00, 0x00, 0x14, 0x01, 0x01, 0x81, 0x21, 0x01, 0x00, 0x00, 
0x20, 0x01, 0x00, 0x00, 0x22, 0x01, 0x00, 0x00, 0x16, 0x01, 0x03, 0x00, 0x15, 0x01, 0x03, 0x00, 
0x17, 0x01, 0x77, 0x00, 0x05, 0x00, 0x01, 0x00, 0x00, 0x40, 0x00, 0x00, 0x73, 0x2d, 0x05, 0x00, 
0x0b, 0x01, 0x28, 0x00, 0x0c, 0x01, 0x28, 0x00, 0x0a, 0x01, 0x28, 0x00, 0x06, 0x40, 0x00, 0x00, 
0x01, 0x00, 0x00, 0x00, 0x05, 0x40, 0x00, 0x00, 0x08, 0x13, 0x00, 0x00, 0x04, 0x40, 0x00, 0x00, 
0x74, 0x00, 0x00, 0x00, 0x09, 0x01, 0x94, 0xff, 0x05, 0x01, 0x01, 0x00, 0x10, 0x40, 0x00, 0x00, 
0x90, 0x01, 0x09, 0x00, 0x16, 0x40, 0x00, 0x00, 0x40, 0x01, 0x00, 0x00, 0x15, 0x40, 0x00, 0x00, 
0x40, 0x01, 0x00, 0x00, 0x14, 0x40, 0x00, 0x00, 0x10, 0x00, 0x00, 0x00, 0x14, 0x01, 0x41, 0x00, 
0x21, 0x01, 0x02, 0x00, 0x20, 0x01, 0x02, 0x00, 0x22, 0x01, 0x07, 0x00, 0x20, 0x40, 0x00, 0x00, 
0xc0, 0x94, 0x00, 0x00, 0x22, 0x40, 0x00, 0x00, 0xb0, 0x94, 0x00, 0x00, 0x16, 0x01, 0x05, 0x00, 
0x15, 0x01, 0x0b, 0x00, 0x17, 0x01, 0x07, 0x00, 0x02, 0x00, 0x00, 0x00, 0x00, 0x40, 0x00, 0x00, 
0x90, 0x01, 0x09, 0x00, 0x0b, 0x01, 0x13, 0x00, 0x0c, 0x01, 0x13, 0x00, 0x0a, 0x01, 0x13, 0x00, 
0x06, 0x40, 0x00, 0x00, 0x40, 0x01, 0x00, 0x00, 0x05, 0x40, 0x00, 0x00, 0x40, 0x01, 0x00, 0x00, 
0x04, 0x40, 0x00, 0x00, 0x10, 0x00, 0x00, 0x00, 0x09, 0x01, 0xf1, 0xff, 0x05, 0x01, 0x41, 0x00, 
0x10, 0x40, 0x00, 0x00, 0xc3, 0x4c, 0x08, 0x00, 0x16, 0x40, 0x00, 0x00, 0x01, 0x00, 0x00, 0x00, 
0x15, 0x40, 0x00, 0x00, 0x10, 0x09, 0x00, 0x00, 0x14, 0x40, 0x00, 0x00, 0x74, 0x00, 0x00, 0x00, 
0x14, 0x01, 0x01, 0x81, 0x21, 0x01, 0x00, 0x00, 0x20, 0x01, 0x00, 0x00, 0x22, 0x01, 0x00, 0x00, 
0x16, 0x01, 0x03, 0x00, 0x15, 0x01, 0x03, 0x00, 0x17, 0x01, 0x77, 0x00, 0x05, 0x00, 0x01, 0x00, 
0x30, 0x40, 0x00, 0x00, 0xd0, 0x35, 0x00, 0x00, 0x31, 0x40, 0x00, 0x00, 0x00, 0xb9, 0x00, 0x00, 
0x10, 0x00, 0x00, 0x00, 0x00, 0x40, 0x00, 0x00, 0x50, 0x4c, 0x08, 0x00, 0x04, 0x01, 0x73, 0x00, 
0x06, 0x40, 0x00, 0x00, 0x01, 0x00, 0x00, 0x00, 0x05, 0x40, 0x00, 0x00, 0x10, 0x09, 0x00, 0x00, 
0x04, 0x40, 0x00, 0x00, 0x74, 0x00, 0x00, 0x00, 0x05, 0x01, 0x01, 0x00, 0x10, 0x40, 0x00, 0x00, 
0x80, 0x97, 0x06, 0x00, 0x13, 0x01, 0x73, 0x00, 0x16, 0x40, 0x00, 0x00, 0x40, 0x01, 0x00, 0x00, 
0x15, 0x40, 0x00, 0x00, 0x00, 0x0a, 0x00, 0x00, 0x14, 0x40, 0x00, 0x00, 0x10, 0x00, 0x00, 0x00, 
0x18, 0x01, 0x21, 0x00, 0x14, 0x01, 0x41, 0x00, 0x20, 0x40, 0x00, 0x00, 0x80, 0x99, 0x00, 0x00, 
0x21, 0x40, 0x00, 0x00, 0x30, 0x37, 0x00, 0x00, 0x22, 0x40, 0x00, 0x00, 0xf0, 0x94, 0x00, 0x00, 
0x23, 0x40, 0x00, 0x00, 0x90, 0x04, 0x00, 0x00, 0x25, 0x01, 0x11, 0x00, 0x16, 0x01, 0x05, 0x00, 
0x15, 0x01, 0x09, 0x00, 0x17, 0x01, 0x3f, 0x00, 0x2d, 0x01, 0x0e, 0x00, 0x11, 0x00, 0x00, 0x00, 
0x02, 0x00, 0x00, 0x00, 0x00, 0x40, 0x00, 0x00, 0x80, 0x97, 0x06, 0x00, 0x06, 0x40, 0x00, 0x00, 
0x40, 0x01, 0x00, 0x00, 0x05, 0x40, 0x00, 0x00, 0x00, 0x0a, 0x00, 0x00, 0x04, 0x40, 0x00, 0x00, 
0x10, 0x00, 0x00, 0x00, 0x09, 0x01, 0x93, 0xff, 0x05, 0x01, 0x41, 0x00, 0x10, 0x40, 0x00, 0x00, 
0x00, 0x2d, 0x05, 0x00, 0x16, 0x40, 0x00, 0x00, 0x01, 0x00, 0x00, 0x00, 0x15, 0x40, 0x00, 0x00, 
0x20, 0x12, 0x00, 0x00, 0x14, 0x40, 0x00, 0x00, 0xe8, 0x00, 0x00, 0x00, 0x18, 0x01, 0x93, 0xff, 
0x14, 0x01, 0x01, 0x81, 0x25, 0x01, 0x00, 0x00, 0x16, 0x01, 0x03, 0x00, 0x15, 0x01, 0x03, 0x00, 
0x17, 0x01, 0x7f, 0x00, 0x2d, 0x01, 0x1e, 0x00, 0x05, 0x00, 0x01, 0x00, 0x30, 0x40, 0x00, 0x00, 
0x60, 0x3b, 0x00, 0x00, 0x31, 0x40, 0x00, 0x00, 0x00, 0xba, 0x00, 0x00, 0x12, 0x00, 0x01, 0x00, 
0x10, 0x00, 0x00, 0x00, 0x00, 0x40, 0x00, 0x00, 0x00, 0x58, 0x02, 0x00, 0x0b, 0x01, 0x01, 0x00, 
0x0c, 0x01, 0x01, 0x00, 0x0a, 0x01, 0x27, 0x00, 0x06, 0x40, 0x00, 0x00, 0x01, 0x00, 0x00, 0x00, 
0x05, 0x40, 0x00, 0x00, 0x20, 0x12, 0x00, 0x00, 0x04, 0x40, 0x00, 0x00, 0x74, 0x00, 0x00, 0x00, 
0x09, 0x01, 0x94, 0xff, 0x05, 0x01, 0x01, 0x00, 0x10, 0x40, 0x00, 0x00, 0x80, 0x5f, 0x07, 0x00, 
0x1b, 0x01, 0x01, 0x00, 0x1c, 0x01, 0x01, 0x00, 0x1a, 0x01, 0x27, 0x00, 0x12, 0x01, 0x01, 0x00, 
0x11, 0x01, 0x27, 0x00, 0x16, 0x40, 0x00, 0x00, 0x80, 0x02, 0x00, 0x00, 0x15, 0x40, 0x00, 0x00, 
0x00, 0x14, 0x00, 0x00, 0x14, 0x40, 0x00, 0x00, 0x10, 0x00, 0x00, 0x00, 0x18, 0x01, 0xec, 0xff, 
0x14, 0x01, 0x41, 0x00, 0x20, 0x40, 0x00, 0x00, 0x40, 0xd5, 0x00, 0x00, 0x21, 0x40, 0x00, 0x00, 
0x80, 0x33, 0x00, 0x00, 0x22, 0x40, 0x00, 0x00, 0xb0, 0xd0, 0x00, 0x00, 0x25, 0x01, 0x12, 0x00, 
0x16, 0x01, 0x01, 0x00, 0x15, 0x01, 0x27, 0x00, 0x17, 0x01, 0x2f, 0x00, 0x2d, 0x01, 0x0e, 0x00, 
0x11, 0x00, 0x00, 0x00, 0x02, 0x00, 0x00, 0x00, 0x00, 0x40, 0x00, 0x00, 0x80, 0x5f, 0x07, 0x00, 
0x06, 0x40, 0x00, 0x00, 0x80, 0x02, 0x00, 0x00, 0x05, 0x40, 0x00, 0x00, 0x00, 0x14, 0x00, 0x00, 
0x04, 0x40, 0x00, 0x00, 0x10, 0x00, 0x00, 0x00, 0x09, 0x01, 0x91, 0xff, 0x05, 0x01, 0x41, 0x00, 
0x00, 0x01, 0x01, 0x00, 0x01, 0x01, 0x01, 0x00, 0x10, 0x40, 0x00, 0x00, 0x80, 0x97, 0x06, 0x00, 
0x1b, 0x01, 0x00, 0x00, 0x1c, 0x01, 0x00, 0x00, 0x1a, 0x01, 0x13, 0x00, 0x12, 0x01, 0x00, 0x00, 
0x11, 0x01, 0x13, 0x00, 0x16, 0x40, 0x00, 0x00, 0x40, 0x01, 0x00, 0x00, 0x15, 0x40, 0x00, 0x00, 
0x00, 0x0a, 0x00, 0x00, 0x18, 0x01, 0x0e, 0x00, 0x21, 0x01, 0x02, 0x00, 0x20, 0x01, 0x02, 0x00, 
0x22, 0x01, 0x03, 0x00, 0x20, 0x40, 0x00, 0x00, 0x50, 0x0d, 0x01, 0x00, 0x21, 0x40, 0x00, 0x00, 
0x80, 0x04, 0x00, 0x00, 0x22, 0x40, 0x00, 0x00, 0xc0, 0x08, 0x01, 0x00, 0x25, 0x01, 0x00, 0x00, 
0x15, 0x01, 0x13, 0x00, 0x17, 0x01, 0x1f, 0x00, 0x0d, 0x01, 0x12, 0x00, 0x2d, 0x01, 0x1e, 0x00, 
0x2f, 0x01, 0x00, 0x00, 0x03, 0x00, 0x00, 0x00, 0x00, 0x40, 0x00, 0x00, 0x40, 0x7c, 0x02, 0x00, 
0x06, 0x40, 0x00, 0x00, 0x01, 0x00, 0x00, 0x00, 0x05, 0x40, 0x00, 0x00, 0x20, 0x12, 0x00, 0x00, 
0x04, 0x40, 0x00, 0x00, 0x74, 0x00, 0x00, 0x00, 0x09, 0x01, 0x94, 0xff, 0x05, 0x01, 0x01, 0x00, 
0x00, 0x01, 0x00, 0x00, 0x01, 0x01, 0x00, 0x00, 0x10, 0x40, 0x00, 0x00, 0x80, 0x87, 0x07, 0x00, 
0x1b, 0x01, 0x01, 0x00, 0x1c, 0x01, 0x01, 0x00, 0x1a, 0x01, 0x27, 0x00, 0x12, 0x01, 0x01, 0x00, 
0x11, 0x01, 0x27, 0x00, 0x16, 0x40, 0x00, 0x00, 0x80, 0x02, 0x00, 0x00, 0x15, 0x40, 0x00, 0x00, 
0x00, 0x14, 0x00, 0x00, 0x18, 0x01, 0xec, 0xff, 0x21, 0x01, 0x00, 0x00, 0x20, 0x01, 0x00, 0x00, 
0x22, 0x01, 0x00, 0x00, 0x20, 0x40, 0x00, 0x00, 0x40, 0xd5, 0x00, 0x00, 0x21, 0x40, 0x00, 0x00, 
0x80, 0x33, 0x00, 0x00, 0x22, 0x40, 0x00, 0x00, 0xb0, 0xd0, 0x00, 0x00, 0x25, 0x01, 0x12, 0x00, 
0x15, 0x01, 0x27, 0x00, 0x17, 0x01, 0x2f, 0x00, 0x0d, 0x01, 0x0a, 0x00, 0x2d, 0x01, 0x0e, 0x00, 
0x2f, 0x01, 0x03, 0x00, 0x02, 0x00, 0x00, 0x00, 0x00, 0x40, 0x00, 0x00, 0x80, 0x73, 0x07, 0x00, 
0x0b, 0x01, 0x02, 0x00, 0x0c, 0x01, 0x02, 0x00, 0x06, 0x40, 0x00, 0x00, 0x80, 0x02, 0x00, 0x00, 
0x05, 0x40, 0x00, 0x00, 0x00, 0x14, 0x00, 0x00, 0x04, 0x40, 0x00, 0x00, 0x10, 0x00, 0x00, 0x00, 
0x09, 0x01, 0x91, 0xff, 0x05, 0x01, 0x41, 0x00, 0x01, 0x01, 0x01, 0x00, 0x10, 0x40, 0x00, 0x00, 
0x80, 0xa1, 0x06, 0x00, 0x1b, 0x01, 0x00, 0x00, 0x1c, 0x01, 0x00, 0x00, 0x1a, 0x01, 0x13, 0x00, 
0x12, 0x01, 0x00, 0x00, 0x11, 0x01, 0x13, 0x00, 0x16, 0x40, 0x00, 0x00, 0x40, 0x01, 0x00, 0x00, 
0x15, 0x40, 0x00, 0x00, 0x00, 0x0a, 0x00, 0x00, 0x18, 0x01, 0x0e, 0x00, 0x21, 0x01, 0x02, 0x00, 
0x20, 0x01, 0x02, 0x00, 0x22, 0x01, 0x03, 0x00, 0x20, 0x40, 0x00, 0x00, 0x50, 0x0d, 0x01, 0x00, 
0x21, 0x40, 0x00, 0x00, 0x80, 0x04, 0x00, 0x00, 0x22, 0x40, 0x00, 0x00, 0xc0, 0x08, 0x01, 0x00, 
0x25, 0x01, 0x00, 0x00, 0x15, 0x01, 0x13, 0x00, 0x17, 0x01, 0x1f, 0x00, 0x0d, 0x01, 0x12, 0x00, 
0x2d, 0x01, 0x1e, 0x00, 0x2f, 0x01, 0x00, 0x00, 0x03, 0x00, 0x00, 0x00, 0x00, 0x40, 0x00, 0x00, 
0x80, 0xa0, 0x02, 0x00, 0x0b, 0x01, 0x01, 0x00, 0x0c, 0x01, 0x01, 0x00, 0x06, 0x40, 0x00, 0x00, 
0x01, 0x00, 0x00, 0x00, 0x05, 0x40, 0x00, 0x00, 0x20, 0x12, 0x00, 0x00, 0x04, 0x40, 0x00, 0x00, 
0x74, 0x00, 0x00, 0x00, 0x09, 0x01, 0x94, 0xff, 0x05, 0x01, 0x01, 0x00, 0x01, 0x01, 0x00, 0x00, 
0x10, 0x40, 0x00, 0x00, 0x80, 0xaf, 0x07, 0x00, 0x1b, 0x01, 0x01, 0x00, 0x1c, 0x01, 0x01, 0x00, 
0x1a, 0x01, 0x27, 0x00, 0x12, 0x01, 0x01, 0x00, 0x11, 0x01, 0x27, 0x00, 0x16, 0x40, 0x00, 0x00, 
0x80, 0x02, 0x00, 0x00, 0x15, 0x40, 0x00, 0x00, 0x00, 0x14, 0x00, 0x00, 0x18, 0x01, 0xec, 0xff, 
0x21, 0x01, 0x00, 0x00, 0x20, 0x01, 0x00, 0x00, 0x22, 0x01, 0x00, 0x00, 0x20, 0x40, 0x00, 0x00, 
0x40, 0xd5, 0x00, 0x00, 0x21, 0x40, 0x00, 0x00, 0x80, 0x33, 0x00, 0x00, 0x22, 0x40, 0x00, 0x00, 
0xb0, 0xd0, 0x00, 0x00, 0x25, 0x01, 0x12, 0x00, 0x15, 0x01, 0x27, 0x00, 0x17, 0x01, 0x2f, 0x00, 
0x0d, 0x01, 0x0a, 0x00, 0x2d, 0x01, 0x0e, 0x00, 0x2f, 0x01, 0x03, 0x00, 0x02, 0x00, 0x00, 0x00, 
0x00, 0x40, 0x00, 0x00, 0x80, 0x9b, 0x07, 0x00, 0x0b, 0x01, 0x02, 0x00, 0x0c, 0x01, 0x02, 0x00, 
0x06, 0x40, 0x00, 0x00, 0x80, 0x02, 0x00, 0x00, 0x05, 0x40, 0x00, 0x00, 0x00, 0x14, 0x00, 0x00, 
0x04, 0x40, 0x00, 0x00, 0x10, 0x00, 0x00, 0x00, 0x09, 0x01, 0x91, 0xff, 0x05, 0x01, 0x41, 0x00, 
0x01, 0x01, 0x01, 0x00, 0x10, 0x40, 0x00, 0x00, 0x80, 0xab, 0x06, 0x00, 0x1b, 0x01, 0x00, 0x00, 
0x1c, 0x01, 0x00, 0x00, 0x1a, 0x01, 0x13, 0x00, 0x12, 0x01, 0x00, 0x00, 0x11, 0x01, 0x13, 0x00, 
0x16, 0x40, 0x00, 0x00, 0x40, 0x01, 0x00, 0x00, 0x15, 0x40, 0x00, 0x00, 0x00, 0x0a, 0x00, 0x00, 
0x18, 0x01, 0x0e, 0x00, 0x21, 0x01, 0x02, 0x00, 0x20, 0x01, 0x02, 0x00, 0x22, 0x01, 0x03, 0x00, 
0x20, 0x40, 0x00, 0x00, 0x50, 0x0d, 0x01, 0x00, 0x21, 0x40, 0x00, 0x00, 0x80, 0x04, 0x00, 0x00, 
0x22, 0x40, 0x00, 0x00, 0xc0, 0x08, 0x01, 0x00, 0x25, 0x01, 0x00, 0x00, 0x15, 0x01, 0x13, 0x00, 
0x17, 0x01, 0x1f, 0x00, 0x0d, 0x01, 0x12, 0x00, 0x2d, 0x01, 0x1e, 0x00, 0x2f, 0x01, 0x00, 0x00, 
0x03, 0x00, 0x00, 0x00, 0x00, 0x40, 0x00, 0x00, 0xc0, 0xc4, 0x02, 0x00, 0x0b, 0x01, 0x01, 0x00, 
0x0c, 0x01, 0x01, 0x00, 0x06, 0x40, 0x00, 0x00, 0x01, 0x00, 0x00, 0x00, 0x05, 0x40, 0x00, 0x00, 
0x20, 0x12, 0x00, 0x00, 0x04, 0x40, 0x00, 0x00, 0x74, 0x00, 0x00, 0x00, 0x09, 0x01, 0x94, 0xff, 
0x05, 0x01, 0x01, 0x00, 0x01, 0x01, 0x00, 0x00, 0x10, 0x40, 0x00, 0x00, 0x80, 0x5f, 0x07, 0x00, 
0x1b, 0x01, 0x01, 0x00, 0x1c, 0x01, 0x01, 0x00, 0x1a, 0x01, 0x27, 0x00, 0x12, 0x01, 0x01, 0x00, 
0x11, 0x01, 0x27, 0x00, 0x16, 0x40, 0x00, 0x00, 0x80, 0x02, 0x00, 0x00, 0x15, 0x40, 0x00, 0x00, 
0x00, 0x14, 0x00, 0x00, 0x18, 0x01, 0xec, 0xff, 0x21, 0x01, 0x00, 0x00, 0x20, 0x01, 0x00, 0x00, 
0x22, 0x01, 0x00, 0x00, 0x20, 0x40, 0x00, 0x00, 0x40, 0xd5, 0x00, 0x00, 0x21, 0x40, 0x00, 0x00, 
0x80, 0x33, 0x00, 0x00, 0x22, 0x40, 0x00, 0x00, 0xb0, 0xd0, 0x00, 0x00, 0x25, 0x01, 0x12, 0x00, 
0x15, 0x01, 0x27, 0x00, 0x17, 0x01, 0x2f, 0x00, 0x0d, 0x01, 0x0a, 0x00, 0x2d, 0x01, 0x0e, 0x00, 
0x2f, 0x01, 0x03, 0x00, 0x02, 0x00, 0x00, 0x00, 0x00, 0x40, 0x00, 0x00, 0x80, 0xc3, 0x07, 0x00, 
0x02, 0x40, 0x00, 0x00, 0x80, 0x5f, 0x07, 0x00, 0x0b, 0x01, 0x00, 0x00, 0x0c, 0x01, 0x00, 0x00, 
0x06, 0x40, 0x00, 0x00, 0x80, 0x02, 0x00, 0x00, 0x05, 0x40, 0x00, 0x00, 0x00, 0x14, 0x00, 0x00, 
0x04, 0x40, 0x00, 0x00, 0x10, 0x00, 0x00, 0x00, 0x09, 0x01, 0x91, 0xff, 0x05, 0x01, 0x41, 0x00, 
0x01, 0x01, 0x01, 0x00, 0x10, 0x40, 0x00, 0x00, 0x80, 0xb5, 0x06, 0x00, 0x1b, 0x01, 0x00, 0x00, 
0x1c, 0x01, 0x00, 0x00, 0x1a, 0x01, 0x13, 0x00, 0x12, 0x01, 0x00, 0x00, 0x11, 0x01, 0x13, 0x00, 
0x16, 0x40, 0x00, 0x00, 0x40, 0x01, 0x00, 0x00, 0x15, 0x40, 0x00, 0x00, 0x00, 0x0a, 0x00, 0x00, 
0x18, 0x01, 0x0e, 0x00, 0x21, 0x01, 0x02, 0x00, 0x20, 0x01, 0x02, 0x00, 0x22, 0x01, 0x03, 0x00, 
0x20, 0x40, 0x00, 0x00, 0x50, 0x0d, 0x01, 0x00, 0x21, 0x40, 0x00, 0x00, 0x80, 0x04, 0x00, 0x00, 
0x22, 0x40, 0x00, 0x00, 0xc0, 0x08, 0x01, 0x00, 0x25, 0x01, 0x00, 0x00, 0x15, 0x01, 0x13, 0x00, 
0x17, 0x01, 0x1f, 0x00, 0x0d, 0x01, 0x12, 0x00, 0x2d, 0x01, 0x1e, 0x00, 0x2f, 0x01, 0x00, 0x00, 
0x03, 0x00, 0x00, 0x00, 0x00, 0x40, 0x00, 0x00, 0x00, 0xe9, 0x02, 0x00, 0x02, 0x40, 0x00, 0x00, 
0x00, 0x00, 0x00, 0x00, 0x0b, 0x01, 0x01, 0x00, 0x0c, 0x01, 0x01, 0x00, 0x06, 0x40, 0x00, 0x00, 
0x01, 0x00, 0x00, 0x00, 0x05, 0x40, 0x00, 0x00, 0x20, 0x12, 0x00, 0x00, 0x04, 0x40, 0x00, 0x00, 
0x74, 0x00, 0x00, 0x00, 0x09, 0x01, 0x94, 0xff, 0x05, 0x01, 0x01, 0x00, 0x01, 0x01, 0x00, 0x00, 
0x10, 0x40, 0x00, 0x00, 0x80, 0x87, 0x07, 0x00, 0x1b, 0x01, 0x01, 0x00, 0x1c, 0x01, 0x01, 0x00, 
0x1a, 0x01, 0x27, 0x00, 0x12, 0x01, 0x01, 0x00, 0x11, 0x01, 0x27, 0x00, 0x16, 0x40, 0x00, 0x00, 
0x80, 0x02, 0x00, 0x00, 0x15, 0x40, 0x00, 0x00, 0x00, 0x14, 0x00, 0x00, 0x18, 0x01, 0xec, 0xff, 
0x21, 0x01, 0x00, 0x00, 0x20, 0x01, 0x00, 0x00, 0x22, 0x01, 0x00, 0x00, 0x20, 0x40, 0x00, 0x00, 
0x40, 0xd5, 0x00, 0x00, 0x21, 0x40, 0x00, 0x00, 0x80, 0x33, 0x00, 0x00, 0x22, 0x40, 0x00, 0x00, 
0xb0, 0xd0, 0x00, 0x00, 0x25, 0x01, 0x12, 0x00, 0x15, 0x01, 0x27, 0x00, 0x17, 0x01, 0x2f, 0x00, 
0x0d, 0x01, 0x0a, 0x00, 0x2d, 0x01, 0x0e, 0x00, 0x2f, 0x01, 0x03, 0x00, 0x02, 0x00, 0x00, 0x00, 
0x00, 0x40, 0x00, 0x00, 0x80, 0x73, 0x07, 0x00, 0x0b, 0x01, 0x02, 0x00, 0x0c, 0x01, 0x02, 0x00, 
0x06, 0x40, 0x00, 0x00, 0x80, 0x02, 0x00, 0x00, 0x05, 0x40, 0x00, 0x00, 0x00, 0x14, 0x00, 0x00, 
0x04, 0x40, 0x00, 0x00, 0x10, 0x00, 0x00, 0x00, 0x09, 0x01, 0x91, 0xff, 0x05, 0x01, 0x41, 0x00, 
0x01, 0x01, 0x01, 0x00, 0x10, 0x40, 0x00, 0x00, 0x80, 0xbf, 0x06, 0x00, 0x1b, 0x01, 0x00, 0x00, 
0x1c, 0x01, 0x00, 0x00, 0x1a, 0x01, 0x13, 0x00, 0x12, 0x01, 0x00, 0x00, 0x11, 0x01, 0x13, 0x00, 
0x16, 0x40, 0x00, 0x00, 0x40, 0x01, 0x00, 0x00, 0x15, 0x40, 0x00, 0x00, 0x00, 0x0a, 0x00, 0x00, 
0x18, 0x01, 0x0e, 0x00, 0x21, 0x01, 0x02, 0x00, 0x20, 0x01, 0x02, 0x00, 0x22, 0x01, 0x03, 0x00, 
0x20, 0x40, 0x00, 0x00, 0x50, 0x0d, 0x01, 0x00, 0x21, 0x40, 0x00, 0x00, 0x80, 0x04, 0x00, 0x00, 
0x22, 0x40, 0x00, 0x00, 0xc0, 0x08, 0x01, 0x00, 0x25, 0x01, 0x00, 0x00, 0x15, 0x01, 0x13, 0x00, 
0x17, 0x01, 0x1f, 0x00, 0x0d, 0x01, 0x12, 0x00, 0x2d, 0x01, 0x1e, 0x00, 0x2f, 0x01, 0x00, 0x00, 
0x03, 0x00, 0x00, 0x00, 0x00, 0x40, 0x00, 0x00, 0x40, 0x0d, 0x03, 0x00, 0x0b, 0x01, 0x01, 0x00, 
0x0c, 0x01, 0x01, 0x00, 0x06, 0x40, 0x00, 0x00, 0x01, 0x00, 0x00, 0x00, 0x05, 0x40, 0x00, 0x00, 
0x20, 0x12, 0x00, 0x00, 0x04, 0x40, 0x00, 0x00, 0x74, 0x00, 0x00, 0x00, 0x09, 0x01, 0x94, 0xff, 
0x05, 0x01, 0x01, 0x00, 0x01, 0x01, 0x00, 0x00, 0x10, 0x40, 0x00, 0x00, 0x80, 0xaf, 0x07, 0x00, 
0x1b, 0x01, 0x01, 0x00, 0x1c, 0x01, 0x01, 0x00, 0x1a, 0x01, 0x27, 0x00, 0x12, 0x01, 0x01, 0x00, 
0x11, 0x01, 0x27, 0x00, 0x16, 0x40, 0x00, 0x00, 0x80, 0x02, 0x00, 0x00, 0x15, 0x40, 0x00, 0x00, 
0x00, 0x14, 0x00, 0x00, 0x18, 0x01, 0xec, 0xff, 0x21, 0x01, 0x00, 0x00, 0x20, 0x01, 0x00, 0x00, 
0x22, 0x01, 0x00, 0x00, 0x20, 0x40, 0x00, 0x00, 0x40, 0xd5, 0x00, 0x00, 0x21, 0x40, 0x00, 0x00, 
0x80, 0x33, 0x00, 0x00, 0x22, 0x40, 0x00, 0x00, 0xb0, 0xd0, 0x00, 0x00, 0x25, 0x01, 0x12, 0x00, 
0x15, 0x01, 0x27, 0x00, 0x17, 0x01, 0x2f, 0x00, 0x0d, 0x01, 0x0a, 0x00, 0x2d, 0x01, 0x0e, 0x00, 
0x2f, 0x01, 0x03, 0x00, 0x02, 0x00, 0x00, 0x00, 0x00, 0x40, 0x00, 0x00, 0x80, 0x9b, 0x07, 0x00, 
0x0b, 0x01, 0x02, 0x00, 0x0c, 0x01, 0x02, 0x00, 0x06, 0x40, 0x00, 0x00, 0x80, 0x02, 0x00, 0x00, 
0x05, 0x40, 0x00, 0x00, 0x00, 0x14, 0x00, 0x00, 0x04, 0x40, 0x00, 0x00, 0x10, 0x00, 0x00, 0x00, 
0x09, 0x01, 0x91, 0xff, 0x05, 0x01, 0x41, 0x00, 0x01, 0x01, 0x01, 0x00, 0x10, 0x40, 0x00, 0x00, 
0x80, 0xc9, 0x06, 0x00, 0x1b, 0x01, 0x00, 0x00, 0x1c, 0x01, 0x00, 0x00, 0x1a, 0x01, 0x13, 0x00, 
0x12, 0x01, 0x00, 0x00, 0x11, 0x01, 0x13, 0x00, 0x16, 0x40, 0x00, 0x00, 0x40, 0x01, 0x00, 0x00, 
0x15, 0x40, 0x00, 0x00, 0x00, 0x0a, 0x00, 0x00, 0x18, 0x01, 0x0e, 0x00, 0x21, 0x01, 0x02, 0x00, 
0x20, 0x01, 0x02, 0x00, 0x22, 0x01, 0x03, 0x00, 0x20, 0x40, 0x00, 0x00, 0x50, 0x0d, 0x01, 0x00, 
0x21, 0x40, 0x00, 0x00, 0x80, 0x04, 0x00, 0x00, 0x22, 0x40, 0x00, 0x00, 0xc0, 0x08, 0x01, 0x00, 
0x25, 0x01, 0x00, 0x00, 0x15, 0x01, 0x13, 0x00, 0x17, 0x01, 0x1f, 0x00, 0x0d, 0x01, 0x12, 0x00, 
0x2d, 0x01, 0x1e, 0x00, 0x2f, 0x01, 0x00, 0x00, 0x03, 0x00, 0x00, 0x00, 0x00, 0x40, 0x00, 0x00, 
0x80, 0x31, 0x03, 0x00, 0x0b, 0x01, 0x01, 0x00, 0x0c, 0x01, 0x01, 0x00, 0x06, 0x40, 0x00, 0x00, 
0x01, 0x00, 0x00, 0x00, 0x05, 0x40, 0x00, 0x00, 0x20, 0x12, 0x00, 0x00, 0x04, 0x40, 0x00, 0x00, 
0x74, 0x00, 0x00, 0x00, 0x09, 0x01, 0x94, 0xff, 0x05, 0x01, 0x01, 0x00, 0x01, 0x01, 0x00, 0x00, 
0x10, 0x40, 0x00, 0x00, 0x80, 0x5f, 0x07, 0x00, 0x1b, 0x01, 0x01, 0x00, 0x1c, 0x01, 0x01, 0x00, 
0x1a, 0x01, 0x27, 0x00, 0x12, 0x01, 0x01, 0x00, 0x11, 0x01, 0x27, 0x00, 0x16, 0x40, 0x00, 0x00, 
0x80, 0x02, 0x00, 0x00, 0x15, 0x40, 0x00, 0x00, 0x00, 0x14, 0x00, 0x00, 0x18, 0x01, 0xec, 0xff, 
0x21, 0x01, 0x00, 0x00, 0x20, 0x01, 0x00, 0x00, 0x22, 0x01, 0x00, 0x00, 0x20, 0x40, 0x00, 0x00, 
0x40, 0xd5, 0x00, 0x00, 0x21, 0x40, 0x00, 0x00, 0x80, 0x33, 0x00, 0x00, 0x22, 0x40, 0x00, 0x00, 
0xb0, 0xd0, 0x00, 0x00, 0x25, 0x01, 0x12, 0x00, 0x15, 0x01, 0x27, 0x00, 0x17, 0x01, 0x2f, 0x00, 
0x0d, 0x01, 0x0a, 0x00, 0x2d, 0x01, 0x0e, 0x00, 0x2f, 0x01, 0x03, 0x00, 0x02, 0x00, 0x00, 0x00, 
0x00, 0x40, 0x00, 0x00, 0x80, 0xc3, 0x07, 0x00, 0x02, 0x40, 0x00, 0x00, 0x80, 0x5f, 0x07, 0x00, 
0x0b, 0x01, 0x00, 0x00, 0x0c, 0x01, 0x00, 0x00, 0x06, 0x40, 0x00, 0x00, 0x80, 0x02, 0x00, 0x00, 
0x05, 0x40, 0x00, 0x00, 0x00, 0x14, 0x00, 0x00, 0x04, 0x40, 0x00, 0x00, 0x10, 0x00, 0x00, 0x00, 
0x09, 0x01, 0x91, 0xff, 0x05, 0x01, 0x41, 0x00, 0x01, 0x01, 0x01, 0x00, 0x10, 0x40, 0x00, 0x00, 
0x80, 0xd3, 0x06, 0x00, 0x1b, 0x01, 0x00, 0x00, 0x1c, 0x01, 0x00, 0x00, 0x1a, 0x01, 0x13, 0x00, 
0x12, 0x01, 0x00, 0x00, 0x11, 0x01, 0x13, 0x00, 0x16, 0x40, 0x00, 0x00, 0x40, 0x01, 0x00, 0x00, 
0x15, 0x40, 0x00, 0x00, 0x00, 0x0a, 0x00, 0x00, 0x18, 0x01, 0x0e, 0x00, 0x21, 0x01, 0x02, 0x00, 
0x20, 0x01, 0x02, 0x00, 0x22, 0x01, 0x03, 0x00, 0x20, 0x40, 0x00, 0x00, 0x50, 0x0d, 0x01, 0x00, 
0x21, 0x40, 0x00, 0x00, 0x80, 0x04, 0x00, 0x00, 0x22, 0x40, 0x00, 0x00, 0xc0, 0x08, 0x01, 0x00, 
0x25, 0x01, 0x00, 0x00, 0x15, 0x01, 0x13, 0x00, 0x17, 0x01, 0x1f, 0x00, 0x0d, 0x01, 0x12, 0x00, 
0x2d, 0x01, 0x1e, 0x00, 0x2f, 0x01, 0x00, 0x00, 0x03, 0x00, 0x00, 0x00, 0x00, 0x40, 0x00, 0x00, 
0xc0, 0x55, 0x03, 0x00, 0x02, 0x40, 0x00, 0x00, 0x00, 0x00, 0x00, 0x00, 0x0b, 0x01, 0x01, 0x00, 
0x0c, 0x01, 0x01, 0x00, 0x06, 0x40, 0x00, 0x00, 0x01, 0x00, 0x00, 0x00, 0x05, 0x40, 0x00, 0x00, 
0x20, 0x12, 0x00, 0x00, 0x04, 0x40, 0x00, 0x00, 0x74, 0x00, 0x00, 0x00, 0x09, 0x01, 0x94, 0xff, 
0x05, 0x01, 0x01, 0x00, 0x01, 0x01, 0x00, 0x00, 0x10, 0x40, 0x00, 0x00, 0x80, 0x87, 0x07, 0x00, 
0x1b, 0x01, 0x01, 0x00, 0x1c, 0x01, 0x01, 0x00, 0x1a, 0x01, 0x27, 0x00, 0x12, 0x01, 0x01, 0x00, 
0x11, 0x01, 0x27, 0x00, 0x16, 0x40, 0x00, 0x00, 0x80, 0x02, 0x00, 0x00, 0x15, 0x40, 0x00, 0x00, 
0x00, 0x14, 0x00, 0x00, 0x18, 0x01, 0xec, 0xff, 0x21, 0x01, 0x00, 0x00, 0x20, 0x01, 0x00, 0x00, 
0x22, 0x01, 0x00, 0x00, 0x20, 0x40, 0x00, 0x00, 0x40, 0xd5, 0x00, 0x00, 0x21, 0x40, 0x00, 0x00, 
0x80, 0x33, 0x00, 0x00, 0x22, 0x40, 0x00, 0x00, 0xb0, 0xd0, 0x00, 0x00, 0x25, 0x01, 0x12, 0x00, 
0x15, 0x01, 0x27, 0x00, 0x17, 0x01, 0x2f, 0x00, 0x0d, 0x01, 0x0a, 0x00, 0x2d, 0x01, 0x0e, 0x00, 
0x2f, 0x01, 0x03, 0x00, 0x02, 0x00, 0x00, 0x00, 0x00, 0x40, 0x00, 0x00, 0x80, 0x73, 0x07, 0x00, 
0x0b, 0x01, 0x02, 0x00, 0x0c, 0x01, 0x02, 0x00, 0x06, 0x40, 0x00, 0x00, 0x80, 0x02, 0x00, 0x00, 
0x05, 0x40, 0x00, 0x00, 0x00, 0x14, 0x00, 0x00, 0x04, 0x40, 0x00, 0x00, 0x10, 0x00, 0x00, 0x00, 
0x09, 0x01, 0x91, 0xff, 0x05, 0x01, 0x41, 0x00, 0x01, 0x01, 0x01, 0x00, 0x10, 0x40, 0x00, 0x00, 
0x80, 0xdd, 0x06, 0x00, 0x1b, 0x01, 0x00, 0x00, 0x1c, 0x01, 0x00, 0x00, 0x1a, 0x01, 0x13, 0x00, 
0x12, 0x01, 0x00, 0x00, 0x11, 0x01, 0x13, 0x00, 0x16, 0x40, 0x00, 0x00, 0x40, 0x01, 0x00, 0x00, 
0x15, 0x40, 0x00, 0x00, 0x00, 0x0a, 0x00, 0x00, 0x18, 0x01, 0x0e, 0x00, 0x21, 0x01, 0x02, 0x00, 
0x20, 0x01, 0x02, 0x00, 0x22, 0x01, 0x03, 0x00, 0x20, 0x40, 0x00, 0x00, 0x50, 0x0d, 0x01, 0x00, 
0x21, 0x40, 0x00, 0x00, 0x80, 0x04, 0x00, 0x00, 0x22, 0x40, 0x00, 0x00, 0xc0, 0x08, 0x01, 0x00, 
0x25, 0x01, 0x00, 0x00, 0x15, 0x01, 0x13, 0x00, 0x17, 0x01, 0x1f, 0x00, 0x0d, 0x01, 0x12, 0x00, 
0x2d, 0x01, 0x1e, 0x00, 0x2f, 0x01, 0x00, 0x00, 0x03, 0x00, 0x00, 0x00, 0x00, 0x40, 0x00, 0x00, 
0x00, 0x7a, 0x03, 0x00, 0x0b, 0x01, 0x01, 0x00, 0x0c, 0x01, 0x01, 0x00, 0x06, 0x40, 0x00, 0x00, 
0x01, 0x00, 0x00, 0x00, 0x05, 0x40, 0x00, 0x00, 0x20, 0x12, 0x00, 0x00, 0x04, 0x40, 0x00, 0x00, 
0x74, 0x00, 0x00, 0x00, 0x09, 0x01, 0x94, 0xff, 0x05, 0x01, 0x01, 0x00, 0x01, 0x01, 0x00, 0x00, 
0x10, 0x40, 0x00, 0x00, 0x80, 0xaf, 0x07, 0x00, 0x1b, 0x01, 0x01, 0x00, 0x1c, 0x01, 0x01, 0x00, 
0x1a, 0x01, 0x27, 0x00, 0x12, 0x01, 0x01, 0x00, 0x11, 0x01, 0x27, 0x00, 0x16, 0x40, 0x00, 0x00, 
0x80, 0x02, 0x00, 0x00, 0x15, 0x40, 0x00, 0x00, 0x00, 0x14, 0x00, 0x00, 0x18, 0x01, 0xec, 0xff, 
0x21, 0x01, 0x00, 0x00, 0x20, 0x01, 0x00, 0x00, 0x22, 0x01, 0x00, 0x00, 0x20, 0x40, 0x00, 0x00, 
0x40, 0xd5, 0x00, 0x00, 0x21, 0x40, 0x00, 0x00, 0x80, 0x33, 0x00, 0x00, 0x22, 0x40, 0x00, 0x00, 
0xb0, 0xd0, 0x00, 0x00, 0x25, 0x01, 0x12, 0x00, 0x15, 0x01, 0x27, 0x00, 0x17, 0x01, 0x2f, 0x00, 
0x0d, 0x01, 0x0a, 0x00, 0x2d, 0x01, 0x0e, 0x00, 0x2f, 0x01, 0x03, 0x00, 0x02, 0x00, 0x00, 0x00, 
0x00, 0x40, 0x00, 0x00, 0x80, 0x9b, 0x07, 0x00, 0x0b, 0x01, 0x02, 0x00, 0x0c, 0x01, 0x02, 0x00, 
0x06, 0x40, 0x00, 0x00, 0x80, 0x02, 0x00, 0x00, 0x05, 0x40, 0x00, 0x00, 0x00, 0x14, 0x00, 0x00, 
0x04, 0x40, 0x00, 0x00, 0x10, 0x00, 0x00, 0x00, 0x09, 0x01, 0x91, 0xff, 0x05, 0x01, 0x41, 0x00, 
0x01, 0x01, 0x01, 0x00, 0x10, 0x40, 0x00, 0x00, 0x80, 0xe7, 0x06, 0x00, 0x1b, 0x01, 0x00, 0x00, 
0x1c, 0x01, 0x00, 0x00, 0x1a, 0x01, 0x13, 0x00, 0x12, 0x01, 0x00, 0x00, 0x11, 0x01, 0x13, 0x00, 
0x16, 0x40, 0x00, 0x00, 0x40, 0x01, 0x00, 0x00, 0x15, 0x40, 0x00, 0x00, 0x00, 0x0a, 0x00, 0x00, 
0x18, 0x01, 0x0e, 0x00, 0x21, 0x01, 0x02, 0x00, 0x20, 0x01, 0x02, 0x00, 0x22, 0x01, 0x03, 0x00, 
0x20, 0x40, 0x00, 0x00, 0x50, 0x0d, 0x01, 0x00, 0x21, 0x40, 0x00, 0x00, 0x80, 0x04, 0x00, 0x00, 
0x22, 0x40, 0x00, 0x00, 0xc0, 0x08, 0x01, 0x00, 0x25, 0x01, 0x00, 0x00, 0x15, 0x01, 0x13, 0x00, 
0x17, 0x01, 0x1f, 0x00, 0x0d, 0x01, 0x12, 0x00, 0x2d, 0x01, 0x1e, 0x00, 0x2f, 0x01, 0x00, 0x00, 
0x03, 0x00, 0x00, 0x00, 0x00, 0x40, 0x00, 0x00, 0x40, 0x9e, 0x03, 0x00, 0x0b, 0x01, 0x01, 0x00, 
0x0c, 0x01, 0x01, 0x00, 0x06, 0x40, 0x00, 0x00, 0x01, 0x00, 0x00, 0x00, 0x05, 0x40, 0x00, 0x00, 
0x20, 0x12, 0x00, 0x00, 0x04, 0x40, 0x00, 0x00, 0x74, 0x00, 0x00, 0x00, 0x09, 0x01, 0x94, 0xff, 
0x05, 0x01, 0x01, 0x00, 0x01, 0x01, 0x00, 0x00, 0x10, 0x40, 0x00, 0x00, 0x80, 0x5f, 0x07, 0x00, 
0x1b, 0x01, 0x01, 0x00, 0x1c, 0x01, 0x01, 0x00, 0x1a, 0x01, 0x27, 0x00, 0x12, 0x01, 0x01, 0x00, 
0x11, 0x01, 0x27, 0x00, 0x16, 0x40, 0x00, 0x00, 0x80, 0x02, 0x00, 0x00, 0x15, 0x40, 0x00, 0x00, 
0x00, 0x14, 0x00, 0x00, 0x18, 0x01, 0xec, 0xff, 0x21, 0x01, 0x00, 0x00, 0x20, 0x01, 0x00, 0x00, 
0x22, 0x01, 0x00, 0x00, 0x20, 0x40, 0x00, 0x00, 0x40, 0xd5, 0x00, 0x00, 0x21, 0x40, 0x00, 0x00, 
0x80, 0x33, 0x00, 0x00, 0x22, 0x40, 0x00, 0x00, 0xb0, 0xd0, 0x00, 0x00, 0x25, 0x01, 0x12, 0x00, 
0x15, 0x01, 0x27, 0x00, 0x17, 0x01, 0x2f, 0x00, 0x0d, 0x01, 0x0a, 0x00, 0x2d, 0x01, 0x0e, 0x00, 
0x2f, 0x01, 0x03, 0x00, 0x02, 0x00, 0x00, 0x00, 0x00, 0x40, 0x00, 0x00, 0x80, 0xc3, 0x07, 0x00, 
0x02, 0x40, 0x00, 0x00, 0x80, 0x5f, 0x07, 0x00, 0x0b, 0x01, 0x00, 0x00, 0x0c, 0x01, 0x00, 0x00, 
0x06, 0x40, 0x00, 0x00, 0x80, 0x02, 0x00, 0x00, 0x05, 0x40, 0x00, 0x00, 0x00, 0x14, 0x00, 0x00, 
0x04, 0x40, 0x00, 0x00, 0x10, 0x00, 0x00, 0x00, 0x09, 0x01, 0x91, 0xff, 0x05, 0x01, 0x41, 0x00, 
0x01, 0x01, 0x01, 0x00, 0x10, 0x40, 0x00, 0x00, 0x80, 0xf1, 0x06, 0x00, 0x1b, 0x01, 0x00, 0x00, 
0x1c, 0x01, 0x00, 0x00, 0x1a, 0x01, 0x13, 0x00, 0x12, 0x01, 0x00, 0x00, 0x11, 0x01, 0x13, 0x00, 
0x16, 0x40, 0x00, 0x00, 0x40, 0x01, 0x00, 0x00, 0x15, 0x40, 0x00, 0x00, 0x00, 0x0a, 0x00, 0x00, 
0x18, 0x01, 0x0e, 0x00, 0x21, 0x01, 0x02, 0x00, 0x20, 0x01, 0x02, 0x00, 0x22, 0x01, 0x03, 0x00, 
0x20, 0x40, 0x00, 0x00, 0x50, 0x0d, 0x01, 0x00, 0x21, 0x40, 0x00, 0x00, 0x80, 0x04, 0x00, 0x00, 
0x22, 0x40, 0x00, 0x00, 0xc0, 0x08, 0x01, 0x00, 0x25, 0x01, 0x00, 0x00, 0x15, 0x01, 0x13, 0x00, 
0x17, 0x01, 0x1f, 0x00, 0x0d, 0x01, 0x12, 0x00, 0x2d, 0x01, 0x1e, 0x00, 0x2f, 0x01, 0x00, 0x00, 
0x03, 0x00, 0x00, 0x00, 0x00, 0x40, 0x00, 0x00, 0x80, 0xc2, 0x03, 0x00, 0x02, 0x40, 0x00, 0x00, 
0x00, 0x00, 0x00, 0x00, 0x0b, 0x01, 0x01, 0x00, 0x0c, 0x01, 0x01, 0x00, 0x06, 0x40, 0x00, 0x00, 
0x01, 0x00, 0x00, 0x00, 0x05, 0x40, 0x00, 0x00, 0x20, 0x12, 0x00, 0x00, 0x04, 0x40, 0x00, 0x00, 
0x74, 0x00, 0x00, 0x00, 0x09, 0x01, 0x94, 0xff, 0x05, 0x01, 0x01, 0x00, 0x01, 0x01, 0x00, 0x00, 
0x10, 0x40, 0x00, 0x00, 0x80, 0x87, 0x07, 0x00, 0x1b, 0x01, 0x01, 0x00, 0x1c, 0x01, 0x01, 0x00, 
0x1a, 0x01, 0x27, 0x00, 0x12, 0x01, 0x01, 0x00, 0x11, 0x01, 0x27, 0x00, 0x16, 0x40, 0x00, 0x00, 
0x80, 0x02, 0x00, 0x00, 0x15, 0x40, 0x00, 0x00, 0x00, 0x14, 0x00, 0x00, 0x18, 0x01, 0xec, 0xff, 
0x21, 0x01, 0x00, 0x00, 0x20, 0x01, 0x00, 0x00, 0x22, 0x01, 0x00, 0x00, 0x20, 0x40, 0x00, 0x00, 
0x40, 0xd5, 0x00, 0x00, 0x21, 0x40, 0x00, 0x00, 0x80, 0x33, 0x00, 0x00, 0x22, 0x40, 0x00, 0x00, 
0xb0, 0xd0, 0x00, 0x00, 0x25, 0x01, 0x12, 0x00, 0x15, 0x01, 0x27, 0x00, 0x17, 0x01, 0x2f, 0x00, 
0x0d, 0x01, 0x0a, 0x00, 0x2d, 0x01, 0x0e, 0x00, 0x2f, 0x01, 0x03, 0x00, 0x02, 0x00, 0x00, 0x00, 
0x00, 0x40, 0x00, 0x00, 0x80, 0x73, 0x07, 0x00, 0x0b, 0x01, 0x02, 0x00, 0x0c, 0x01, 0x02, 0x00, 
0x06, 0x40, 0x00, 0x00, 0x80, 0x02, 0x00, 0x00, 0x05, 0x40, 0x00, 0x00, 0x00, 0x14, 0x00, 0x00, 
0x04, 0x40, 0x00, 0x00, 0x10, 0x00, 0x00, 0x00, 0x09, 0x01, 0x91, 0xff, 0x05, 0x01, 0x41, 0x00, 
0x01, 0x01, 0x01, 0x00, 0x10, 0x40, 0x00, 0x00, 0x80, 0xfb, 0x06, 0x00, 0x1b, 0x01, 0x00, 0x00, 
0x1c, 0x01, 0x00, 0x00, 0x1a, 0x01, 0x13, 0x00, 0x12, 0x01, 0x00, 0x00, 0x11, 0x01, 0x13, 0x00, 
0x16, 0x40, 0x00, 0x00, 0x40, 0x01, 0x00, 0x00, 0x15, 0x40, 0x00, 0x00, 0x00, 0x0a, 0x00, 0x00, 
0x18, 0x01, 0x0e, 0x00, 0x21, 0x01, 0x02, 0x00, 0x20, 0x01, 0x02, 0x00, 0x22, 0x01, 0x03, 0x00, 
0x20, 0x40, 0x00, 0x00, 0x50, 0x0d, 0x01, 0x00, 0x21, 0x40, 0x00, 0x00, 0x80, 0x04, 0x00, 0x00, 
0x22, 0x40, 0x00, 0x00, 0xc0, 0x08, 0x01, 0x00, 0x25, 0x01, 0x00, 0x00, 0x15, 0x01, 0x13, 0x00, 
0x17, 0x01, 0x1f, 0x00, 0x0d, 0x01, 0x12, 0x00, 0x2d, 0x01, 0x1e, 0x00, 0x2f, 0x01, 0x00, 0x00, 
0x03, 0x00, 0x00, 0x00, 0x00, 0x40, 0x00, 0x00, 0xc0, 0xe6, 0x03, 0x00, 0x0b, 0x01, 0x01, 0x00, 
0x0c, 0x01, 0x01, 0x00, 0x06, 0x40, 0x00, 0x00, 0x01, 0x00, 0x00, 0x00, 0x05, 0x40, 0x00, 0x00, 
0x20, 0x12, 0x00, 0x00, 0x04, 0x40, 0x00, 0x00, 0x74, 0x00, 0x00, 0x00, 0x09, 0x01, 0x94, 0xff, 
0x05, 0x01, 0x01, 0x00, 0x01, 0x01, 0x00, 0x00, 0x10, 0x40, 0x00, 0x00, 0x80, 0xaf, 0x07, 0x00, 
0x1b, 0x01, 0x01, 0x00, 0x1c, 0x01, 0x01, 0x00, 0x1a, 0x01, 0x27, 0x00, 0x12, 0x01, 0x01, 0x00, 
0x11, 0x01, 0x27, 0x00, 0x16, 0x40, 0x00, 0x00, 0x80, 0x02, 0x00, 0x00, 0x15, 0x40, 0x00, 0x00, 
0x00, 0x14, 0x00, 0x00, 0x18, 0x01, 0xec, 0xff, 0x21, 0x01, 0x00, 0x00, 0x20, 0x01, 0x00, 0x00, 
0x22, 0x01, 0x00, 0x00, 0x20, 0x40, 0x00, 0x00, 0x40, 0xd5, 0x00, 0x00, 0x21, 0x40, 0x00, 0x00, 
0x80, 0x33, 0x00, 0x00, 0x22, 0x40, 0x00, 0x00, 0xb0, 0xd0, 0x00, 0x00, 0x25, 0x01, 0x12, 0x00, 
0x15, 0x01, 0x27, 0x00, 0x17, 0x01, 0x2f, 0x00, 0x0d, 0x01, 0x0a, 0x00, 0x2d, 0x01, 0x0e, 0x00, 
0x2f, 0x01, 0x03, 0x00, 0x02, 0x00, 0x00, 0x00, 0x00, 0x40, 0x00, 0x00, 0x80, 0x9b, 0x07, 0x00, 
0x0b, 0x01, 0x02, 0x00, 0x0c, 0x01, 0x02, 0x00, 0x06, 0x40, 0x00, 0x00, 0x80, 0x02, 0x00, 0x00, 
0x05, 0x40, 0x00, 0x00, 0x00, 0x14, 0x00, 0x00, 0x04, 0x40, 0x00, 0x00, 0x10, 0x00, 0x00, 0x00, 
0x09, 0x01, 0x91, 0xff, 0x05, 0x01, 0x41, 0x00, 0x01, 0x01, 0x01, 0x00, 0x10, 0x40, 0x00, 0x00, 
0x80, 0x05, 0x07, 0x00, 0x1b, 0x01, 0x00, 0x00, 0x1c, 0x01, 0x00, 0x00, 0x1a, 0x01, 0x13, 0x00, 
0x12, 0x01, 0x00, 0x00, 0x11, 0x01, 0x13, 0x00, 0x16, 0x40, 0x00, 0x00, 0x40, 0x01, 0x00, 0x00, 
0x15, 0x40, 0x00, 0x00, 0x00, 0x0a, 0x00, 0x00, 0x18, 0x01, 0x0e, 0x00, 0x21, 0x01, 0x02, 0x00, 
0x20, 0x01, 0x02, 0x00, 0x22, 0x01, 0x03, 0x00, 0x20, 0x40, 0x00, 0x00, 0x50, 0x0d, 0x01, 0x00, 
0x21, 0x40, 0x00, 0x00, 0x80, 0x04, 0x00, 0x00, 0x22, 0x40, 0x00, 0x00, 0xc0, 0x08, 0x01, 0x00, 
0x25, 0x01, 0x00, 0x00, 0x15, 0x01, 0x13, 0x00, 0x17, 0x01, 0x1f, 0x00, 0x0d, 0x01, 0x12, 0x00, 
0x2d, 0x01, 0x1e, 0x00, 0x2f, 0x01, 0x00, 0x00, 0x03, 0x00, 0x00, 0x00, 0x00, 0x40, 0x00, 0x00, 
0x00, 0x0b, 0x04, 0x00, 0x0b, 0x01, 0x01, 0x00, 0x0c, 0x01, 0x01, 0x00, 0x06, 0x40, 0x00, 0x00, 
0x01, 0x00, 0x00, 0x00, 0x05, 0x40, 0x00, 0x00, 0x20, 0x12, 0x00, 0x00, 0x04, 0x40, 0x00, 0x00, 
0x74, 0x00, 0x00, 0x00, 0x09, 0x01, 0x94, 0xff, 0x05, 0x01, 0x01, 0x00, 0x01, 0x01, 0x00, 0x00, 
0x10, 0x40, 0x00, 0x00, 0x80, 0x5f, 0x07, 0x00, 0x1b, 0x01, 0x01, 0x00, 0x1c, 0x01, 0x01, 0x00, 
0x1a, 0x01, 0x27, 0x00, 0x12, 0x01, 0x01, 0x00, 0x11, 0x01, 0x27, 0x00, 0x16, 0x40, 0x00, 0x00, 
0x80, 0x02, 0x00, 0x00, 0x15, 0x40, 0x00, 0x00, 0x00, 0x14, 0x00, 0x00, 0x18, 0x01, 0xec, 0xff, 
0x21, 0x01, 0x00, 0x00, 0x20, 0x01, 0x00, 0x00, 0x22, 0x01, 0x00, 0x00, 0x20, 0x40, 0x00, 0x00, 
0x40, 0xd5, 0x00, 0x00, 0x21, 0x40, 0x00, 0x00, 0x80, 0x33, 0x00, 0x00, 0x22, 0x40, 0x00, 0x00, 
0xb0, 0xd0, 0x00, 0x00, 0x25, 0x01, 0x12, 0x00, 0x15, 0x01, 0x27, 0x00, 0x17, 0x01, 0x2f, 0x00, 
0x0d, 0x01, 0x0a, 0x00, 0x2d, 0x01, 0x0e, 0x00, 0x2f, 0x01, 0x03, 0x00, 0x02, 0x00, 0x00, 0x00, 
0x00, 0x40, 0x00, 0x00, 0x80, 0xc3, 0x07, 0x00, 0x02, 0x40, 0x00, 0x00, 0x80, 0x5f, 0x07, 0x00, 
0x0b, 0x01, 0x00, 0x00, 0x0c, 0x01, 0x00, 0x00, 0x06, 0x40, 0x00, 0x00, 0x80, 0x02, 0x00, 0x00, 
0x05, 0x40, 0x00, 0x00, 0x00, 0x14, 0x00, 0x00, 0x04, 0x40, 0x00, 0x00, 0x10, 0x00, 0x00, 0x00, 
0x09, 0x01, 0x91, 0xff, 0x05, 0x01, 0x41, 0x00, 0x01, 0x01, 0x01, 0x00, 0x10, 0x40, 0x00, 0x00, 
0x80, 0x0f, 0x07, 0x00, 0x1b, 0x01, 0x00, 0x00, 0x1c, 0x01, 0x00, 0x00, 0x1a, 0x01, 0x13, 0x00, 
0x12, 0x01, 0x00, 0x00, 0x11, 0x01, 0x13, 0x00, 0x16, 0x40, 0x00, 0x00, 0x40, 0x01, 0x00, 0x00, 
0x15, 0x40, 0x00, 0x00, 0x00, 0x0a, 0x00, 0x00, 0x18, 0x01, 0x0e, 0x00, 0x21, 0x01, 0x02, 0x00, 
0x20, 0x01, 0x02, 0x00, 0x22, 0x01, 0x03, 0x00, 0x20, 0x40, 0x00, 0x00, 0x50, 0x0d, 0x01, 0x00, 
0x21, 0x40, 0x00, 0x00, 0x80, 0x04, 0x00, 0x00, 0x22, 0x40, 0x00, 0x00, 0xc0, 0x08, 0x01, 0x00, 
0x25, 0x01, 0x00, 0x00, 0x15, 0x01, 0x13, 0x00, 0x17, 0x01, 0x1f, 0x00, 0x0d, 0x01, 0x12, 0x00, 
0x2d, 0x01, 0x1e, 0x00, 0x2f, 0x01, 0x00, 0x00, 0x03, 0x00, 0x00, 0x00, 0x00, 0x40, 0x00, 0x00, 
0x40, 0x2f, 0x04, 0x00, 0x02, 0x40, 0x00, 0x00, 0x00, 0x00, 0x00, 0x00, 0x0b, 0x01, 0x01, 0x00, 
0x0c, 0x01, 0x01, 0x00, 0x06, 0x40, 0x00, 0x00, 0x01, 0x00, 0x00, 0x00, 0x05, 0x40, 0x00, 0x00, 
0x20, 0x12, 0x00, 0x00, 0x04, 0x40, 0x00, 0x00, 0x74, 0x00, 0x00, 0x00, 0x09, 0x01, 0x94, 0xff, 
0x05, 0x01, 0x01, 0x00, 0x01, 0x01, 0x00, 0x00, 0x10, 0x40, 0x00, 0x00, 0x80, 0x87, 0x07, 0x00, 
0x1b, 0x01, 0x01, 0x00, 0x1c, 0x01, 0x01, 0x00, 0x1a, 0x01, 0x27, 0x00, 0x12, 0x01, 0x01, 0x00, 
0x11, 0x01, 0x27, 0x00, 0x16, 0x40, 0x00, 0x00, 0x80, 0x02, 0x00, 0x00, 0x15, 0x40, 0x00, 0x00, 
0x00, 0x14, 0x00, 0x00, 0x18, 0x01, 0xec, 0xff, 0x21, 0x01, 0x00, 0x00, 0x20, 0x01, 0x00, 0x00, 
0x22, 0x01, 0x00, 0x00, 0x20, 0x40, 0x00, 0x00, 0x40, 0xd5, 0x00, 0x00, 0x21, 0x40, 0x00, 0x00, 
0x80, 0x33, 0x00, 0x00, 0x22, 0x40, 0x00, 0x00, 0xb0, 0xd0, 0x00, 0x00, 0x25, 0x01, 0x12, 0x00, 
0x15, 0x01, 0x27, 0x00, 0x17, 0x01, 0x2f, 0x00, 0x0d, 0x01, 0x0a, 0x00, 0x2d, 0x01, 0x0e, 0x00, 
0x2f, 0x01, 0x03, 0x00, 0x02, 0x00, 0x00, 0x00, 0x00, 0x40, 0x00, 0x00, 0x80, 0x73, 0x07, 0x00, 
0x0b, 0x01, 0x02, 0x00, 0x0c, 0x01, 0x02, 0x00, 0x06, 0x40, 0x00, 0x00, 0x80, 0x02, 0x00, 0x00, 
0x05, 0x40, 0x00, 0x00, 0x00, 0x14, 0x00, 0x00, 0x04, 0x40, 0x00, 0x00, 0x10, 0x00, 0x00, 0x00, 
0x09, 0x01, 0x91, 0xff, 0x05, 0x01, 0x41, 0x00, 0x01, 0x01, 0x01, 0x00, 0x10, 0x40, 0x00, 0x00, 
0x80, 0x19, 0x07, 0x00, 0x1b, 0x01, 0x00, 0x00, 0x1c, 0x01, 0x00, 0x00, 0x1a, 0x01, 0x13, 0x00, 
0x12, 0x01, 0x00, 0x00, 0x11, 0x01, 0x13, 0x00, 0x16, 0x40, 0x00, 0x00, 0x40, 0x01, 0x00, 0x00, 
0x15, 0x40, 0x00, 0x00, 0x00, 0x0a, 0x00, 0x00, 0x18, 0x01, 0x0e, 0x00, 0x21, 0x01, 0x02, 0x00, 
0x20, 0x01, 0x02, 0x00, 0x22, 0x01, 0x03, 0x00, 0x20, 0x40, 0x00, 0x00, 0x50, 0x0d, 0x01, 0x00, 
0x21, 0x40, 0x00, 0x00, 0x80, 0x04, 0x00, 0x00, 0x22, 0x40, 0x00, 0x00, 0xc0, 0x08, 0x01, 0x00, 
0x25, 0x01, 0x00, 0x00, 0x15, 0x01, 0x13, 0x00, 0x17, 0x01, 0x1f, 0x00, 0x0d, 0x01, 0x12, 0x00, 
0x2d, 0x01, 0x1e, 0x00, 0x2f, 0x01, 0x00, 0x00, 0x03, 0x00, 0x00, 0x00, 0x00, 0x40, 0x00, 0x00, 
0x80, 0x53, 0x04, 0x00, 0x0b, 0x01, 0x01, 0x00, 0x0c, 0x01, 0x01, 0x00, 0x06, 0x40, 0x00, 0x00, 
0x01, 0x00, 0x00, 0x00, 0x05, 0x40, 0x00, 0x00, 0x20, 0x12, 0x00, 0x00, 0x04, 0x40, 0x00, 0x00, 
0x74, 0x00, 0x00, 0x00, 0x09, 0x01, 0x94, 0xff, 0x05, 0x01, 0x01, 0x00, 0x01, 0x01, 0x00, 0x00, 
0x10, 0x40, 0x00, 0x00, 0x80, 0xaf, 0x07, 0x00, 0x1b, 0x01, 0x01, 0x00, 0x1c, 0x01, 0x01, 0x00, 
0x1a, 0x01, 0x27, 0x00, 0x12, 0x01, 0x01, 0x00, 0x11, 0x01, 0x27, 0x00, 0x16, 0x40, 0x00, 0x00, 
0x80, 0x02, 0x00, 0x00, 0x15, 0x40, 0x00, 0x00, 0x00, 0x14, 0x00, 0x00, 0x18, 0x01, 0xec, 0xff, 
0x21, 0x01, 0x00, 0x00, 0x20, 0x01, 0x00, 0x00, 0x22, 0x01, 0x00, 0x00, 0x20, 0x40, 0x00, 0x00, 
0x40, 0xd5, 0x00, 0x00, 0x21, 0x40, 0x00, 0x00, 0x80, 0x33, 0x00, 0x00, 0x22, 0x40, 0x00, 0x00, 
0xb0, 0xd0, 0x00, 0x00, 0x25, 0x01, 0x12, 0x00, 0x15, 0x01, 0x27, 0x00, 0x17, 0x01, 0x2f, 0x00, 
0x0d, 0x01, 0x0a, 0x00, 0x2d, 0x01, 0x0e, 0x00, 0x2f, 0x01, 0x03, 0x00, 0x02, 0x00, 0x00, 0x00, 
0x00, 0x40, 0x00, 0x00, 0x80, 0x9b, 0x07, 0x00, 0x0b, 0x01, 0x02, 0x00, 0x0c, 0x01, 0x02, 0x00, 
0x06, 0x40, 0x00, 0x00, 0x80, 0x02, 0x00, 0x00, 0x05, 0x40, 0x00, 0x00, 0x00, 0x14, 0x00, 0x00, 
0x04, 0x40, 0x00, 0x00, 0x10, 0x00, 0x00, 0x00, 0x09, 0x01, 0x91, 0xff, 0x05, 0x01, 0x41, 0x00, 
0x01, 0x01, 0x01, 0x00, 0x10, 0x40, 0x00, 0x00, 0x80, 0x23, 0x07, 0x00, 0x1b, 0x01, 0x00, 0x00, 
0x1c, 0x01, 0x00, 0x00, 0x1a, 0x01, 0x13, 0x00, 0x12, 0x01, 0x00, 0x00, 0x11, 0x01, 0x13, 0x00, 
0x16, 0x40, 0x00, 0x00, 0x40, 0x01, 0x00, 0x00, 0x15, 0x40, 0x00, 0x00, 0x00, 0x0a, 0x00, 0x00, 
0x18, 0x01, 0x0e, 0x00, 0x21, 0x01, 0x02, 0x00, 0x20, 0x01, 0x02, 0x00, 0x22, 0x01, 0x03, 0x00, 
0x20, 0x40, 0x00, 0x00, 0x50, 0x0d, 0x01, 0x00, 0x21, 0x40, 0x00, 0x00, 0x80, 0x04, 0x00, 0x00, 
0x22, 0x40, 0x00, 0x00, 0xc0, 0x08, 0x01, 0x00, 0x25, 0x01, 0x00, 0x00, 0x15, 0x01, 0x13, 0x00, 
0x17, 0x01, 0x1f, 0x00, 0x0d, 0x01, 0x12, 0x00, 0x2d, 0x01, 0x1e, 0x00, 0x2f, 0x01, 0x00, 0x00, 
0x03, 0x00, 0x00, 0x00, 0x00, 0x40, 0x00, 0x00, 0xc0, 0x77, 0x04, 0x00, 0x0b, 0x01, 0x01, 0x00, 
0x0c, 0x01, 0x01, 0x00, 0x06, 0x40, 0x00, 0x00, 0x01, 0x00, 0x00, 0x00, 0x05, 0x40, 0x00, 0x00, 
0x20, 0x12, 0x00, 0x00, 0x04, 0x40, 0x00, 0x00, 0x74, 0x00, 0x00, 0x00, 0x09, 0x01, 0x94, 0xff, 
0x05, 0x01, 0x01, 0x00, 0x01, 0x01, 0x00, 0x00, 0x10, 0x40, 0x00, 0x00, 0x80, 0x5f, 0x07, 0x00, 
0x1b, 0x01, 0x01, 0x00, 0x1c, 0x01, 0x01, 0x00, 0x1a, 0x01, 0x27, 0x00, 0x12, 0x01, 0x01, 0x00, 
0x11, 0x01, 0x27, 0x00, 0x16, 0x40, 0x00, 0x00, 0x80, 0x02, 0x00, 0x00, 0x15, 0x40, 0x00, 0x00, 
0x00, 0x14, 0x00, 0x00, 0x18, 0x01, 0xec, 0xff, 0x21, 0x01, 0x00, 0x00, 0x20, 0x01, 0x00, 0x00, 
0x22, 0x01, 0x00, 0x00, 0x20, 0x40, 0x00, 0x00, 0x40, 0xd5, 0x00, 0x00, 0x21, 0x40, 0x00, 0x00, 
0x80, 0x33, 0x00, 0x00, 0x22, 0x40, 0x00, 0x00, 0xb0, 0xd0, 0x00, 0x00, 0x25, 0x01, 0x12, 0x00, 
0x15, 0x01, 0x27, 0x00, 0x17, 0x01, 0x2f, 0x00, 0x0d, 0x01, 0x0a, 0x00, 0x2d, 0x01, 0x0e, 0x00, 
0x2f, 0x01, 0x03, 0x00, 0x02, 0x00, 0x00, 0x00, 0x00, 0x40, 0x00, 0x00, 0x80, 0xc3, 0x07, 0x00, 
0x02, 0x40, 0x00, 0x00, 0x80, 0x5f, 0x07, 0x00, 0x0b, 0x01, 0x00, 0x00, 0x0c, 0x01, 0x00, 0x00, 
0x06, 0x40, 0x00, 0x00, 0x80, 0x02, 0x00, 0x00, 0x05, 0x40, 0x00, 0x00, 0x00, 0x14, 0x00, 0x00, 
0x04, 0x40, 0x00, 0x00, 0x10, 0x00, 0x00, 0x00, 0x09, 0x01, 0x91, 0xff, 0x05, 0x01, 0x41, 0x00, 
0x01, 0x01, 0x01, 0x00, 0x10, 0x40, 0x00, 0x00, 0x80, 0x2d, 0x07, 0x00, 0x1b, 0x01, 0x00, 0x00, 
0x1c, 0x01, 0x00, 0x00, 0x1a, 0x01, 0x13, 0x00, 0x12, 0x01, 0x00, 0x00, 0x11, 0x01, 0x13, 0x00, 
0x16, 0x40, 0x00, 0x00, 0x40, 0x01, 0x00, 0x00, 0x15, 0x40, 0x00, 0x00, 0x00, 0x0a, 0x00, 0x00, 
0x18, 0x01, 0x0e, 0x00, 0x21, 0x01, 0x02, 0x00, 0x20, 0x01, 0x02, 0x00, 0x22, 0x01, 0x03, 0x00, 
0x20, 0x40, 0x00, 0x00, 0x50, 0x0d, 0x01, 0x00, 0x21, 0x40, 0x00, 0x00, 0x80, 0x04, 0x00, 0x00, 
0x22, 0x40, 0x00, 0x00, 0xc0, 0x08, 0x01, 0x00, 0x25, 0x01, 0x00, 0x00, 0x15, 0x01, 0x13, 0x00, 
0x17, 0x01, 0x1f, 0x00, 0x0d, 0x01, 0x12, 0x00, 0x2d, 0x01, 0x1e, 0x00, 0x2f, 0x01, 0x00, 0x00, 
0x03, 0x00, 0x00, 0x00, 0x00, 0x40, 0x00, 0x00, 0x00, 0x9c, 0x04, 0x00, 0x02, 0x40, 0x00, 0x00, 
0x00, 0x00, 0x00, 0x00, 0x0b, 0x01, 0x01, 0x00, 0x0c, 0x01, 0x01, 0x00, 0x06, 0x40, 0x00, 0x00, 
0x01, 0x00, 0x00, 0x00, 0x05, 0x40, 0x00, 0x00, 0x20, 0x12, 0x00, 0x00, 0x04, 0x40, 0x00, 0x00, 
0x74, 0x00, 0x00, 0x00, 0x09, 0x01, 0x94, 0xff, 0x05, 0x01, 0x01, 0x00, 0x01, 0x01, 0x00, 0x00, 
0x10, 0x40, 0x00, 0x00, 0x80, 0x87, 0x07, 0x00, 0x1b, 0x01, 0x01, 0x00, 0x1c, 0x01, 0x01, 0x00, 
0x1a, 0x01, 0x27, 0x00, 0x12, 0x01, 0x01, 0x00, 0x11, 0x01, 0x27, 0x00, 0x16, 0x40, 0x00, 0x00, 
0x80, 0x02, 0x00, 0x00, 0x15, 0x40, 0x00, 0x00, 0x00, 0x14, 0x00, 0x00, 0x18, 0x01, 0xec, 0xff, 
0x21, 0x01, 0x00, 0x00, 0x20, 0x01, 0x00, 0x00, 0x22, 0x01, 0x00, 0x00, 0x20, 0x40, 0x00, 0x00, 
0x40, 0xd5, 0x00, 0x00, 0x21, 0x40, 0x00, 0x00, 0x80, 0x33, 0x00, 0x00, 0x22, 0x40, 0x00, 0x00, 
0xb0, 0xd0, 0x00, 0x00, 0x25, 0x01, 0x12, 0x00, 0x15, 0x01, 0x27, 0x00, 0x17, 0x01, 0x2f, 0x00, 
0x0d, 0x01, 0x0a, 0x00, 0x2d, 0x01, 0x0e, 0x00, 0x2f, 0x01, 0x03, 0x00, 0x02, 0x00, 0x00, 0x00, 
0x00, 0x40, 0x00, 0x00, 0x80, 0x73, 0x07, 0x00, 0x0b, 0x01, 0x02, 0x00, 0x0c, 0x01, 0x02, 0x00, 
0x06, 0x40, 0x00, 0x00, 0x80, 0x02, 0x00, 0x00, 0x05, 0x40, 0x00, 0x00, 0x00, 0x14, 0x00, 0x00, 
0x04, 0x40, 0x00, 0x00, 0x10, 0x00, 0x00, 0x00, 0x09, 0x01, 0x91, 0xff, 0x05, 0x01, 0x41, 0x00, 
0x01, 0x01, 0x01, 0x00, 0x10, 0x40, 0x00, 0x00, 0x80, 0x37, 0x07, 0x00, 0x1b, 0x01, 0x00, 0x00, 
0x1c, 0x01, 0x00, 0x00, 0x1a, 0x01, 0x13, 0x00, 0x12, 0x01, 0x00, 0x00, 0x11, 0x01, 0x13, 0x00, 
0x16, 0x40, 0x00, 0x00, 0x40, 0x01, 0x00, 0x00, 0x15, 0x40, 0x00, 0x00, 0x00, 0x0a, 0x00, 0x00, 
0x18, 0x01, 0x0e, 0x00, 0x21, 0x01, 0x02, 0x00, 0x20, 0x01, 0x02, 0x00, 0x22, 0x01, 0x03, 0x00, 
0x20, 0x40, 0x00, 0x00, 0x50, 0x0d, 0x01, 0x00, 0x21, 0x40, 0x00, 0x00, 0x80, 0x04, 0x00, 0x00, 
0x22, 0x40, 0x00, 0x00, 0xc0, 0x08, 0x01, 0x00, 0x25, 0x01, 0x00, 0x00, 0x15, 0x01, 0x13, 0x00, 
0x17, 0x01, 0x1f, 0x00, 0x0d, 0x01, 0x12, 0x00, 0x2d, 0x01, 0x1e, 0x00, 0x2f, 0x01, 0x00, 0x00, 
0x03, 0x00, 0x00, 0x00, 0x00, 0x40, 0x00, 0x00, 0x40, 0xc0, 0x04, 0x00, 0x0b, 0x01, 0x01, 0x00, 
0x0c, 0x01, 0x01, 0x00, 0x06, 0x40, 0x00, 0x00, 0x01, 0x00, 0x00, 0x00, 0x05, 0x40, 0x00, 0x00, 
0x20, 0x12, 0x00, 0x00, 0x04, 0x40, 0x00, 0x00, 0x74, 0x00, 0x00, 0x00, 0x09, 0x01, 0x94, 0xff, 
0x05, 0x01, 0x01, 0x00, 0x01, 0x01, 0x00, 0x00, 0x10, 0x40, 0x00, 0x00, 0x80, 0xaf, 0x07, 0x00, 
0x1b, 0x01, 0x01, 0x00, 0x1c, 0x01, 0x01, 0x00, 0x1a, 0x01, 0x27, 0x00, 0x12, 0x01, 0x01, 0x00, 
0x11, 0x01, 0x27, 0x00, 0x16, 0x40, 0x00, 0x00, 0x80, 0x02, 0x00, 0x00, 0x15, 0x40, 0x00, 0x00, 
0x00, 0x14, 0x00, 0x00, 0x18, 0x01, 0xec, 0xff, 0x21, 0x01, 0x00, 0x00, 0x20, 0x01, 0x00, 0x00, 
0x22, 0x01, 0x00, 0x00, 0x20, 0x40, 0x00, 0x00, 0x40, 0xd5, 0x00, 0x00, 0x21, 0x40, 0x00, 0x00, 
0x80, 0x33, 0x00, 0x00, 0x22, 0x40, 0x00, 0x00, 0xb0, 0xd0, 0x00, 0x00, 0x25, 0x01, 0x12, 0x00, 
0x15, 0x01, 0x27, 0x00, 0x17, 0x01, 0x2f, 0x00, 0x0d, 0x01, 0x0a, 0x00, 0x2d, 0x01, 0x0e, 0x00, 
0x2f, 0x01, 0x03, 0x00, 0x02, 0x00, 0x00, 0x00, 0x00, 0x40, 0x00, 0x00, 0x80, 0x9b, 0x07, 0x00, 
0x0b, 0x01, 0x02, 0x00, 0x0c, 0x01, 0x02, 0x00, 0x06, 0x40, 0x00, 0x00, 0x80, 0x02, 0x00, 0x00, 
0x05, 0x40, 0x00, 0x00, 0x00, 0x14, 0x00, 0x00, 0x04, 0x40, 0x00, 0x00, 0x10, 0x00, 0x00, 0x00, 
0x09, 0x01, 0x91, 0xff, 0x05, 0x01, 0x41, 0x00, 0x01, 0x01, 0x01, 0x00, 0x10, 0x40, 0x00, 0x00, 
0x80, 0x41, 0x07, 0x00, 0x1b, 0x01, 0x00, 0x00, 0x1c, 0x01, 0x00, 0x00, 0x1a, 0x01, 0x13, 0x00, 
0x12, 0x01, 0x00, 0x00, 0x11, 0x01, 0x13, 0x00, 0x16, 0x40, 0x00, 0x00, 0x40, 0x01, 0x00, 0x00, 
0x15, 0x40, 0x00, 0x00, 0x00, 0x0a, 0x00, 0x00, 0x18, 0x01, 0x0e, 0x00, 0x21, 0x01, 0x02, 0x00, 
0x20, 0x01, 0x02, 0x00, 0x22, 0x01, 0x03, 0x00, 0x20, 0x40, 0x00, 0x00, 0x50, 0x0d, 0x01, 0x00, 
0x21, 0x40, 0x00, 0x00, 0x80, 0x04, 0x00, 0x00, 0x22, 0x40, 0x00, 0x00, 0xc0, 0x08, 0x01, 0x00, 
0x25, 0x01, 0x00, 0x00, 0x15, 0x01, 0x13, 0x00, 0x17, 0x01, 0x1f, 0x00, 0x0d, 0x01, 0x12, 0x00, 
0x2d, 0x01, 0x1e, 0x00, 0x2f, 0x01, 0x00, 0x00, 0x03, 0x00, 0x00, 0x00, 0x00, 0x40, 0x00, 0x00, 
0x80, 0xe4, 0x04, 0x00, 0x0b, 0x01, 0x01, 0x00, 0x0c, 0x01, 0x01, 0x00, 0x06, 0x40, 0x00, 0x00, 
0x01, 0x00, 0x00, 0x00, 0x05, 0x40, 0x00, 0x00, 0x20, 0x12, 0x00, 0x00, 0x04, 0x40, 0x00, 0x00, 
0x74, 0x00, 0x00, 0x00, 0x09, 0x01, 0x94, 0xff, 0x05, 0x01, 0x01, 0x00, 0x01, 0x01, 0x00, 0x00, 
0x10, 0x40, 0x00, 0x00, 0x80, 0x5f, 0x07, 0x00, 0x1b, 0x01, 0x01, 0x00, 0x1c, 0x01, 0x01, 0x00, 
0x1a, 0x01, 0x27, 0x00, 0x12, 0x01, 0x01, 0x00, 0x11, 0x01, 0x27, 0x00, 0x16, 0x40, 0x00, 0x00, 
0x80, 0x02, 0x00, 0x00, 0x15, 0x40, 0x00, 0x00, 0x00, 0x14, 0x00, 0x00, 0x18, 0x01, 0xec, 0xff, 
0x21, 0x01, 0x00, 0x00, 0x20, 0x01, 0x00, 0x00, 0x22, 0x01, 0x00, 0x00, 0x20, 0x40, 0x00, 0x00, 
0x40, 0xd5, 0x00, 0x00, 0x21, 0x40, 0x00, 0x00, 0x80, 0x33, 0x00, 0x00, 0x22, 0x40, 0x00, 0x00, 
0xb0, 0xd0, 0x00, 0x00, 0x25, 0x01, 0x12, 0x00, 0x15, 0x01, 0x27, 0x00, 0x17, 0x01, 0x2f, 0x00, 
0x0d, 0x01, 0x0a, 0x00, 0x2d, 0x01, 0x0e, 0x00, 0x2f, 0x01, 0x03, 0x00, 0x02, 0x00, 0x00, 0x00, 
0x00, 0x40, 0x00, 0x00, 0x80, 0xc3, 0x07, 0x00, 0x02, 0x40, 0x00, 0x00, 0x80, 0x5f, 0x07, 0x00, 
0x0b, 0x01, 0x00, 0x00, 0x0c, 0x01, 0x00, 0x00, 0x06, 0x40, 0x00, 0x00, 0x80, 0x02, 0x00, 0x00, 
0x05, 0x40, 0x00, 0x00, 0x00, 0x14, 0x00, 0x00, 0x04, 0x40, 0x00, 0x00, 0x10, 0x00, 0x00, 0x00, 
0x09, 0x01, 0x91, 0xff, 0x05, 0x01, 0x41, 0x00, 0x01, 0x01, 0x01, 0x00, 0x10, 0x40, 0x00, 0x00, 
0x80, 0x4b, 0x07, 0x00, 0x1b, 0x01, 0x00, 0x00, 0x1c, 0x01, 0x00, 0x00, 0x1a, 0x01, 0x13, 0x00, 
0x12, 0x01, 0x00, 0x00, 0x11, 0x01, 0x13, 0x00, 0x16, 0x40, 0x00, 0x00, 0x40, 0x01, 0x00, 0x00, 
0x15, 0x40, 0x00, 0x00, 0x00, 0x0a, 0x00, 0x00, 0x18, 0x01, 0x0e, 0x00, 0x21, 0x01, 0x02, 0x00, 
0x20, 0x01, 0x02, 0x00, 0x22, 0x01, 0x03, 0x00, 0x20, 0x40, 0x00, 0x00, 0x50, 0x0d, 0x01, 0x00, 
0x21, 0x40, 0x00, 0x00, 0x80, 0x04, 0x00, 0x00, 0x22, 0x40, 0x00, 0x00, 0xc0, 0x08, 0x01, 0x00, 
0x25, 0x01, 0x00, 0x00, 0x15, 0x01, 0x13, 0x00, 0x17, 0x01, 0x1f, 0x00, 0x0d, 0x01, 0x12, 0x00, 
0x2d, 0x01, 0x1e, 0x00, 0x2f, 0x01, 0x00, 0x00, 0x03, 0x00, 0x00, 0x00, 0x00, 0x40, 0x00, 0x00, 
0xc0, 0x08, 0x05, 0x00, 0x02, 0x40, 0x00, 0x00, 0x00, 0x00, 0x00, 0x00, 0x0b, 0x01, 0x01, 0x00, 
0x0c, 0x01, 0x01, 0x00, 0x06, 0x40, 0x00, 0x00, 0x01, 0x00, 0x00, 0x00, 0x05, 0x40, 0x00, 0x00, 
0x20, 0x12, 0x00, 0x00, 0x04, 0x40, 0x00, 0x00, 0x74, 0x00, 0x00, 0x00, 0x09, 0x01, 0x94, 0xff, 
0x05, 0x01, 0x01, 0x00, 0x01, 0x01, 0x00, 0x00, 0x10, 0x40, 0x00, 0x00, 0x80, 0x87, 0x07, 0x00, 
0x1b, 0x01, 0x01, 0x00, 0x1c, 0x01, 0x01, 0x00, 0x1a, 0x01, 0x27, 0x00, 0x12, 0x01, 0x01, 0x00, 
0x11, 0x01, 0x27, 0x00, 0x16, 0x40, 0x00, 0x00, 0x80, 0x02, 0x00, 0x00, 0x15, 0x40, 0x00, 0x00, 
0x00, 0x14, 0x00, 0x00, 0x18, 0x01, 0xec, 0xff, 0x21, 0x01, 0x00, 0x00, 0x20, 0x01, 0x00, 0x00, 
0x22, 0x01, 0x00, 0x00, 0x20, 0x40, 0x00, 0x00, 0x40, 0xd5, 0x00, 0x00, 0x21, 0x40, 0x00, 0x00, 
0x80, 0x33, 0x00, 0x00, 0x22, 0x40, 0x00, 0x00, 0xb0, 0xd0, 0x00, 0x00, 0x25, 0x01, 0x12, 0x00, 
0x15, 0x01, 0x27, 0x00, 0x17, 0x01, 0x2f, 0x00, 0x0d, 0x01, 0x0a, 0x00, 0x2d, 0x01, 0x0e, 0x00, 
0x2f, 0x01, 0x03, 0x00, 0x02, 0x00, 0x00, 0x00, 0x00, 0x40, 0x00, 0x00, 0x80, 0x73, 0x07, 0x00, 
0x0b, 0x01, 0x02, 0x00, 0x0c, 0x01, 0x02, 0x00, 0x06, 0x40, 0x00, 0x00, 0x80, 0x02, 0x00, 0x00, 
0x05, 0x40, 0x00, 0x00, 0x00, 0x14, 0x00, 0x00, 0x04, 0x40, 0x00, 0x00, 0x10, 0x00, 0x00, 0x00, 
0x09, 0x01, 0x91, 0xff, 0x05, 0x01, 0x41, 0x00, 0x01, 0x01, 0x01, 0x00, 0x10, 0x40, 0x00, 0x00, 
0x80, 0x55, 0x07, 0x00, 0x1b, 0x01, 0x00, 0x00, 0x1c, 0x01, 0x00, 0x00, 0x1a, 0x01, 0x13, 0x00, 
0x12, 0x01, 0x00, 0x00, 0x11, 0x01, 0x13, 0x00, 0x16, 0x40, 0x00, 0x00, 0x40, 0x01, 0x00, 0x00, 
0x15, 0x40, 0x00, 0x00, 0x00, 0x0a, 0x00, 0x00, 0x18, 0x01, 0x0e, 0x00, 0x21, 0x01, 0x02, 0x00, 
0x20, 0x01, 0x02, 0x00, 0x22, 0x01, 0x03, 0x00, 0x20, 0x40, 0x00, 0x00, 0x50, 0x0d, 0x01, 0x00, 
0x21, 0x40, 0x00, 0x00, 0x80, 0x04, 0x00, 0x00, 0x22, 0x40, 0x00, 0x00, 0xc0, 0x08, 0x01, 0x00, 
0x25, 0x01, 0x00, 0x00, 0x15, 0x01, 0x13, 0x00, 0x17, 0x01, 0x1f, 0x00, 0x0d, 0x01, 0x12, 0x00, 
0x2d, 0x01, 0x1e, 0x00, 0x2f, 0x01, 0x00, 0x00, 0x03, 0x00, 0x00, 0x00, 0x30, 0x40, 0x00, 0x00, 
0x80, 0x45, 0x00, 0x00, 0x31, 0x40, 0x00, 0x00, 0x00, 0xbb, 0x00, 0x00, 0x12, 0x00, 0x01, 0x00, 
0x10, 0x00, 0x00, 0x00, 0x00, 0x40, 0x00, 0x00, 0x80, 0x97, 0x06, 0x00, 0x0b, 0x01, 0x13, 0x00, 
0x0c, 0x01, 0x13, 0x00, 0x0a, 0x01, 0x13, 0x00, 0x06, 0x40, 0x00, 0x00, 0x40, 0x01, 0x00, 0x00, 
0x05, 0x40, 0x00, 0x00, 0x00, 0x0a, 0x00, 0x00, 0x09, 0x01, 0x0e, 0x00, 0x01, 0x01, 0x00, 0x00, 
0x10, 0x40, 0x00, 0x00, 0x00, 0x58, 0x02, 0x00, 0x1b, 0x01, 0x13, 0x00, 0x1c, 0x01, 0x13, 0x00, 
0x12, 0x01, 0x13, 0x00, 0x18, 0x01, 0xe6, 0xff, 0x21, 0x01, 0x00, 0x00, 0x20, 0x01, 0x00, 0x00, 
0x22, 0x01, 0x00, 0x00, 0x20, 0x40, 0x00, 0x00, 0x60, 0x16, 0x01, 0x00, 0x21, 0x40, 0x00, 0x00, 
0x20, 0x32, 0x00, 0x00, 0x22, 0x40, 0x00, 0x00, 0xd0, 0x11, 0x01, 0x00, 0x25, 0x01, 0x13, 0x00, 
0x16, 0x01, 0x05, 0x00, 0x15, 0x01, 0x09, 0x00, 0x17, 0x01, 0x3f, 0x00, 0x0d, 0x01, 0x0a, 0x00, 
0x2d, 0x01, 0x0e, 0x00, 0x2f, 0x01, 0x03, 0x00, 0x11, 0x00, 0x00, 0x00, 0x02, 0x00, 0x00, 0x00, 
0x00, 0x40, 0x00, 0x00, 0x00, 0x58, 0x02, 0x00, 0x09, 0x01, 0x93, 0xff, 0x10, 0x40, 0x00, 0x00, 
0x74, 0x2d, 0x05, 0x00, 0x16, 0x40, 0x00, 0x00, 0x01, 0x00, 0x00, 0x00, 0x15, 0x40, 0x00, 0x00, 
0x20, 0x12, 0x00, 0x00, 0x14, 0x40, 0x00, 0x00, 0xe8, 0x00, 0x00, 0x00, 0x18, 0x01, 0x93, 0xff, 
0x14, 0x01, 0x01, 0x81, 0x25, 0x01, 0x00, 0x00, 0x16, 0x01, 0x03, 0x00, 0x15, 0x01, 0x03, 0x00, 
0x17, 0x01, 0x7f, 0x00, 0x2d, 0x01, 0x1e, 0x00, 0x05, 0x00, 0x01, 0x00, 0x00, 0x40, 0x00, 0x00, 
0x00, 0x2d, 0x05, 0x00, 0x0b, 0x01, 0x8f, 0x01, 0x0c, 0x01, 0x8f, 0x01, 0x0a, 0x01, 0xe7, 0x00, 
0x04, 0x01, 0x00, 0x00, 0x06, 0x40, 0x00, 0x00, 0x01, 0x00, 0x00, 0x00, 0x05, 0x40, 0x00, 0x00, 
0xe8, 0x00, 0x00, 0x00, 0x04, 0x40, 0x00, 0x00, 0x01, 0x00, 0x00, 0x00, 0x09, 0x01, 0x00, 0x00, 
0x05, 0x01, 0x01, 0x00, 0x10, 0x40, 0x00, 0x00, 0x00, 0x58, 0x02, 0x00, 0x1b, 0x01, 0x8f, 0x01, 
0x1c, 0x01, 0x8f, 0x01, 0x1a, 0x01, 0xe7, 0x00, 0x12, 0x01, 0x8f, 0x01, 0x11, 0x01, 0xe7, 0x00, 
0x13, 0x01, 0x00, 0x00, 0x15, 0x40, 0x00, 0x00, 0x01, 0x00, 0x00, 0x00, 0x14, 0x40, 0x00, 0x00, 
0x90, 0x01, 0x00, 0x00, 0x18, 0x01, 0x00, 0x00, 0x14, 0x01, 0x01, 0x01, 0x16, 0x01, 0x01, 0x00, 
0x15, 0x01, 0x31, 0x00, 0x17, 0x01, 0x07, 0x00, 0x05, 0x00, 0x01, 0x00, 0x00, 0x00, 0xff, 0xff
};
