#include <stdint.h>

#include <stddef.h>

const size_t sub_0024_command_stream_size = 64148;

__attribute__((aligned(16))) const uint8_t sub_0024_command_stream[64148] = {
0x43, 0x4f, 0x50, 0x31, 0x01, 0x00, 0x10, 0x00, 0x08, 0x30, 0x00, 0x00, 0x00, 0x00, 0x06, 0x10, 
0x05, 0x00, 0x00, 0x00, 0x05, 0x00, 0x00, 0x00, 0x05, 0x00, 0x00, 0x00, 0x02, 0x00, 0x9d, 0x3e, 
0x0f, 0x01, 0x01, 0x00, 0x00, 0x40, 0x00, 0x00, 0x80, 0x00, 0x02, 0x00, 0x01, 0x40, 0x00, 0x00, 
0x00, 0x00, 0x00, 0x00, 0x02, 0x40, 0x00, 0x00, 0x00, 0x00, 0x00, 0x00, 0x03, 0x40, 0x00, 0x00, 
0x00, 0x00, 0x00, 0x00, 0x0b, 0x01, 0xe7, 0x00, 0x0c, 0x01, 0xe7, 0x00, 0x0a, 0x01, 0x8f, 0x01, 
0x04, 0x01, 0x00, 0x00, 0x06, 0x40, 0x00, 0x00, 0x01, 0x00, 0x00, 0x00, 0x05, 0x40, 0x00, 0x00, 
0x90, 0x01, 0x00, 0x00, 0x04, 0x40, 0x00, 0x00, 0x01, 0x00, 0x00, 0x00, 0x09, 0x01, 0x00, 0x00, 
0x05, 0x01, 0x01, 0x00, 0x07, 0x01, 0x00, 0x00, 0x00, 0x01, 0x00, 0x00, 0x01, 0x01, 0x00, 0x00, 
0x03, 0x01, 0x00, 0x00, 0x02, 0x01, 0x00, 0x00, 0x1f, 0x01, 0x01, 0x00, 0x10, 0x40, 0x00, 0x00, 
0x00, 0x96, 0x00, 0x00, 0x11, 0x40, 0x00, 0x00, 0x00, 0x00, 0x00, 0x00, 0x12, 0x40, 0x00, 0x00, 
0x00, 0x00, 0x00, 0x00, 0x13, 0x40, 0x00, 0x00, 0x00, 0x00, 0x00, 0x00, 0x1b, 0x01, 0xe7, 0x00, 
0x1c, 0x01, 0xe7, 0x00, 0x1a, 0x01, 0x8f, 0x01, 0x12, 0x01, 0xe7, 0x00, 0x11, 0x01, 0x8f, 0x01, 
0x13, 0x01, 0x00, 0x00, 0x16, 0x40, 0x00, 0x00, 0x01, 0x00, 0x00, 0x00, 0x15, 0x40, 0x00, 0x00, 
0x01, 0x00, 0x00, 0x00, 0x14, 0x40, 0x00, 0x00, 0xe8, 0x00, 0x00, 0x00, 0x18, 0x01, 0x00, 0x00, 
0x14, 0x01, 0x01, 0x01, 0x21, 0x01, 0x00, 0x00, 0x20, 0x01, 0x00, 0x00, 0x22, 0x01, 0x00, 0x00, 
0x25, 0x01, 0x00, 0x00, 0x26, 0x01, 0x80, 0xff, 0x27, 0x01, 0x7f, 0x00, 0x16, 0x01, 0x05, 0x00, 
0x15, 0x01, 0x09, 0x00, 0x17, 0x01, 0x07, 0x00, 0x0d, 0x01, 0x0a, 0x00, 0x2d, 0x01, 0x1e, 0x00, 
0x24, 0x01, 0x00, 0x00, 0x24, 0x40, 0x1f, 0x00, 0x01, 0x00, 0x00, 0x80, 0x2f, 0x01, 0x00, 0x00, 
0x05, 0x00, 0x01, 0x00, 0x30, 0x01, 0x00, 0x00, 0x30, 0x40, 0x00, 0x00, 0xd0, 0x03, 0x00, 0x00, 
0x31, 0x01, 0x03, 0x01, 0x31, 0x40, 0x00, 0x00, 0x00, 0xb8, 0x00, 0x00, 0x32, 0x40, 0x00, 0x00, 
0x00, 0x01, 0x00, 0x00, 0x10, 0x00, 0x00, 0x00, 0x00, 0x40, 0x00, 0x00, 0x00, 0x96, 0x00, 0x00, 
0x0b, 0x01, 0x13, 0x00, 0x0c, 0x01, 0x13, 0x00, 0x0a, 0x01, 0x13, 0x00, 0x04, 0x01, 0xe7, 0x00, 
0x05, 0x40, 0x00, 0x00, 0x20, 0x12, 0x00, 0x00, 0x04, 0x40, 0x00, 0x00, 0xe8, 0x00, 0x00, 0x00, 
0x09, 0x01, 0x93, 0xff, 0x10, 0x40, 0x00, 0x00, 0x00, 0x00, 0x00, 0x00, 0x1b, 0x01, 0x13, 0x00, 
0x1c, 0x01, 0x13, 0x00, 0x1a, 0x01, 0x13, 0x00, 0x12, 0x01, 0x13, 0x00, 0x11, 0x01, 0x13, 0x00, 
0x13, 0x01, 0x5f, 0x00, 0x15, 0x40, 0x00, 0x00, 0x80, 0x07, 0x00, 0x00, 0x14, 0x40, 0x00, 0x00, 
0x60, 0x00, 0x00, 0x00, 0x18, 0x01, 0x2b, 0x00, 0x14, 0x01, 0x01, 0x00, 0x28, 0x01, 0x00, 0x00, 
0x20, 0x40, 0x00, 0x00, 0x70, 0x64, 0x00, 0x00, 0x21, 0x40, 0x00, 0x00, 0xf0, 0x5a, 0x00, 0x00, 
0x29, 0x01, 0x00, 0x00, 0x22, 0x40, 0x00, 0x00, 0xb0, 0x60, 0x00, 0x00, 0x23, 0x40, 0x00, 0x00, 
0xc0, 0x03, 0x00, 0x00, 0x25, 0x01, 0x10, 0x00, 0x16, 0x01, 0x03, 0x00, 0x15, 0x01, 0x13, 0x00, 
0x17, 0x01, 0x2f, 0x00, 0x2d, 0x01, 0x0e, 0x00, 0x2f, 0x01, 0x03, 0x00, 0x11, 0x00, 0x00, 0x00, 
0x02, 0x00, 0x00, 0x00, 0x10, 0x40, 0x00, 0x00, 0x58, 0x15, 0x02, 0x00, 0x13, 0x01, 0xe7, 0x00, 
0x15, 0x40, 0x00, 0x00, 0xf0, 0x13, 0x00, 0x00, 0x14, 0x40, 0x00, 0x00, 0xe8, 0x00, 0x00, 0x00, 
0x18, 0x01, 0x93, 0xff, 0x14, 0x01, 0x01, 0x81, 0x25, 0x01, 0x00, 0x00, 0x16, 0x01, 0x01, 0x00, 
0x15, 0x01, 0x05, 0x00, 0x17, 0x01, 0x0f, 0x00, 0x2d, 0x01, 0x1e, 0x00, 0x05, 0x00, 0x01, 0x00, 
0x0f, 0x01, 0x00, 0x00, 0x00, 0x40, 0x00, 0x00, 0xd0, 0x04, 0x00, 0x00, 0x0b, 0x01, 0x00, 0x00, 
0x0c, 0x01, 0x00, 0x00, 0x10, 0x40, 0x00, 0x00, 0x68, 0x01, 0x02, 0x00, 0x1b, 0x01, 0x00, 0x00, 
0x1c, 0x01, 0x00, 0x00, 0x12, 0x01, 0x00, 0x00, 0x16, 0x01, 0x0b, 0x00, 0x15, 0x01, 0x0f, 0x00, 
0x05, 0x00, 0x01, 0x00, 0x10, 0x40, 0x00, 0x00, 0x18, 0xa4, 0x03, 0x00, 0x05, 0x00, 0x01, 0x00, 
0x00, 0x40, 0x00, 0x00, 0xf0, 0x16, 0x00, 0x00, 0x0b, 0x01, 0x15, 0x00, 0x0c, 0x01, 0x15, 0x00, 
0x0a, 0x01, 0x00, 0x00, 0x05, 0x40, 0x00, 0x00, 0xe8, 0x00, 0x00, 0x00, 0x10, 0x40, 0x00, 0x00, 
0x80, 0x00, 0x02, 0x00, 0x1b, 0x01, 0x15, 0x00, 0x1c, 0x01, 0x15, 0x00, 0x1a, 0x01, 0x00, 0x00, 
0x12, 0x01, 0x15, 0x00, 0x11, 0x01, 0x00, 0x00, 0x2d, 0x01, 0x0e, 0x00, 0x05, 0x00, 0x01, 0x00, 
0x10, 0x40, 0x00, 0x00, 0x88, 0x13, 0x02, 0x00, 0x05, 0x00, 0x01, 0x00, 0x0f, 0x01, 0x01, 0x00, 
0x00, 0x40, 0x00, 0x00, 0x80, 0x00, 0x02, 0x00, 0x0b, 0x01, 0x14, 0x00, 0x0c, 0x01, 0x14, 0x00, 
0x0a, 0x01, 0x14, 0x00, 0x04, 0x01, 0x00, 0x00, 0x05, 0x40, 0x00, 0x00, 0xf0, 0x13, 0x00, 0x00, 
0x10, 0x40, 0x00, 0x00, 0xc0, 0x11, 0x04, 0x00, 0x1b, 0x01, 0x09, 0x00, 0x1c, 0x01, 0x09, 0x00, 
0x1a, 0x01, 0x09, 0x00, 0x12, 0x01, 0x09, 0x00, 0x11, 0x01, 0x09, 0x00, 0x13, 0x01, 0x00, 0x00, 
0x16, 0x40, 0x00, 0x00, 0xa0, 0x00, 0x00, 0x00, 0x15, 0x40, 0x00, 0x00, 0xa0, 0x00, 0x00, 0x00, 
0x14, 0x40, 0x00, 0x00, 0x10, 0x00, 0x00, 0x00, 0x18, 0x01, 0xf3, 0xff, 0x14, 0x01, 0x41, 0x00, 
0x21, 0x01, 0x02, 0x00, 0x20, 0x01, 0x02, 0x00, 0x22, 0x01, 0x07, 0x00, 0x20, 0x40, 0x00, 0x00, 
0x70, 0xbf, 0x00, 0x00, 0x21, 0x40, 0x00, 0x00, 0x30, 0x00, 0x00, 0x00, 0x22, 0x40, 0x00, 0x00, 
0x60, 0xbf, 0x00, 0x00, 0x23, 0x40, 0x00, 0x00, 0x10, 0x00, 0x00, 0x00, 0x16, 0x01, 0x05, 0x00, 
0x15, 0x01, 0x09, 0x00, 0x17, 0x01, 0x07, 0x00, 0x2d, 0x01, 0x1e, 0x00, 0x02, 0x00, 0x00, 0x00, 
0x00, 0x40, 0x00, 0x00, 0xc0, 0x11, 0x04, 0x00, 0x0b, 0x01, 0x09, 0x00, 0x0c, 0x01, 0x09, 0x00, 
0x0a, 0x01, 0x09, 0x00, 0x06, 0x40, 0x00, 0x00, 0xa0, 0x00, 0x00, 0x00, 0x05, 0x40, 0x00, 0x00, 
0xa0, 0x00, 0x00, 0x00, 0x04, 0x40, 0x00, 0x00, 0x10, 0x00, 0x00, 0x00, 0x09, 0x01, 0xf3, 0xff, 
0x05, 0x01, 0x41, 0x00, 0x10, 0x40, 0x00, 0x00, 0x20, 0xb7, 0x03, 0x00, 0x16, 0x40, 0x00, 0x00, 
0x01, 0x00, 0x00, 0x00, 0x15, 0x40, 0x00, 0x00, 0x10, 0x09, 0x00, 0x00, 0x14, 0x40, 0x00, 0x00, 
0xe8, 0x00, 0x00, 0x00, 0x14, 0x01, 0x01, 0x81, 0x21, 0x01, 0x00, 0x00, 0x20, 0x01, 0x00, 0x00, 
0x22, 0x01, 0x00, 0x00, 0x16, 0x01, 0x03, 0x00, 0x15, 0x01, 0x03, 0x00, 0x17, 0x01, 0x7f, 0x00, 
0x2f, 0x01, 0x01, 0x00, 0x05, 0x00, 0x01, 0x00, 0x00, 0x40, 0x00, 0x00, 0x81, 0x00, 0x02, 0x00, 
0x0b, 0x01, 0x14, 0x00, 0x0c, 0x01, 0x14, 0x00, 0x0a, 0x01, 0x14, 0x00, 0x06, 0x40, 0x00, 0x00, 
0x01, 0x00, 0x00, 0x00, 0x05, 0x40, 0x00, 0x00, 0xf0, 0x13, 0x00, 0x00, 0x04, 0x40, 0x00, 0x00, 
0xe8, 0x00, 0x00, 0x00, 0x09, 0x01, 0x93, 0xff, 0x05, 0x01, 0x01, 0x00, 0x10, 0x40, 0x00, 0x00, 
0xc0, 0x11, 0x04, 0x00, 0x16, 0x40, 0x00, 0x00, 0xa0, 0x00, 0x00, 0x00, 0x15, 0x40, 0x00, 0x00, 
0xa0, 0x00, 0x00, 0x00, 0x14, 0x40, 0x00, 0x00, 0x10, 0x00, 0x00, 0x00, 0x14, 0x01, 0x41, 0x00, 
0x21, 0x01, 0x02, 0x00, 0x20, 0x01, 0x02, 0x00, 0x22, 0x01, 0x07, 0x00, 0x20, 0x40, 0x00, 0x00, 
0xb0, 0xbf, 0x00, 0x00, 0x22, 0x40, 0x00, 0x00, 0xa0, 0xbf, 0x00, 0x00, 0x16, 0x01, 0x05, 0x00, 
0x15, 0x01, 0x09, 0x00, 0x17, 0x01, 0x07, 0x00, 0x2f, 0x01, 0x03, 0x00, 0x02, 0x00, 0x00, 0x00, 
0x00, 0x40, 0x00, 0x00, 0xc0, 0x11, 0x04, 0x00, 0x0b, 0x01, 0x09, 0x00, 0x0c, 0x01, 0x09, 0x00, 
0x0a, 0x01, 0x09, 0x00, 0x06, 0x40, 0x00, 0x00, 0xa0, 0x00, 0x00, 0x00, 0x05, 0x40, 0x00, 0x00, 
0xa0, 0x00, 0x00, 0x00, 0x04, 0x40, 0x00, 0x00, 0x10, 0x00, 0x00, 0x00, 0x09, 0x01, 0xf3, 0xff, 
0x05, 0x01, 0x41, 0x00, 0x10, 0x40, 0x00, 0x00, 0x21, 0xb7, 0x03, 0x00, 0x16, 0x40, 0x00, 0x00, 
0x01, 0x00, 0x00, 0x00, 0x15, 0x40, 0x00, 0x00, 0x10, 0x09, 0x00, 0x00, 0x14, 0x40, 0x00, 0x00, 
0xe8, 0x00, 0x00, 0x00, 0x14, 0x01, 0x01, 0x81, 0x21, 0x01, 0x00, 0x00, 0x20, 0x01, 0x00, 0x00, 
0x22, 0x01, 0x00, 0x00, 0x16, 0x01, 0x03, 0x00, 0x15, 0x01, 0x03, 0x00, 0x17, 0x01, 0x7f, 0x00, 
0x2f, 0x01, 0x01, 0x00, 0x05, 0x00, 0x01, 0x00, 0x00, 0x40, 0x00, 0x00, 0x82, 0x00, 0x02, 0x00, 
0x0b, 0x01, 0x14, 0x00, 0x0c, 0x01, 0x14, 0x00, 0x0a, 0x01, 0x14, 0x00, 0x06, 0x40, 0x00, 0x00, 
0x01, 0x00, 0x00, 0x00, 0x05, 0x40, 0x00, 0x00, 0xf0, 0x13, 0x00, 0x00, 0x04, 0x40, 0x00, 0x00, 
0xe8, 0x00, 0x00, 0x00, 0x09, 0x01, 0x93, 0xff, 0x05, 0x01, 0x01, 0x00, 0x10, 0x40, 0x00, 0x00, 
0xc0, 0x11, 0x04, 0x00, 0x16, 0x40, 0x00, 0x00, 0xa0, 0x00, 0x00, 0x00, 0x15, 0x40, 0x00, 0x00, 
0xa0, 0x00, 0x00, 0x00, 0x14, 0x40, 0x00, 0x00, 0x10, 0x00, 0x00, 0x00, 0x14, 0x01, 0x41, 0x00, 
0x21, 0x01, 0x02, 0x00, 0x20, 0x01, 0x02, 0x00, 0x22, 0x01, 0x07, 0x00, 0x20, 0x40, 0x00, 0x00, 
0xf0, 0xbf, 0x00, 0x00, 0x22, 0x40, 0x00, 0x00, 0xe0, 0xbf, 0x00, 0x00, 0x16, 0x01, 0x05, 0x00, 
0x15, 0x01, 0x09, 0x00, 0x17, 0x01, 0x07, 0x00, 0x2f, 0x01, 0x03, 0x00, 0x02, 0x00, 0x00, 0x00, 
0x00, 0x40, 0x00, 0x00, 0xc0, 0x11, 0x04, 0x00, 0x0b, 0x01, 0x09, 0x00, 0x0c, 0x01, 0x09, 0x00, 
0x0a, 0x01, 0x09, 0x00, 0x06, 0x40, 0x00, 0x00, 0xa0, 0x00, 0x00, 0x00, 0x05, 0x40, 0x00, 0x00, 
0xa0, 0x00, 0x00, 0x00, 0x04, 0x40, 0x00, 0x00, 0x10, 0x00, 0x00, 0x00, 0x09, 0x01, 0xf3, 0xff, 
0x05, 0x01, 0x41, 0x00, 0x10, 0x40, 0x00, 0x00, 0x22, 0xb7, 0x03, 0x00, 0x16, 0x40, 0x00, 0x00, 
0x01, 0x00, 0x00, 0x00, 0x15, 0x40, 0x00, 0x00, 0x10, 0x09, 0x00, 0x00, 0x14, 0x40, 0x00, 0x00, 
0xe8, 0x00, 0x00, 0x00, 0x14, 0x01, 0x01, 0x81, 0x21, 0x01, 0x00, 0x00, 0x20, 0x01, 0x00, 0x00, 
0x22, 0x01, 0x00, 0x00, 0x16, 0x01, 0x03, 0x00, 0x15, 0x01, 0x03, 0x00, 0x17, 0x01, 0x7f, 0x00, 
0x2f, 0x01, 0x01, 0x00, 0x05, 0x00, 0x01, 0x00, 0x00, 0x40, 0x00, 0x00, 0x83, 0x00, 0x02, 0x00, 
0x0b, 0x01, 0x14, 0x00, 0x0c, 0x01, 0x14, 0x00, 0x0a, 0x01, 0x14, 0x00, 0x06, 0x40, 0x00, 0x00, 
0x01, 0x00, 0x00, 0x00, 0x05, 0x40, 0x00, 0x00, 0xf0, 0x13, 0x00, 0x00, 0x04, 0x40, 0x00, 0x00, 
0xe8, 0x00, 0x00, 0x00, 0x09, 0x01, 0x93, 0xff, 0x05, 0x01, 0x01, 0x00, 0x10, 0x40, 0x00, 0x00, 
0xc0, 0x11, 0x04, 0x00, 0x16, 0x40, 0x00, 0x00, 0xa0, 0x00, 0x00, 0x00, 0x15, 0x40, 0x00, 0x00, 
0xa0, 0x00, 0x00, 0x00, 0x14, 0x40, 0x00, 0x00, 0x10, 0x00, 0x00, 0x00, 0x14, 0x01, 0x41, 0x00, 
0x21, 0x01, 0x02, 0x00, 0x20, 0x01, 0x02, 0x00, 0x22, 0x01, 0x07, 0x00, 0x20, 0x40, 0x00, 0x00, 
0x30, 0xc0, 0x00, 0x00, 0x22, 0x40, 0x00, 0x00, 0x20, 0xc0, 0x00, 0x00, 0x16, 0x01, 0x05, 0x00, 
0x15, 0x01, 0x09, 0x00, 0x17, 0x01, 0x07, 0x00, 0x2f, 0x01, 0x03, 0x00, 0x02, 0x00, 0x00, 0x00, 
0x00, 0x40, 0x00, 0x00, 0xc0, 0x11, 0x04, 0x00, 0x0b, 0x01, 0x09, 0x00, 0x0c, 0x01, 0x09, 0x00, 
0x0a, 0x01, 0x09, 0x00, 0x06, 0x40, 0x00, 0x00, 0xa0, 0x00, 0x00, 0x00, 0x05, 0x40, 0x00, 0x00, 
0xa0, 0x00, 0x00, 0x00, 0x04, 0x40, 0x00, 0x00, 0x10, 0x00, 0x00, 0x00, 0x09, 0x01, 0xf3, 0xff, 
0x05, 0x01, 0x41, 0x00, 0x10, 0x40, 0x00, 0x00, 0x23, 0xb7, 0x03, 0x00, 0x16, 0x40, 0x00, 0x00, 
0x01, 0x00, 0x00, 0x00, 0x15, 0x40, 0x00, 0x00, 0x10, 0x09, 0x00, 0x00, 0x14, 0x40, 0x00, 0x00, 
0xe8, 0x00, 0x00, 0x00, 0x14, 0x01, 0x01, 0x81, 0x21, 0x01, 0x00, 0x00, 0x20, 0x01, 0x00, 0x00, 
0x22, 0x01, 0x00, 0x00, 0x16, 0x01, 0x03, 0x00, 0x15, 0x01, 0x03, 0x00, 0x17, 0x01, 0x7f, 0x00, 
0x2f, 0x01, 0x01, 0x00, 0x05, 0x00, 0x01, 0x00, 0x00, 0x40, 0x00, 0x00, 0x84, 0x00, 0x02, 0x00, 
0x0b, 0x01, 0x14, 0x00, 0x0c, 0x01, 0x14, 0x00, 0x0a, 0x01, 0x14, 0x00, 0x06, 0x40, 0x00, 0x00, 
0x01, 0x00, 0x00, 0x00, 0x05, 0x40, 0x00, 0x00, 0xf0, 0x13, 0x00, 0x00, 0x04, 0x40, 0x00, 0x00, 
0xe8, 0x00, 0x00, 0x00, 0x09, 0x01, 0x93, 0xff, 0x05, 0x01, 0x01, 0x00, 0x10, 0x40, 0x00, 0x00, 
0xc0, 0x11, 0x04, 0x00, 0x16, 0x40, 0x00, 0x00, 0xa0, 0x00, 0x00, 0x00, 0x15, 0x40, 0x00, 0x00, 
0xa0, 0x00, 0x00, 0x00, 0x14, 0x40, 0x00, 0x00, 0x10, 0x00, 0x00, 0x00, 0x14, 0x01, 0x41, 0x00, 
0x21, 0x01, 0x02, 0x00, 0x20, 0x01, 0x02, 0x00, 0x22, 0x01, 0x07, 0x00, 0x20, 0x40, 0x00, 0x00, 
0x70, 0xc0, 0x00, 0x00, 0x22, 0x40, 0x00, 0x00, 0x60, 0xc0, 0x00, 0x00, 0x16, 0x01, 0x05, 0x00, 
0x15, 0x01, 0x09, 0x00, 0x17, 0x01, 0x07, 0x00, 0x2f, 0x01, 0x03, 0x00, 0x02, 0x00, 0x00, 0x00, 
0x00, 0x40, 0x00, 0x00, 0xc0, 0x11, 0x04, 0x00, 0x0b, 0x01, 0x09, 0x00, 0x0c, 0x01, 0x09, 0x00, 
0x0a, 0x01, 0x09, 0x00, 0x06, 0x40, 0x00, 0x00, 0xa0, 0x00, 0x00, 0x00, 0x05, 0x40, 0x00, 0x00, 
0xa0, 0x00, 0x00, 0x00, 0x04, 0x40, 0x00, 0x00, 0x10, 0x00, 0x00, 0x00, 0x09, 0x01, 0xf3, 0xff, 
0x05, 0x01, 0x41, 0x00, 0x10, 0x40, 0x00, 0x00, 0x24, 0xb7, 0x03, 0x00, 0x16, 0x40, 0x00, 0x00, 
0x01, 0x00, 0x00, 0x00, 0x15, 0x40, 0x00, 0x00, 0x10, 0x09, 0x00, 0x00, 0x14, 0x40, 0x00, 0x00, 
0xe8, 0x00, 0x00, 0x00, 0x14, 0x01, 0x01, 0x81, 0x21, 0x01, 0x00, 0x00, 0x20, 0x01, 0x00, 0x00, 
0x22, 0x01, 0x00, 0x00, 0x16, 0x01, 0x03, 0x00, 0x15, 0x01, 0x03, 0x00, 0x17, 0x01, 0x7f, 0x00, 
0x2f, 0x01, 0x01, 0x00, 0x05, 0x00, 0x01, 0x00, 0x00, 0x40, 0x00, 0x00, 0x85, 0x00, 0x02, 0x00, 
0x0b, 0x01, 0x14, 0x00, 0x0c, 0x01, 0x14, 0x00, 0x0a, 0x01, 0x14, 0x00, 0x06, 0x40, 0x00, 0x00, 
0x01, 0x00, 0x00, 0x00, 0x05, 0x40, 0x00, 0x00, 0xf0, 0x13, 0x00, 0x00, 0x04, 0x40, 0x00, 0x00, 
0xe8, 0x00, 0x00, 0x00, 0x09, 0x01, 0x93, 0xff, 0x05, 0x01, 0x01, 0x00, 0x10, 0x40, 0x00, 0x00, 
0xc0, 0x11, 0x04, 0x00, 0x16, 0x40, 0x00, 0x00, 0xa0, 0x00, 0x00, 0x00, 0x15, 0x40, 0x00, 0x00, 
0xa0, 0x00, 0x00, 0x00, 0x14, 0x40, 0x00, 0x00, 0x10, 0x00, 0x00, 0x00, 0x14, 0x01, 0x41, 0x00, 
0x21, 0x01, 0x02, 0x00, 0x20, 0x01, 0x02, 0x00, 0x22, 0x01, 0x07, 0x00, 0x20, 0x40, 0x00, 0x00, 
0xb0, 0xc0, 0x00, 0x00, 0x22, 0x40, 0x00, 0x00, 0xa0, 0xc0, 0x00, 0x00, 0x16, 0x01, 0x05, 0x00, 
0x15, 0x01, 0x09, 0x00, 0x17, 0x01, 0x07, 0x00, 0x2f, 0x01, 0x03, 0x00, 0x02, 0x00, 0x00, 0x00, 
0x00, 0x40, 0x00, 0x00, 0xc0, 0x11, 0x04, 0x00, 0x0b, 0x01, 0x09, 0x00, 0x0c, 0x01, 0x09, 0x00, 
0x0a, 0x01, 0x09, 0x00, 0x06, 0x40, 0x00, 0x00, 0xa0, 0x00, 0x00, 0x00, 0x05, 0x40, 0x00, 0x00, 
0xa0, 0x00, 0x00, 0x00, 0x04, 0x40, 0x00, 0x00, 0x10, 0x00, 0x00, 0x00, 0x09, 0x01, 0xf3, 0xff, 
0x05, 0x01, 0x41, 0x00, 0x10, 0x40, 0x00, 0x00, 0x25, 0xb7, 0x03, 0x00, 0x16, 0x40, 0x00, 0x00, 
0x01, 0x00, 0x00, 0x00, 0x15, 0x40, 0x00, 0x00, 0x10, 0x09, 0x00, 0x00, 0x14, 0x40, 0x00, 0x00, 
0xe8, 0x00, 0x00, 0x00, 0x14, 0x01, 0x01, 0x81, 0x21, 0x01, 0x00, 0x00, 0x20, 0x01, 0x00, 0x00, 
0x22, 0x01, 0x00, 0x00, 0x16, 0x01, 0x03, 0x00, 0x15, 0x01, 0x03, 0x00, 0x17, 0x01, 0x7f, 0x00, 
0x2f, 0x01, 0x01, 0x00, 0x05, 0x00, 0x01, 0x00, 0x00, 0x40, 0x00, 0x00, 0x86, 0x00, 0x02, 0x00, 
0x0b, 0x01, 0x14, 0x00, 0x0c, 0x01, 0x14, 0x00, 0x0a, 0x01, 0x14, 0x00, 0x06, 0x40, 0x00, 0x00, 
0x01, 0x00, 0x00, 0x00, 0x05, 0x40, 0x00, 0x00, 0xf0, 0x13, 0x00, 0x00, 0x04, 0x40, 0x00, 0x00, 
0xe8, 0x00, 0x00, 0x00, 0x09, 0x01, 0x93, 0xff, 0x05, 0x01, 0x01, 0x00, 0x10, 0x40, 0x00, 0x00, 
0xc0, 0x11, 0x04, 0x00, 0x16, 0x40, 0x00, 0x00, 0xa0, 0x00, 0x00, 0x00, 0x15, 0x40, 0x00, 0x00, 
0xa0, 0x00, 0x00, 0x00, 0x14, 0x40, 0x00, 0x00, 0x10, 0x00, 0x00, 0x00, 0x14, 0x01, 0x41, 0x00, 
0x21, 0x01, 0x02, 0x00, 0x20, 0x01, 0x02, 0x00, 0x22, 0x01, 0x07, 0x00, 0x20, 0x40, 0x00, 0x00, 
0xf0, 0xc0, 0x00, 0x00, 0x22, 0x40, 0x00, 0x00, 0xe0, 0xc0, 0x00, 0x00, 0x16, 0x01, 0x05, 0x00, 
0x15, 0x01, 0x09, 0x00, 0x17, 0x01, 0x07, 0x00, 0x2f, 0x01, 0x03, 0x00, 0x02, 0x00, 0x00, 0x00, 
0x00, 0x40, 0x00, 0x00, 0xc0, 0x11, 0x04, 0x00, 0x0b, 0x01, 0x09, 0x00, 0x0c, 0x01, 0x09, 0x00, 
0x0a, 0x01, 0x09, 0x00, 0x06, 0x40, 0x00, 0x00, 0xa0, 0x00, 0x00, 0x00, 0x05, 0x40, 0x00, 0x00, 
0xa0, 0x00, 0x00, 0x00, 0x04, 0x40, 0x00, 0x00, 0x10, 0x00, 0x00, 0x00, 0x09, 0x01, 0xf3, 0xff, 
0x05, 0x01, 0x41, 0x00, 0x10, 0x40, 0x00, 0x00, 0x26, 0xb7, 0x03, 0x00, 0x16, 0x40, 0x00, 0x00, 
0x01, 0x00, 0x00, 0x00, 0x15, 0x40, 0x00, 0x00, 0x10, 0x09, 0x00, 0x00, 0x14, 0x40, 0x00, 0x00, 
0xe8, 0x00, 0x00, 0x00, 0x14, 0x01, 0x01, 0x81, 0x21, 0x01, 0x00, 0x00, 0x20, 0x01, 0x00, 0x00, 
0x22, 0x01, 0x00, 0x00, 0x16, 0x01, 0x03, 0x00, 0x15, 0x01, 0x03, 0x00, 0x17, 0x01, 0x7f, 0x00, 
0x2f, 0x01, 0x01, 0x00, 0x05, 0x00, 0x01, 0x00, 0x00, 0x40, 0x00, 0x00, 0x87, 0x00, 0x02, 0x00, 
0x0b, 0x01, 0x14, 0x00, 0x0c, 0x01, 0x14, 0x00, 0x0a, 0x01, 0x14, 0x00, 0x06, 0x40, 0x00, 0x00, 
0x01, 0x00, 0x00, 0x00, 0x05, 0x40, 0x00, 0x00, 0xf0, 0x13, 0x00, 0x00, 0x04, 0x40, 0x00, 0x00, 
0xe8, 0x00, 0x00, 0x00, 0x09, 0x01, 0x93, 0xff, 0x05, 0x01, 0x01, 0x00, 0x10, 0x40, 0x00, 0x00, 
0xc0, 0x11, 0x04, 0x00, 0x16, 0x40, 0x00, 0x00, 0xa0, 0x00, 0x00, 0x00, 0x15, 0x40, 0x00, 0x00, 
0xa0, 0x00, 0x00, 0x00, 0x14, 0x40, 0x00, 0x00, 0x10, 0x00, 0x00, 0x00, 0x14, 0x01, 0x41, 0x00, 
0x21, 0x01, 0x02, 0x00, 0x20, 0x01, 0x02, 0x00, 0x22, 0x01, 0x07, 0x00, 0x20, 0x40, 0x00, 0x00, 
0x30, 0xc1, 0x00, 0x00, 0x22, 0x40, 0x00, 0x00, 0x20, 0xc1, 0x00, 0x00, 0x16, 0x01, 0x05, 0x00, 
0x15, 0x01, 0x09, 0x00, 0x17, 0x01, 0x07, 0x00, 0x2f, 0x01, 0x03, 0x00, 0x02, 0x00, 0x00, 0x00, 
0x00, 0x40, 0x00, 0x00, 0xc0, 0x11, 0x04, 0x00, 0x0b, 0x01, 0x09, 0x00, 0x0c, 0x01, 0x09, 0x00, 
0x0a, 0x01, 0x09, 0x00, 0x06, 0x40, 0x00, 0x00, 0xa0, 0x00, 0x00, 0x00, 0x05, 0x40, 0x00, 0x00, 
0xa0, 0x00, 0x00, 0x00, 0x04, 0x40, 0x00, 0x00, 0x10, 0x00, 0x00, 0x00, 0x09, 0x01, 0xf3, 0xff, 
0x05, 0x01, 0x41, 0x00, 0x10, 0x40, 0x00, 0x00, 0x27, 0xb7, 0x03, 0x00, 0x16, 0x40, 0x00, 0x00, 
0x01, 0x00, 0x00, 0x00, 0x15, 0x40, 0x00, 0x00, 0x10, 0x09, 0x00, 0x00, 0x14, 0x40, 0x00, 0x00, 
0xe8, 0x00, 0x00, 0x00, 0x14, 0x01, 0x01, 0x81, 0x21, 0x01, 0x00, 0x00, 0x20, 0x01, 0x00, 0x00, 
0x22, 0x01, 0x00, 0x00, 0x16, 0x01, 0x03, 0x00, 0x15, 0x01, 0x03, 0x00, 0x17, 0x01, 0x7f, 0x00, 
0x2f, 0x01, 0x01, 0x00, 0x05, 0x00, 0x01, 0x00, 0x00, 0x40, 0x00, 0x00, 0x88, 0x00, 0x02, 0x00, 
0x0b, 0x01, 0x14, 0x00, 0x0c, 0x01, 0x14, 0x00, 0x0a, 0x01, 0x14, 0x00, 0x06, 0x40, 0x00, 0x00, 
0x01, 0x00, 0x00, 0x00, 0x05, 0x40, 0x00, 0x00, 0xf0, 0x13, 0x00, 0x00, 0x04, 0x40, 0x00, 0x00, 
0xe8, 0x00, 0x00, 0x00, 0x09, 0x01, 0x93, 0xff, 0x05, 0x01, 0x01, 0x00, 0x10, 0x40, 0x00, 0x00, 
0xc0, 0x11, 0x04, 0x00, 0x16, 0x40, 0x00, 0x00, 0xa0, 0x00, 0x00, 0x00, 0x15, 0x40, 0x00, 0x00, 
0xa0, 0x00, 0x00, 0x00, 0x14, 0x40, 0x00, 0x00, 0x10, 0x00, 0x00, 0x00, 0x14, 0x01, 0x41, 0x00, 
0x21, 0x01, 0x02, 0x00, 0x20, 0x01, 0x02, 0x00, 0x22, 0x01, 0x07, 0x00, 0x20, 0x40, 0x00, 0x00, 
0x70, 0xc1, 0x00, 0x00, 0x22, 0x40, 0x00, 0x00, 0x60, 0xc1, 0x00, 0x00, 0x16, 0x01, 0x05, 0x00, 
0x15, 0x01, 0x09, 0x00, 0x17, 0x01, 0x07, 0x00, 0x2f, 0x01, 0x03, 0x00, 0x02, 0x00, 0x00, 0x00, 
0x00, 0x40, 0x00, 0x00, 0xc0, 0x11, 0x04, 0x00, 0x0b, 0x01, 0x09, 0x00, 0x0c, 0x01, 0x09, 0x00, 
0x0a, 0x01, 0x09, 0x00, 0x06, 0x40, 0x00, 0x00, 0xa0, 0x00, 0x00, 0x00, 0x05, 0x40, 0x00, 0x00, 
0xa0, 0x00, 0x00, 0x00, 0x04, 0x40, 0x00, 0x00, 0x10, 0x00, 0x00, 0x00, 0x09, 0x01, 0xf3, 0xff, 
0x05, 0x01, 0x41, 0x00, 0x10, 0x40, 0x00, 0x00, 0x28, 0xb7, 0x03, 0x00, 0x16, 0x40, 0x00, 0x00, 
0x01, 0x00, 0x00, 0x00, 0x15, 0x40, 0x00, 0x00, 0x10, 0x09, 0x00, 0x00, 0x14, 0x40, 0x00, 0x00, 
0xe8, 0x00, 0x00, 0x00, 0x14, 0x01, 0x01, 0x81, 0x21, 0x01, 0x00, 0x00, 0x20, 0x01, 0x00, 0x00, 
0x22, 0x01, 0x00, 0x00, 0x16, 0x01, 0x03, 0x00, 0x15, 0x01, 0x03, 0x00, 0x17, 0x01, 0x7f, 0x00, 
0x2f, 0x01, 0x01, 0x00, 0x05, 0x00, 0x01, 0x00, 0x00, 0x40, 0x00, 0x00, 0x89, 0x00, 0x02, 0x00, 
0x0b, 0x01, 0x14, 0x00, 0x0c, 0x01, 0x14, 0x00, 0x0a, 0x01, 0x14, 0x00, 0x06, 0x40, 0x00, 0x00, 
0x01, 0x00, 0x00, 0x00, 0x05, 0x40, 0x00, 0x00, 0xf0, 0x13, 0x00, 0x00, 0x04, 0x40, 0x00, 0x00, 
0xe8, 0x00, 0x00, 0x00, 0x09, 0x01, 0x93, 0xff, 0x05, 0x01, 0x01, 0x00, 0x10, 0x40, 0x00, 0x00, 
0xc0, 0x11, 0x04, 0x00, 0x16, 0x40, 0x00, 0x00, 0xa0, 0x00, 0x00, 0x00, 0x15, 0x40, 0x00, 0x00, 
0xa0, 0x00, 0x00, 0x00, 0x14, 0x40, 0x00, 0x00, 0x10, 0x00, 0x00, 0x00, 0x14, 0x01, 0x41, 0x00, 
0x21, 0x01, 0x02, 0x00, 0x20, 0x01, 0x02, 0x00, 0x22, 0x01, 0x07, 0x00, 0x20, 0x40, 0x00, 0x00, 
0xb0, 0xc1, 0x00, 0x00, 0x22, 0x40, 0x00, 0x00, 0xa0, 0xc1, 0x00, 0x00, 0x16, 0x01, 0x05, 0x00, 
0x15, 0x01, 0x09, 0x00, 0x17, 0x01, 0x07, 0x00, 0x2f, 0x01, 0x03, 0x00, 0x02, 0x00, 0x00, 0x00, 
0x00, 0x40, 0x00, 0x00, 0xc0, 0x11, 0x04, 0x00, 0x0b, 0x01, 0x09, 0x00, 0x0c, 0x01, 0x09, 0x00, 
0x0a, 0x01, 0x09, 0x00, 0x06, 0x40, 0x00, 0x00, 0xa0, 0x00, 0x00, 0x00, 0x05, 0x40, 0x00, 0x00, 
0xa0, 0x00, 0x00, 0x00, 0x04, 0x40, 0x00, 0x00, 0x10, 0x00, 0x00, 0x00, 0x09, 0x01, 0xf3, 0xff, 
0x05, 0x01, 0x41, 0x00, 0x10, 0x40, 0x00, 0x00, 0x29, 0xb7, 0x03, 0x00, 0x16, 0x40, 0x00, 0x00, 
0x01, 0x00, 0x00, 0x00, 0x15, 0x40, 0x00, 0x00, 0x10, 0x09, 0x00, 0x00, 0x14, 0x40, 0x00, 0x00, 
0xe8, 0x00, 0x00, 0x00, 0x14, 0x01, 0x01, 0x81, 0x21, 0x01, 0x00, 0x00, 0x20, 0x01, 0x00, 0x00, 
0x22, 0x01, 0x00, 0x00, 0x16, 0x01, 0x03, 0x00, 0x15, 0x01, 0x03, 0x00, 0x17, 0x01, 0x7f, 0x00, 
0x2f, 0x01, 0x01, 0x00, 0x05, 0x00, 0x01, 0x00, 0x00, 0x40, 0x00, 0x00, 0x8a, 0x00, 0x02, 0x00, 
0x0b, 0x01, 0x14, 0x00, 0x0c, 0x01, 0x14, 0x00, 0x0a, 0x01, 0x14, 0x00, 0x06, 0x40, 0x00, 0x00, 
0x01, 0x00, 0x00, 0x00, 0x05, 0x40, 0x00, 0x00, 0xf0, 0x13, 0x00, 0x00, 0x04, 0x40, 0x00, 0x00, 
0xe8, 0x00, 0x00, 0x00, 0x09, 0x01, 0x93, 0xff, 0x05, 0x01, 0x01, 0x00, 0x10, 0x40, 0x00, 0x00, 
0xc0, 0x11, 0x04, 0x00, 0x16, 0x40, 0x00, 0x00, 0xa0, 0x00, 0x00, 0x00, 0x15, 0x40, 0x00, 0x00, 
0xa0, 0x00, 0x00, 0x00, 0x14, 0x40, 0x00, 0x00, 0x10, 0x00, 0x00, 0x00, 0x14, 0x01, 0x41, 0x00, 
0x21, 0x01, 0x02, 0x00, 0x20, 0x01, 0x02, 0x00, 0x22, 0x01, 0x07, 0x00, 0x20, 0x40, 0x00, 0x00, 
0xf0, 0xc1, 0x00, 0x00, 0x22, 0x40, 0x00, 0x00, 0xe0, 0xc1, 0x00, 0x00, 0x16, 0x01, 0x05, 0x00, 
0x15, 0x01, 0x09, 0x00, 0x17, 0x01, 0x07, 0x00, 0x2f, 0x01, 0x03, 0x00, 0x02, 0x00, 0x00, 0x00, 
0x00, 0x40, 0x00, 0x00, 0xc0, 0x11, 0x04, 0x00, 0x0b, 0x01, 0x09, 0x00, 0x0c, 0x01, 0x09, 0x00, 
0x0a, 0x01, 0x09, 0x00, 0x06, 0x40, 0x00, 0x00, 0xa0, 0x00, 0x00, 0x00, 0x05, 0x40, 0x00, 0x00, 
0xa0, 0x00, 0x00, 0x00, 0x04, 0x40, 0x00, 0x00, 0x10, 0x00, 0x00, 0x00, 0x09, 0x01, 0xf3, 0xff, 
0x05, 0x01, 0x41, 0x00, 0x10, 0x40, 0x00, 0x00, 0x2a, 0xb7, 0x03, 0x00, 0x16, 0x40, 0x00, 0x00, 
0x01, 0x00, 0x00, 0x00, 0x15, 0x40, 0x00, 0x00, 0x10, 0x09, 0x00, 0x00, 0x14, 0x40, 0x00, 0x00, 
0xe8, 0x00, 0x00, 0x00, 0x14, 0x01, 0x01, 0x81, 0x21, 0x01, 0x00, 0x00, 0x20, 0x01, 0x00, 0x00, 
0x22, 0x01, 0x00, 0x00, 0x16, 0x01, 0x03, 0x00, 0x15, 0x01, 0x03, 0x00, 0x17, 0x01, 0x7f, 0x00, 
0x2f, 0x01, 0x01, 0x00, 0x05, 0x00, 0x01, 0x00, 0x00, 0x40, 0x00, 0x00, 0x8b, 0x00, 0x02, 0x00, 
0x0b, 0x01, 0x14, 0x00, 0x0c, 0x01, 0x14, 0x00, 0x0a, 0x01, 0x14, 0x00, 0x06, 0x40, 0x00, 0x00, 
0x01, 0x00, 0x00, 0x00, 0x05, 0x40, 0x00, 0x00, 0xf0, 0x13, 0x00, 0x00, 0x04, 0x40, 0x00, 0x00, 
0xe8, 0x00, 0x00, 0x00, 0x09, 0x01, 0x93, 0xff, 0x05, 0x01, 0x01, 0x00, 0x10, 0x40, 0x00, 0x00, 
0xc0, 0x11, 0x04, 0x00, 0x16, 0x40, 0x00, 0x00, 0xa0, 0x00, 0x00, 0x00, 0x15, 0x40, 0x00, 0x00, 
0xa0, 0x00, 0x00, 0x00, 0x14, 0x40, 0x00, 0x00, 0x10, 0x00, 0x00, 0x00, 0x14, 0x01, 0x41, 0x00, 
0x21, 0x01, 0x02, 0x00, 0x20, 0x01, 0x02, 0x00, 0x22, 0x01, 0x07, 0x00, 0x20, 0x40, 0x00, 0x00, 
0x30, 0xc2, 0x00, 0x00, 0x22, 0x40, 0x00, 0x00, 0x20, 0xc2, 0x00, 0x00, 0x16, 0x01, 0x05, 0x00, 
0x15, 0x01, 0x09, 0x00, 0x17, 0x01, 0x07, 0x00, 0x2f, 0x01, 0x03, 0x00, 0x02, 0x00, 0x00, 0x00, 
0x00, 0x40, 0x00, 0x00, 0xc0, 0x11, 0x04, 0x00, 0x0b, 0x01, 0x09, 0x00, 0x0c, 0x01, 0x09, 0x00, 
0x0a, 0x01, 0x09, 0x00, 0x06, 0x40, 0x00, 0x00, 0xa0, 0x00, 0x00, 0x00, 0x05, 0x40, 0x00, 0x00, 
0xa0, 0x00, 0x00, 0x00, 0x04, 0x40, 0x00, 0x00, 0x10, 0x00, 0x00, 0x00, 0x09, 0x01, 0xf3, 0xff, 
0x05, 0x01, 0x41, 0x00, 0x10, 0x40, 0x00, 0x00, 0x2b, 0xb7, 0x03, 0x00, 0x16, 0x40, 0x00, 0x00, 
0x01, 0x00, 0x00, 0x00, 0x15, 0x40, 0x00, 0x00, 0x10, 0x09, 0x00, 0x00, 0x14, 0x40, 0x00, 0x00, 
0xe8, 0x00, 0x00, 0x00, 0x14, 0x01, 0x01, 0x81, 0x21, 0x01, 0x00, 0x00, 0x20, 0x01, 0x00, 0x00, 
0x22, 0x01, 0x00, 0x00, 0x16, 0x01, 0x03, 0x00, 0x15, 0x01, 0x03, 0x00, 0x17, 0x01, 0x7f, 0x00, 
0x2f, 0x01, 0x01, 0x00, 0x05, 0x00, 0x01, 0x00, 0x00, 0x40, 0x00, 0x00, 0x8c, 0x00, 0x02, 0x00, 
0x0b, 0x01, 0x14, 0x00, 0x0c, 0x01, 0x14, 0x00, 0x0a, 0x01, 0x14, 0x00, 0x06, 0x40, 0x00, 0x00, 
0x01, 0x00, 0x00, 0x00, 0x05, 0x40, 0x00, 0x00, 0xf0, 0x13, 0x00, 0x00, 0x04, 0x40, 0x00, 0x00, 
0xe8, 0x00, 0x00, 0x00, 0x09, 0x01, 0x93, 0xff, 0x05, 0x01, 0x01, 0x00, 0x10, 0x40, 0x00, 0x00, 
0xc0, 0x11, 0x04, 0x00, 0x16, 0x40, 0x00, 0x00, 0xa0, 0x00, 0x00, 0x00, 0x15, 0x40, 0x00, 0x00, 
0xa0, 0x00, 0x00, 0x00, 0x14, 0x40, 0x00, 0x00, 0x10, 0x00, 0x00, 0x00, 0x14, 0x01, 0x41, 0x00, 
0x21, 0x01, 0x02, 0x00, 0x20, 0x01, 0x02, 0x00, 0x22, 0x01, 0x07, 0x00, 0x20, 0x40, 0x00, 0x00, 
0x70, 0xc2, 0x00, 0x00, 0x22, 0x40, 0x00, 0x00, 0x60, 0xc2, 0x00, 0x00, 0x16, 0x01, 0x05, 0x00, 
0x15, 0x01, 0x09, 0x00, 0x17, 0x01, 0x07, 0x00, 0x2f, 0x01, 0x03, 0x00, 0x02, 0x00, 0x00, 0x00, 
0x00, 0x40, 0x00, 0x00, 0xc0, 0x11, 0x04, 0x00, 0x0b, 0x01, 0x09, 0x00, 0x0c, 0x01, 0x09, 0x00, 
0x0a, 0x01, 0x09, 0x00, 0x06, 0x40, 0x00, 0x00, 0xa0, 0x00, 0x00, 0x00, 0x05, 0x40, 0x00, 0x00, 
0xa0, 0x00, 0x00, 0x00, 0x04, 0x40, 0x00, 0x00, 0x10, 0x00, 0x00, 0x00, 0x09, 0x01, 0xf3, 0xff, 
0x05, 0x01, 0x41, 0x00, 0x10, 0x40, 0x00, 0x00, 0x2c, 0xb7, 0x03, 0x00, 0x16, 0x40, 0x00, 0x00, 
0x01, 0x00, 0x00, 0x00, 0x15, 0x40, 0x00, 0x00, 0x10, 0x09, 0x00, 0x00, 0x14, 0x40, 0x00, 0x00, 
0xe8, 0x00, 0x00, 0x00, 0x14, 0x01, 0x01, 0x81, 0x21, 0x01, 0x00, 0x00, 0x20, 0x01, 0x00, 0x00, 
0x22, 0x01, 0x00, 0x00, 0x16, 0x01, 0x03, 0x00, 0x15, 0x01, 0x03, 0x00, 0x17, 0x01, 0x7f, 0x00, 
0x2f, 0x01, 0x01, 0x00, 0x05, 0x00, 0x01, 0x00, 0x00, 0x40, 0x00, 0x00, 0x8d, 0x00, 0x02, 0x00, 
0x0b, 0x01, 0x14, 0x00, 0x0c, 0x01, 0x14, 0x00, 0x0a, 0x01, 0x14, 0x00, 0x06, 0x40, 0x00, 0x00, 
0x01, 0x00, 0x00, 0x00, 0x05, 0x40, 0x00, 0x00, 0xf0, 0x13, 0x00, 0x00, 0x04, 0x40, 0x00, 0x00, 
0xe8, 0x00, 0x00, 0x00, 0x09, 0x01, 0x93, 0xff, 0x05, 0x01, 0x01, 0x00, 0x10, 0x40, 0x00, 0x00, 
0xc0, 0x11, 0x04, 0x00, 0x16, 0x40, 0x00, 0x00, 0xa0, 0x00, 0x00, 0x00, 0x15, 0x40, 0x00, 0x00, 
0xa0, 0x00, 0x00, 0x00, 0x14, 0x40, 0x00, 0x00, 0x10, 0x00, 0x00, 0x00, 0x14, 0x01, 0x41, 0x00, 
0x21, 0x01, 0x02, 0x00, 0x20, 0x01, 0x02, 0x00, 0x22, 0x01, 0x07, 0x00, 0x20, 0x40, 0x00, 0x00, 
0xb0, 0xc2, 0x00, 0x00, 0x22, 0x40, 0x00, 0x00, 0xa0, 0xc2, 0x00, 0x00, 0x16, 0x01, 0x05, 0x00, 
0x15, 0x01, 0x09, 0x00, 0x17, 0x01, 0x07, 0x00, 0x2f, 0x01, 0x03, 0x00, 0x02, 0x00, 0x00, 0x00, 
0x00, 0x40, 0x00, 0x00, 0xc0, 0x11, 0x04, 0x00, 0x0b, 0x01, 0x09, 0x00, 0x0c, 0x01, 0x09, 0x00, 
0x0a, 0x01, 0x09, 0x00, 0x06, 0x40, 0x00, 0x00, 0xa0, 0x00, 0x00, 0x00, 0x05, 0x40, 0x00, 0x00, 
0xa0, 0x00, 0x00, 0x00, 0x04, 0x40, 0x00, 0x00, 0x10, 0x00, 0x00, 0x00, 0x09, 0x01, 0xf3, 0xff, 
0x05, 0x01, 0x41, 0x00, 0x10, 0x40, 0x00, 0x00, 0x2d, 0xb7, 0x03, 0x00, 0x16, 0x40, 0x00, 0x00, 
0x01, 0x00, 0x00, 0x00, 0x15, 0x40, 0x00, 0x00, 0x10, 0x09, 0x00, 0x00, 0x14, 0x40, 0x00, 0x00, 
0xe8, 0x00, 0x00, 0x00, 0x14, 0x01, 0x01, 0x81, 0x21, 0x01, 0x00, 0x00, 0x20, 0x01, 0x00, 0x00, 
0x22, 0x01, 0x00, 0x00, 0x16, 0x01, 0x03, 0x00, 0x15, 0x01, 0x03, 0x00, 0x17, 0x01, 0x7f, 0x00, 
0x2f, 0x01, 0x01, 0x00, 0x05, 0x00, 0x01, 0x00, 0x00, 0x40, 0x00, 0x00, 0x8e, 0x00, 0x02, 0x00, 
0x0b, 0x01, 0x14, 0x00, 0x0c, 0x01, 0x14, 0x00, 0x0a, 0x01, 0x14, 0x00, 0x06, 0x40, 0x00, 0x00, 
0x01, 0x00, 0x00, 0x00, 0x05, 0x40, 0x00, 0x00, 0xf0, 0x13, 0x00, 0x00, 0x04, 0x40, 0x00, 0x00, 
0xe8, 0x00, 0x00, 0x00, 0x09, 0x01, 0x93, 0xff, 0x05, 0x01, 0x01, 0x00, 0x10, 0x40, 0x00, 0x00, 
0xc0, 0x11, 0x04, 0x00, 0x16, 0x40, 0x00, 0x00, 0xa0, 0x00, 0x00, 0x00, 0x15, 0x40, 0x00, 0x00, 
0xa0, 0x00, 0x00, 0x00, 0x14, 0x40, 0x00, 0x00, 0x10, 0x00, 0x00, 0x00, 0x14, 0x01, 0x41, 0x00, 
0x21, 0x01, 0x02, 0x00, 0x20, 0x01, 0x02, 0x00, 0x22, 0x01, 0x07, 0x00, 0x20, 0x40, 0x00, 0x00, 
0xf0, 0xc2, 0x00, 0x00, 0x22, 0x40, 0x00, 0x00, 0xe0, 0xc2, 0x00, 0x00, 0x16, 0x01, 0x05, 0x00, 
0x15, 0x01, 0x09, 0x00, 0x17, 0x01, 0x07, 0x00, 0x2f, 0x01, 0x03, 0x00, 0x02, 0x00, 0x00, 0x00, 
0x00, 0x40, 0x00, 0x00, 0xc0, 0x11, 0x04, 0x00, 0x0b, 0x01, 0x09, 0x00, 0x0c, 0x01, 0x09, 0x00, 
0x0a, 0x01, 0x09, 0x00, 0x06, 0x40, 0x00, 0x00, 0xa0, 0x00, 0x00, 0x00, 0x05, 0x40, 0x00, 0x00, 
0xa0, 0x00, 0x00, 0x00, 0x04, 0x40, 0x00, 0x00, 0x10, 0x00, 0x00, 0x00, 0x09, 0x01, 0xf3, 0xff, 
0x05, 0x01, 0x41, 0x00, 0x10, 0x40, 0x00, 0x00, 0x2e, 0xb7, 0x03, 0x00, 0x16, 0x40, 0x00, 0x00, 
0x01, 0x00, 0x00, 0x00, 0x15, 0x40, 0x00, 0x00, 0x10, 0x09, 0x00, 0x00, 0x14, 0x40, 0x00, 0x00, 
0xe8, 0x00, 0x00, 0x00, 0x14, 0x01, 0x01, 0x81, 0x21, 0x01, 0x00, 0x00, 0x20, 0x01, 0x00, 0x00, 
0x22, 0x01, 0x00, 0x00, 0x16, 0x01, 0x03, 0x00, 0x15, 0x01, 0x03, 0x00, 0x17, 0x01, 0x7f, 0x00, 
0x2f, 0x01, 0x01, 0x00, 0x05, 0x00, 0x01, 0x00, 0x00, 0x40, 0x00, 0x00, 0x8f, 0x00, 0x02, 0x00, 
0x0b, 0x01, 0x14, 0x00, 0x0c, 0x01, 0x14, 0x00, 0x0a, 0x01, 0x14, 0x00, 0x06, 0x40, 0x00, 0x00, 
0x01, 0x00, 0x00, 0x00, 0x05, 0x40, 0x00, 0x00, 0xf0, 0x13, 0x00, 0x00, 0x04, 0x40, 0x00, 0x00, 
0xe8, 0x00, 0x00, 0x00, 0x09, 0x01, 0x93, 0xff, 0x05, 0x01, 0x01, 0x00, 0x10, 0x40, 0x00, 0x00, 
0xc0, 0x11, 0x04, 0x00, 0x16, 0x40, 0x00, 0x00, 0xa0, 0x00, 0x00, 0x00, 0x15, 0x40, 0x00, 0x00, 
0xa0, 0x00, 0x00, 0x00, 0x14, 0x40, 0x00, 0x00, 0x10, 0x00, 0x00, 0x00, 0x14, 0x01, 0x41, 0x00, 
0x21, 0x01, 0x02, 0x00, 0x20, 0x01, 0x02, 0x00, 0x22, 0x01, 0x07, 0x00, 0x20, 0x40, 0x00, 0x00, 
0x30, 0xc3, 0x00, 0x00, 0x22, 0x40, 0x00, 0x00, 0x20, 0xc3, 0x00, 0x00, 0x16, 0x01, 0x05, 0x00, 
0x15, 0x01, 0x09, 0x00, 0x17, 0x01, 0x07, 0x00, 0x2f, 0x01, 0x03, 0x00, 0x02, 0x00, 0x00, 0x00, 
0x00, 0x40, 0x00, 0x00, 0xc0, 0x11, 0x04, 0x00, 0x0b, 0x01, 0x09, 0x00, 0x0c, 0x01, 0x09, 0x00, 
0x0a, 0x01, 0x09, 0x00, 0x06, 0x40, 0x00, 0x00, 0xa0, 0x00, 0x00, 0x00, 0x05, 0x40, 0x00, 0x00, 
0xa0, 0x00, 0x00, 0x00, 0x04, 0x40, 0x00, 0x00, 0x10, 0x00, 0x00, 0x00, 0x09, 0x01, 0xf3, 0xff, 
0x05, 0x01, 0x41, 0x00, 0x10, 0x40, 0x00, 0x00, 0x2f, 0xb7, 0x03, 0x00, 0x16, 0x40, 0x00, 0x00, 
0x01, 0x00, 0x00, 0x00, 0x15, 0x40, 0x00, 0x00, 0x10, 0x09, 0x00, 0x00, 0x14, 0x40, 0x00, 0x00, 
0xe8, 0x00, 0x00, 0x00, 0x14, 0x01, 0x01, 0x81, 0x21, 0x01, 0x00, 0x00, 0x20, 0x01, 0x00, 0x00, 
0x22, 0x01, 0x00, 0x00, 0x16, 0x01, 0x03, 0x00, 0x15, 0x01, 0x03, 0x00, 0x17, 0x01, 0x7f, 0x00, 
0x2f, 0x01, 0x01, 0x00, 0x05, 0x00, 0x01, 0x00, 0x00, 0x40, 0x00, 0x00, 0x90, 0x00, 0x02, 0x00, 
0x0b, 0x01, 0x14, 0x00, 0x0c, 0x01, 0x14, 0x00, 0x0a, 0x01, 0x14, 0x00, 0x06, 0x40, 0x00, 0x00, 
0x01, 0x00, 0x00, 0x00, 0x05, 0x40, 0x00, 0x00, 0xf0, 0x13, 0x00, 0x00, 0x04, 0x40, 0x00, 0x00, 
0xe8, 0x00, 0x00, 0x00, 0x09, 0x01, 0x93, 0xff, 0x05, 0x01, 0x01, 0x00, 0x10, 0x40, 0x00, 0x00, 
0xc0, 0x11, 0x04, 0x00, 0x16, 0x40, 0x00, 0x00, 0xa0, 0x00, 0x00, 0x00, 0x15, 0x40, 0x00, 0x00, 
0xa0, 0x00, 0x00, 0x00, 0x14, 0x40, 0x00, 0x00, 0x10, 0x00, 0x00, 0x00, 0x14, 0x01, 0x41, 0x00, 
0x21, 0x01, 0x02, 0x00, 0x20, 0x01, 0x02, 0x00, 0x22, 0x01, 0x07, 0x00, 0x20, 0x40, 0x00, 0x00, 
0x70, 0xc3, 0x00, 0x00, 0x22, 0x40, 0x00, 0x00, 0x60, 0xc3, 0x00, 0x00, 0x16, 0x01, 0x05, 0x00, 
0x15, 0x01, 0x09, 0x00, 0x17, 0x01, 0x07, 0x00, 0x2f, 0x01, 0x03, 0x00, 0x02, 0x00, 0x00, 0x00, 
0x00, 0x40, 0x00, 0x00, 0xc0, 0x11, 0x04, 0x00, 0x0b, 0x01, 0x09, 0x00, 0x0c, 0x01, 0x09, 0x00, 
0x0a, 0x01, 0x09, 0x00, 0x06, 0x40, 0x00, 0x00, 0xa0, 0x00, 0x00, 0x00, 0x05, 0x40, 0x00, 0x00, 
0xa0, 0x00, 0x00, 0x00, 0x04, 0x40, 0x00, 0x00, 0x10, 0x00, 0x00, 0x00, 0x09, 0x01, 0xf3, 0xff, 
0x05, 0x01, 0x41, 0x00, 0x10, 0x40, 0x00, 0x00, 0x30, 0xb7, 0x03, 0x00, 0x16, 0x40, 0x00, 0x00, 
0x01, 0x00, 0x00, 0x00, 0x15, 0x40, 0x00, 0x00, 0x10, 0x09, 0x00, 0x00, 0x14, 0x40, 0x00, 0x00, 
0xe8, 0x00, 0x00, 0x00, 0x14, 0x01, 0x01, 0x81, 0x21, 0x01, 0x00, 0x00, 0x20, 0x01, 0x00, 0x00, 
0x22, 0x01, 0x00, 0x00, 0x16, 0x01, 0x03, 0x00, 0x15, 0x01, 0x03, 0x00, 0x17, 0x01, 0x7f, 0x00, 
0x2f, 0x01, 0x01, 0x00, 0x05, 0x00, 0x01, 0x00, 0x00, 0x40, 0x00, 0x00, 0x91, 0x00, 0x02, 0x00, 
0x0b, 0x01, 0x14, 0x00, 0x0c, 0x01, 0x14, 0x00, 0x0a, 0x01, 0x14, 0x00, 0x06, 0x40, 0x00, 0x00, 
0x01, 0x00, 0x00, 0x00, 0x05, 0x40, 0x00, 0x00, 0xf0, 0x13, 0x00, 0x00, 0x04, 0x40, 0x00, 0x00, 
0xe8, 0x00, 0x00, 0x00, 0x09, 0x01, 0x93, 0xff, 0x05, 0x01, 0x01, 0x00, 0x10, 0x40, 0x00, 0x00, 
0xc0, 0x11, 0x04, 0x00, 0x16, 0x40, 0x00, 0x00, 0xa0, 0x00, 0x00, 0x00, 0x15, 0x40, 0x00, 0x00, 
0xa0, 0x00, 0x00, 0x00, 0x14, 0x40, 0x00, 0x00, 0x10, 0x00, 0x00, 0x00, 0x14, 0x01, 0x41, 0x00, 
0x21, 0x01, 0x02, 0x00, 0x20, 0x01, 0x02, 0x00, 0x22, 0x01, 0x07, 0x00, 0x20, 0x40, 0x00, 0x00, 
0xb0, 0xc3, 0x00, 0x00, 0x22, 0x40, 0x00, 0x00, 0xa0, 0xc3, 0x00, 0x00, 0x16, 0x01, 0x05, 0x00, 
0x15, 0x01, 0x09, 0x00, 0x17, 0x01, 0x07, 0x00, 0x2f, 0x01, 0x03, 0x00, 0x02, 0x00, 0x00, 0x00, 
0x00, 0x40, 0x00, 0x00, 0xc0, 0x11, 0x04, 0x00, 0x0b, 0x01, 0x09, 0x00, 0x0c, 0x01, 0x09, 0x00, 
0x0a, 0x01, 0x09, 0x00, 0x06, 0x40, 0x00, 0x00, 0xa0, 0x00, 0x00, 0x00, 0x05, 0x40, 0x00, 0x00, 
0xa0, 0x00, 0x00, 0x00, 0x04, 0x40, 0x00, 0x00, 0x10, 0x00, 0x00, 0x00, 0x09, 0x01, 0xf3, 0xff, 
0x05, 0x01, 0x41, 0x00, 0x10, 0x40, 0x00, 0x00, 0x31, 0xb7, 0x03, 0x00, 0x16, 0x40, 0x00, 0x00, 
0x01, 0x00, 0x00, 0x00, 0x15, 0x40, 0x00, 0x00, 0x10, 0x09, 0x00, 0x00, 0x14, 0x40, 0x00, 0x00, 
0xe8, 0x00, 0x00, 0x00, 0x14, 0x01, 0x01, 0x81, 0x21, 0x01, 0x00, 0x00, 0x20, 0x01, 0x00, 0x00, 
0x22, 0x01, 0x00, 0x00, 0x16, 0x01, 0x03, 0x00, 0x15, 0x01, 0x03, 0x00, 0x17, 0x01, 0x7f, 0x00, 
0x2f, 0x01, 0x01, 0x00, 0x05, 0x00, 0x01, 0x00, 0x00, 0x40, 0x00, 0x00, 0x92, 0x00, 0x02, 0x00, 
0x0b, 0x01, 0x14, 0x00, 0x0c, 0x01, 0x14, 0x00, 0x0a, 0x01, 0x14, 0x00, 0x06, 0x40, 0x00, 0x00, 
0x01, 0x00, 0x00, 0x00, 0x05, 0x40, 0x00, 0x00, 0xf0, 0x13, 0x00, 0x00, 0x04, 0x40, 0x00, 0x00, 
0xe8, 0x00, 0x00, 0x00, 0x09, 0x01, 0x93, 0xff, 0x05, 0x01, 0x01, 0x00, 0x10, 0x40, 0x00, 0x00, 
0xc0, 0x11, 0x04, 0x00, 0x16, 0x40, 0x00, 0x00, 0xa0, 0x00, 0x00, 0x00, 0x15, 0x40, 0x00, 0x00, 
0xa0, 0x00, 0x00, 0x00, 0x14, 0x40, 0x00, 0x00, 0x10, 0x00, 0x00, 0x00, 0x14, 0x01, 0x41, 0x00, 
0x21, 0x01, 0x02, 0x00, 0x20, 0x01, 0x02, 0x00, 0x22, 0x01, 0x07, 0x00, 0x20, 0x40, 0x00, 0x00, 
0xf0, 0xc3, 0x00, 0x00, 0x22, 0x40, 0x00, 0x00, 0xe0, 0xc3, 0x00, 0x00, 0x16, 0x01, 0x05, 0x00, 
0x15, 0x01, 0x09, 0x00, 0x17, 0x01, 0x07, 0x00, 0x2f, 0x01, 0x03, 0x00, 0x02, 0x00, 0x00, 0x00, 
0x00, 0x40, 0x00, 0x00, 0xc0, 0x11, 0x04, 0x00, 0x0b, 0x01, 0x09, 0x00, 0x0c, 0x01, 0x09, 0x00, 
0x0a, 0x01, 0x09, 0x00, 0x06, 0x40, 0x00, 0x00, 0xa0, 0x00, 0x00, 0x00, 0x05, 0x40, 0x00, 0x00, 
0xa0, 0x00, 0x00, 0x00, 0x04, 0x40, 0x00, 0x00, 0x10, 0x00, 0x00, 0x00, 0x09, 0x01, 0xf3, 0xff, 
0x05, 0x01, 0x41, 0x00, 0x10, 0x40, 0x00, 0x00, 0x32, 0xb7, 0x03, 0x00, 0x16, 0x40, 0x00, 0x00, 
0x01, 0x00, 0x00, 0x00, 0x15, 0x40, 0x00, 0x00, 0x10, 0x09, 0x00, 0x00, 0x14, 0x40, 0x00, 0x00, 
0xe8, 0x00, 0x00, 0x00, 0x14, 0x01, 0x01, 0x81, 0x21, 0x01, 0x00, 0x00, 0x20, 0x01, 0x00, 0x00, 
0x22, 0x01, 0x00, 0x00, 0x16, 0x01, 0x03, 0x00, 0x15, 0x01, 0x03, 0x00, 0x17, 0x01, 0x7f, 0x00, 
0x2f, 0x01, 0x01, 0x00, 0x05, 0x00, 0x01, 0x00, 0x00, 0x40, 0x00, 0x00, 0x93, 0x00, 0x02, 0x00, 
0x0b, 0x01, 0x14, 0x00, 0x0c, 0x01, 0x14, 0x00, 0x0a, 0x01, 0x14, 0x00, 0x06, 0x40, 0x00, 0x00, 
0x01, 0x00, 0x00, 0x00, 0x05, 0x40, 0x00, 0x00, 0xf0, 0x13, 0x00, 0x00, 0x04, 0x40, 0x00, 0x00, 
0xe8, 0x00, 0x00, 0x00, 0x09, 0x01, 0x93, 0xff, 0x05, 0x01, 0x01, 0x00, 0x10, 0x40, 0x00, 0x00, 
0xc0, 0x11, 0x04, 0x00, 0x16, 0x40, 0x00, 0x00, 0xa0, 0x00, 0x00, 0x00, 0x15, 0x40, 0x00, 0x00, 
0xa0, 0x00, 0x00, 0x00, 0x14, 0x40, 0x00, 0x00, 0x10, 0x00, 0x00, 0x00, 0x14, 0x01, 0x41, 0x00, 
0x21, 0x01, 0x02, 0x00, 0x20, 0x01, 0x02, 0x00, 0x22, 0x01, 0x07, 0x00, 0x20, 0x40, 0x00, 0x00, 
0x30, 0xc4, 0x00, 0x00, 0x22, 0x40, 0x00, 0x00, 0x20, 0xc4, 0x00, 0x00, 0x16, 0x01, 0x05, 0x00, 
0x15, 0x01, 0x09, 0x00, 0x17, 0x01, 0x07, 0x00, 0x2f, 0x01, 0x03, 0x00, 0x02, 0x00, 0x00, 0x00, 
0x00, 0x40, 0x00, 0x00, 0xc0, 0x11, 0x04, 0x00, 0x0b, 0x01, 0x09, 0x00, 0x0c, 0x01, 0x09, 0x00, 
0x0a, 0x01, 0x09, 0x00, 0x06, 0x40, 0x00, 0x00, 0xa0, 0x00, 0x00, 0x00, 0x05, 0x40, 0x00, 0x00, 
0xa0, 0x00, 0x00, 0x00, 0x04, 0x40, 0x00, 0x00, 0x10, 0x00, 0x00, 0x00, 0x09, 0x01, 0xf3, 0xff, 
0x05, 0x01, 0x41, 0x00, 0x10, 0x40, 0x00, 0x00, 0x33, 0xb7, 0x03, 0x00, 0x16, 0x40, 0x00, 0x00, 
0x01, 0x00, 0x00, 0x00, 0x15, 0x40, 0x00, 0x00, 0x10, 0x09, 0x00, 0x00, 0x14, 0x40, 0x00, 0x00, 
0xe8, 0x00, 0x00, 0x00, 0x14, 0x01, 0x01, 0x81, 0x21, 0x01, 0x00, 0x00, 0x20, 0x01, 0x00, 0x00, 
0x22, 0x01, 0x00, 0x00, 0x16, 0x01, 0x03, 0x00, 0x15, 0x01, 0x03, 0x00, 0x17, 0x01, 0x7f, 0x00, 
0x2f, 0x01, 0x01, 0x00, 0x05, 0x00, 0x01, 0x00, 0x00, 0x40, 0x00, 0x00, 0x94, 0x00, 0x02, 0x00, 
0x0b, 0x01, 0x14, 0x00, 0x0c, 0x01, 0x14, 0x00, 0x0a, 0x01, 0x14, 0x00, 0x06, 0x40, 0x00, 0x00, 
0x01, 0x00, 0x00, 0x00, 0x05, 0x40, 0x00, 0x00, 0xf0, 0x13, 0x00, 0x00, 0x04, 0x40, 0x00, 0x00, 
0xe8, 0x00, 0x00, 0x00, 0x09, 0x01, 0x93, 0xff, 0x05, 0x01, 0x01, 0x00, 0x10, 0x40, 0x00, 0x00, 
0xc0, 0x11, 0x04, 0x00, 0x16, 0x40, 0x00, 0x00, 0xa0, 0x00, 0x00, 0x00, 0x15, 0x40, 0x00, 0x00, 
0xa0, 0x00, 0x00, 0x00, 0x14, 0x40, 0x00, 0x00, 0x10, 0x00, 0x00, 0x00, 0x14, 0x01, 0x41, 0x00, 
0x21, 0x01, 0x02, 0x00, 0x20, 0x01, 0x02, 0x00, 0x22, 0x01, 0x07, 0x00, 0x20, 0x40, 0x00, 0x00, 
0x70, 0xc4, 0x00, 0x00, 0x22, 0x40, 0x00, 0x00, 0x60, 0xc4, 0x00, 0x00, 0x16, 0x01, 0x05, 0x00, 
0x15, 0x01, 0x09, 0x00, 0x17, 0x01, 0x07, 0x00, 0x2f, 0x01, 0x03, 0x00, 0x02, 0x00, 0x00, 0x00, 
0x00, 0x40, 0x00, 0x00, 0xc0, 0x11, 0x04, 0x00, 0x0b, 0x01, 0x09, 0x00, 0x0c, 0x01, 0x09, 0x00, 
0x0a, 0x01, 0x09, 0x00, 0x06, 0x40, 0x00, 0x00, 0xa0, 0x00, 0x00, 0x00, 0x05, 0x40, 0x00, 0x00, 
0xa0, 0x00, 0x00, 0x00, 0x04, 0x40, 0x00, 0x00, 0x10, 0x00, 0x00, 0x00, 0x09, 0x01, 0xf3, 0xff, 
0x05, 0x01, 0x41, 0x00, 0x10, 0x40, 0x00, 0x00, 0x34, 0xb7, 0x03, 0x00, 0x16, 0x40, 0x00, 0x00, 
0x01, 0x00, 0x00, 0x00, 0x15, 0x40, 0x00, 0x00, 0x10, 0x09, 0x00, 0x00, 0x14, 0x40, 0x00, 0x00, 
0xe8, 0x00, 0x00, 0x00, 0x14, 0x01, 0x01, 0x81, 0x21, 0x01, 0x00, 0x00, 0x20, 0x01, 0x00, 0x00, 
0x22, 0x01, 0x00, 0x00, 0x16, 0x01, 0x03, 0x00, 0x15, 0x01, 0x03, 0x00, 0x17, 0x01, 0x7f, 0x00, 
0x2f, 0x01, 0x01, 0x00, 0x05, 0x00, 0x01, 0x00, 0x00, 0x40, 0x00, 0x00, 0x95, 0x00, 0x02, 0x00, 
0x0b, 0x01, 0x14, 0x00, 0x0c, 0x01, 0x14, 0x00, 0x0a, 0x01, 0x14, 0x00, 0x06, 0x40, 0x00, 0x00, 
0x01, 0x00, 0x00, 0x00, 0x05, 0x40, 0x00, 0x00, 0xf0, 0x13, 0x00, 0x00, 0x04, 0x40, 0x00, 0x00, 
0xe8, 0x00, 0x00, 0x00, 0x09, 0x01, 0x93, 0xff, 0x05, 0x01, 0x01, 0x00, 0x10, 0x40, 0x00, 0x00, 
0xc0, 0x11, 0x04, 0x00, 0x16, 0x40, 0x00, 0x00, 0xa0, 0x00, 0x00, 0x00, 0x15, 0x40, 0x00, 0x00, 
0xa0, 0x00, 0x00, 0x00, 0x14, 0x40, 0x00, 0x00, 0x10, 0x00, 0x00, 0x00, 0x14, 0x01, 0x41, 0x00, 
0x21, 0x01, 0x02, 0x00, 0x20, 0x01, 0x02, 0x00, 0x22, 0x01, 0x07, 0x00, 0x20, 0x40, 0x00, 0x00, 
0xb0, 0xc4, 0x00, 0x00, 0x22, 0x40, 0x00, 0x00, 0xa0, 0xc4, 0x00, 0x00, 0x16, 0x01, 0x05, 0x00, 
0x15, 0x01, 0x09, 0x00, 0x17, 0x01, 0x07, 0x00, 0x2f, 0x01, 0x03, 0x00, 0x02, 0x00, 0x00, 0x00, 
0x00, 0x40, 0x00, 0x00, 0xc0, 0x11, 0x04, 0x00, 0x0b, 0x01, 0x09, 0x00, 0x0c, 0x01, 0x09, 0x00, 
0x0a, 0x01, 0x09, 0x00, 0x06, 0x40, 0x00, 0x00, 0xa0, 0x00, 0x00, 0x00, 0x05, 0x40, 0x00, 0x00, 
0xa0, 0x00, 0x00, 0x00, 0x04, 0x40, 0x00, 0x00, 0x10, 0x00, 0x00, 0x00, 0x09, 0x01, 0xf3, 0xff, 
0x05, 0x01, 0x41, 0x00, 0x10, 0x40, 0x00, 0x00, 0x35, 0xb7, 0x03, 0x00, 0x16, 0x40, 0x00, 0x00, 
0x01, 0x00, 0x00, 0x00, 0x15, 0x40, 0x00, 0x00, 0x10, 0x09, 0x00, 0x00, 0x14, 0x40, 0x00, 0x00, 
0xe8, 0x00, 0x00, 0x00, 0x14, 0x01, 0x01, 0x81, 0x21, 0x01, 0x00, 0x00, 0x20, 0x01, 0x00, 0x00, 
0x22, 0x01, 0x00, 0x00, 0x16, 0x01, 0x03, 0x00, 0x15, 0x01, 0x03, 0x00, 0x17, 0x01, 0x7f, 0x00, 
0x2f, 0x01, 0x01, 0x00, 0x05, 0x00, 0x01, 0x00, 0x00, 0x40, 0x00, 0x00, 0x96, 0x00, 0x02, 0x00, 
0x0b, 0x01, 0x14, 0x00, 0x0c, 0x01, 0x14, 0x00, 0x0a, 0x01, 0x14, 0x00, 0x06, 0x40, 0x00, 0x00, 
0x01, 0x00, 0x00, 0x00, 0x05, 0x40, 0x00, 0x00, 0xf0, 0x13, 0x00, 0x00, 0x04, 0x40, 0x00, 0x00, 
0xe8, 0x00, 0x00, 0x00, 0x09, 0x01, 0x93, 0xff, 0x05, 0x01, 0x01, 0x00, 0x10, 0x40, 0x00, 0x00, 
0xc0, 0x11, 0x04, 0x00, 0x16, 0x40, 0x00, 0x00, 0xa0, 0x00, 0x00, 0x00, 0x15, 0x40, 0x00, 0x00, 
0xa0, 0x00, 0x00, 0x00, 0x14, 0x40, 0x00, 0x00, 0x10, 0x00, 0x00, 0x00, 0x14, 0x01, 0x41, 0x00, 
0x21, 0x01, 0x02, 0x00, 0x20, 0x01, 0x02, 0x00, 0x22, 0x01, 0x07, 0x00, 0x20, 0x40, 0x00, 0x00, 
0xf0, 0xc4, 0x00, 0x00, 0x22, 0x40, 0x00, 0x00, 0xe0, 0xc4, 0x00, 0x00, 0x16, 0x01, 0x05, 0x00, 
0x15, 0x01, 0x09, 0x00, 0x17, 0x01, 0x07, 0x00, 0x2f, 0x01, 0x03, 0x00, 0x02, 0x00, 0x00, 0x00, 
0x00, 0x40, 0x00, 0x00, 0xc0, 0x11, 0x04, 0x00, 0x0b, 0x01, 0x09, 0x00, 0x0c, 0x01, 0x09, 0x00, 
0x0a, 0x01, 0x09, 0x00, 0x06, 0x40, 0x00, 0x00, 0xa0, 0x00, 0x00, 0x00, 0x05, 0x40, 0x00, 0x00, 
0xa0, 0x00, 0x00, 0x00, 0x04, 0x40, 0x00, 0x00, 0x10, 0x00, 0x00, 0x00, 0x09, 0x01, 0xf3, 0xff, 
0x05, 0x01, 0x41, 0x00, 0x10, 0x40, 0x00, 0x00, 0x36, 0xb7, 0x03, 0x00, 0x16, 0x40, 0x00, 0x00, 
0x01, 0x00, 0x00, 0x00, 0x15, 0x40, 0x00, 0x00, 0x10, 0x09, 0x00, 0x00, 0x14, 0x40, 0x00, 0x00, 
0xe8, 0x00, 0x00, 0x00, 0x14, 0x01, 0x01, 0x81, 0x21, 0x01, 0x00, 0x00, 0x20, 0x01, 0x00, 0x00, 
0x22, 0x01, 0x00, 0x00, 0x16, 0x01, 0x03, 0x00, 0x15, 0x01, 0x03, 0x00, 0x17, 0x01, 0x7f, 0x00, 
0x2f, 0x01, 0x01, 0x00, 0x05, 0x00, 0x01, 0x00, 0x00, 0x40, 0x00, 0x00, 0x97, 0x00, 0x02, 0x00, 
0x0b, 0x01, 0x14, 0x00, 0x0c, 0x01, 0x14, 0x00, 0x0a, 0x01, 0x14, 0x00, 0x06, 0x40, 0x00, 0x00, 
0x01, 0x00, 0x00, 0x00, 0x05, 0x40, 0x00, 0x00, 0xf0, 0x13, 0x00, 0x00, 0x04, 0x40, 0x00, 0x00, 
0xe8, 0x00, 0x00, 0x00, 0x09, 0x01, 0x93, 0xff, 0x05, 0x01, 0x01, 0x00, 0x10, 0x40, 0x00, 0x00, 
0xc0, 0x11, 0x04, 0x00, 0x16, 0x40, 0x00, 0x00, 0xa0, 0x00, 0x00, 0x00, 0x15, 0x40, 0x00, 0x00, 
0xa0, 0x00, 0x00, 0x00, 0x14, 0x40, 0x00, 0x00, 0x10, 0x00, 0x00, 0x00, 0x14, 0x01, 0x41, 0x00, 
0x21, 0x01, 0x02, 0x00, 0x20, 0x01, 0x02, 0x00, 0x22, 0x01, 0x07, 0x00, 0x20, 0x40, 0x00, 0x00, 
0x30, 0xc5, 0x00, 0x00, 0x22, 0x40, 0x00, 0x00, 0x20, 0xc5, 0x00, 0x00, 0x16, 0x01, 0x05, 0x00, 
0x15, 0x01, 0x09, 0x00, 0x17, 0x01, 0x07, 0x00, 0x2f, 0x01, 0x03, 0x00, 0x02, 0x00, 0x00, 0x00, 
0x00, 0x40, 0x00, 0x00, 0xc0, 0x11, 0x04, 0x00, 0x0b, 0x01, 0x09, 0x00, 0x0c, 0x01, 0x09, 0x00, 
0x0a, 0x01, 0x09, 0x00, 0x06, 0x40, 0x00, 0x00, 0xa0, 0x00, 0x00, 0x00, 0x05, 0x40, 0x00, 0x00, 
0xa0, 0x00, 0x00, 0x00, 0x04, 0x40, 0x00, 0x00, 0x10, 0x00, 0x00, 0x00, 0x09, 0x01, 0xf3, 0xff, 
0x05, 0x01, 0x41, 0x00, 0x10, 0x40, 0x00, 0x00, 0x37, 0xb7, 0x03, 0x00, 0x16, 0x40, 0x00, 0x00, 
0x01, 0x00, 0x00, 0x00, 0x15, 0x40, 0x00, 0x00, 0x10, 0x09, 0x00, 0x00, 0x14, 0x40, 0x00, 0x00, 
0xe8, 0x00, 0x00, 0x00, 0x14, 0x01, 0x01, 0x81, 0x21, 0x01, 0x00, 0x00, 0x20, 0x01, 0x00, 0x00, 
0x22, 0x01, 0x00, 0x00, 0x16, 0x01, 0x03, 0x00, 0x15, 0x01, 0x03, 0x00, 0x17, 0x01, 0x7f, 0x00, 
0x2f, 0x01, 0x01, 0x00, 0x05, 0x00, 0x01, 0x00, 0x00, 0x40, 0x00, 0x00, 0x98, 0x00, 0x02, 0x00, 
0x0b, 0x01, 0x14, 0x00, 0x0c, 0x01, 0x14, 0x00, 0x0a, 0x01, 0x14, 0x00, 0x06, 0x40, 0x00, 0x00, 
0x01, 0x00, 0x00, 0x00, 0x05, 0x40, 0x00, 0x00, 0xf0, 0x13, 0x00, 0x00, 0x04, 0x40, 0x00, 0x00, 
0xe8, 0x00, 0x00, 0x00, 0x09, 0x01, 0x93, 0xff, 0x05, 0x01, 0x01, 0x00, 0x10, 0x40, 0x00, 0x00, 
0xc0, 0x11, 0x04, 0x00, 0x16, 0x40, 0x00, 0x00, 0xa0, 0x00, 0x00, 0x00, 0x15, 0x40, 0x00, 0x00, 
0xa0, 0x00, 0x00, 0x00, 0x14, 0x40, 0x00, 0x00, 0x10, 0x00, 0x00, 0x00, 0x14, 0x01, 0x41, 0x00, 
0x21, 0x01, 0x02, 0x00, 0x20, 0x01, 0x02, 0x00, 0x22, 0x01, 0x07, 0x00, 0x20, 0x40, 0x00, 0x00, 
0x70, 0xc5, 0x00, 0x00, 0x22, 0x40, 0x00, 0x00, 0x60, 0xc5, 0x00, 0x00, 0x16, 0x01, 0x05, 0x00, 
0x15, 0x01, 0x09, 0x00, 0x17, 0x01, 0x07, 0x00, 0x2f, 0x01, 0x03, 0x00, 0x02, 0x00, 0x00, 0x00, 
0x00, 0x40, 0x00, 0x00, 0xc0, 0x11, 0x04, 0x00, 0x0b, 0x01, 0x09, 0x00, 0x0c, 0x01, 0x09, 0x00, 
0x0a, 0x01, 0x09, 0x00, 0x06, 0x40, 0x00, 0x00, 0xa0, 0x00, 0x00, 0x00, 0x05, 0x40, 0x00, 0x00, 
0xa0, 0x00, 0x00, 0x00, 0x04, 0x40, 0x00, 0x00, 0x10, 0x00, 0x00, 0x00, 0x09, 0x01, 0xf3, 0xff, 
0x05, 0x01, 0x41, 0x00, 0x10, 0x40, 0x00, 0x00, 0x38, 0xb7, 0x03, 0x00, 0x16, 0x40, 0x00, 0x00, 
0x01, 0x00, 0x00, 0x00, 0x15, 0x40, 0x00, 0x00, 0x10, 0x09, 0x00, 0x00, 0x14, 0x40, 0x00, 0x00, 
0xe8, 0x00, 0x00, 0x00, 0x14, 0x01, 0x01, 0x81, 0x21, 0x01, 0x00, 0x00, 0x20, 0x01, 0x00, 0x00, 
0x22, 0x01, 0x00, 0x00, 0x16, 0x01, 0x03, 0x00, 0x15, 0x01, 0x03, 0x00, 0x17, 0x01, 0x7f, 0x00, 
0x2f, 0x01, 0x01, 0x00, 0x05, 0x00, 0x01, 0x00, 0x00, 0x40, 0x00, 0x00, 0x99, 0x00, 0x02, 0x00, 
0x0b, 0x01, 0x14, 0x00, 0x0c, 0x01, 0x14, 0x00, 0x0a, 0x01, 0x14, 0x00, 0x06, 0x40, 0x00, 0x00, 
0x01, 0x00, 0x00, 0x00, 0x05, 0x40, 0x00, 0x00, 0xf0, 0x13, 0x00, 0x00, 0x04, 0x40, 0x00, 0x00, 
0xe8, 0x00, 0x00, 0x00, 0x09, 0x01, 0x93, 0xff, 0x05, 0x01, 0x01, 0x00, 0x10, 0x40, 0x00, 0x00, 
0xc0, 0x11, 0x04, 0x00, 0x16, 0x40, 0x00, 0x00, 0xa0, 0x00, 0x00, 0x00, 0x15, 0x40, 0x00, 0x00, 
0xa0, 0x00, 0x00, 0x00, 0x14, 0x40, 0x00, 0x00, 0x10, 0x00, 0x00, 0x00, 0x14, 0x01, 0x41, 0x00, 
0x21, 0x01, 0x02, 0x00, 0x20, 0x01, 0x02, 0x00, 0x22, 0x01, 0x07, 0x00, 0x20, 0x40, 0x00, 0x00, 
0xb0, 0xc5, 0x00, 0x00, 0x22, 0x40, 0x00, 0x00, 0xa0, 0xc5, 0x00, 0x00, 0x16, 0x01, 0x05, 0x00, 
0x15, 0x01, 0x09, 0x00, 0x17, 0x01, 0x07, 0x00, 0x2f, 0x01, 0x03, 0x00, 0x02, 0x00, 0x00, 0x00, 
0x00, 0x40, 0x00, 0x00, 0xc0, 0x11, 0x04, 0x00, 0x0b, 0x01, 0x09, 0x00, 0x0c, 0x01, 0x09, 0x00, 
0x0a, 0x01, 0x09, 0x00, 0x06, 0x40, 0x00, 0x00, 0xa0, 0x00, 0x00, 0x00, 0x05, 0x40, 0x00, 0x00, 
0xa0, 0x00, 0x00, 0x00, 0x04, 0x40, 0x00, 0x00, 0x10, 0x00, 0x00, 0x00, 0x09, 0x01, 0xf3, 0xff, 
0x05, 0x01, 0x41, 0x00, 0x10, 0x40, 0x00, 0x00, 0x39, 0xb7, 0x03, 0x00, 0x16, 0x40, 0x00, 0x00, 
0x01, 0x00, 0x00, 0x00, 0x15, 0x40, 0x00, 0x00, 0x10, 0x09, 0x00, 0x00, 0x14, 0x40, 0x00, 0x00, 
0xe8, 0x00, 0x00, 0x00, 0x14, 0x01, 0x01, 0x81, 0x21, 0x01, 0x00, 0x00, 0x20, 0x01, 0x00, 0x00, 
0x22, 0x01, 0x00, 0x00, 0x16, 0x01, 0x03, 0x00, 0x15, 0x01, 0x03, 0x00, 0x17, 0x01, 0x7f, 0x00, 
0x2f, 0x01, 0x01, 0x00, 0x05, 0x00, 0x01, 0x00, 0x00, 0x40, 0x00, 0x00, 0x9a, 0x00, 0x02, 0x00, 
0x0b, 0x01, 0x14, 0x00, 0x0c, 0x01, 0x14, 0x00, 0x0a, 0x01, 0x14, 0x00, 0x06, 0x40, 0x00, 0x00, 
0x01, 0x00, 0x00, 0x00, 0x05, 0x40, 0x00, 0x00, 0xf0, 0x13, 0x00, 0x00, 0x04, 0x40, 0x00, 0x00, 
0xe8, 0x00, 0x00, 0x00, 0x09, 0x01, 0x93, 0xff, 0x05, 0x01, 0x01, 0x00, 0x10, 0x40, 0x00, 0x00, 
0xc0, 0x11, 0x04, 0x00, 0x16, 0x40, 0x00, 0x00, 0xa0, 0x00, 0x00, 0x00, 0x15, 0x40, 0x00, 0x00, 
0xa0, 0x00, 0x00, 0x00, 0x14, 0x40, 0x00, 0x00, 0x10, 0x00, 0x00, 0x00, 0x14, 0x01, 0x41, 0x00, 
0x21, 0x01, 0x02, 0x00, 0x20, 0x01, 0x02, 0x00, 0x22, 0x01, 0x07, 0x00, 0x20, 0x40, 0x00, 0x00, 
0xf0, 0xc5, 0x00, 0x00, 0x22, 0x40, 0x00, 0x00, 0xe0, 0xc5, 0x00, 0x00, 0x16, 0x01, 0x05, 0x00, 
0x15, 0x01, 0x09, 0x00, 0x17, 0x01, 0x07, 0x00, 0x2f, 0x01, 0x03, 0x00, 0x02, 0x00, 0x00, 0x00, 
0x00, 0x40, 0x00, 0x00, 0xc0, 0x11, 0x04, 0x00, 0x0b, 0x01, 0x09, 0x00, 0x0c, 0x01, 0x09, 0x00, 
0x0a, 0x01, 0x09, 0x00, 0x06, 0x40, 0x00, 0x00, 0xa0, 0x00, 0x00, 0x00, 0x05, 0x40, 0x00, 0x00, 
0xa0, 0x00, 0x00, 0x00, 0x04, 0x40, 0x00, 0x00, 0x10, 0x00, 0x00, 0x00, 0x09, 0x01, 0xf3, 0xff, 
0x05, 0x01, 0x41, 0x00, 0x10, 0x40, 0x00, 0x00, 0x3a, 0xb7, 0x03, 0x00, 0x16, 0x40, 0x00, 0x00, 
0x01, 0x00, 0x00, 0x00, 0x15, 0x40, 0x00, 0x00, 0x10, 0x09, 0x00, 0x00, 0x14, 0x40, 0x00, 0x00, 
0xe8, 0x00, 0x00, 0x00, 0x14, 0x01, 0x01, 0x81, 0x21, 0x01, 0x00, 0x00, 0x20, 0x01, 0x00, 0x00, 
0x22, 0x01, 0x00, 0x00, 0x16, 0x01, 0x03, 0x00, 0x15, 0x01, 0x03, 0x00, 0x17, 0x01, 0x7f, 0x00, 
0x2f, 0x01, 0x01, 0x00, 0x05, 0x00, 0x01, 0x00, 0x00, 0x40, 0x00, 0x00, 0x9b, 0x00, 0x02, 0x00, 
0x0b, 0x01, 0x14, 0x00, 0x0c, 0x01, 0x14, 0x00, 0x0a, 0x01, 0x14, 0x00, 0x06, 0x40, 0x00, 0x00, 
0x01, 0x00, 0x00, 0x00, 0x05, 0x40, 0x00, 0x00, 0xf0, 0x13, 0x00, 0x00, 0x04, 0x40, 0x00, 0x00, 
0xe8, 0x00, 0x00, 0x00, 0x09, 0x01, 0x93, 0xff, 0x05, 0x01, 0x01, 0x00, 0x10, 0x40, 0x00, 0x00, 
0xc0, 0x11, 0x04, 0x00, 0x16, 0x40, 0x00, 0x00, 0xa0, 0x00, 0x00, 0x00, 0x15, 0x40, 0x00, 0x00, 
0xa0, 0x00, 0x00, 0x00, 0x14, 0x40, 0x00, 0x00, 0x10, 0x00, 0x00, 0x00, 0x14, 0x01, 0x41, 0x00, 
0x21, 0x01, 0x02, 0x00, 0x20, 0x01, 0x02, 0x00, 0x22, 0x01, 0x07, 0x00, 0x20, 0x40, 0x00, 0x00, 
0x30, 0xc6, 0x00, 0x00, 0x22, 0x40, 0x00, 0x00, 0x20, 0xc6, 0x00, 0x00, 0x16, 0x01, 0x05, 0x00, 
0x15, 0x01, 0x09, 0x00, 0x17, 0x01, 0x07, 0x00, 0x2f, 0x01, 0x03, 0x00, 0x02, 0x00, 0x00, 0x00, 
0x00, 0x40, 0x00, 0x00, 0xc0, 0x11, 0x04, 0x00, 0x0b, 0x01, 0x09, 0x00, 0x0c, 0x01, 0x09, 0x00, 
0x0a, 0x01, 0x09, 0x00, 0x06, 0x40, 0x00, 0x00, 0xa0, 0x00, 0x00, 0x00, 0x05, 0x40, 0x00, 0x00, 
0xa0, 0x00, 0x00, 0x00, 0x04, 0x40, 0x00, 0x00, 0x10, 0x00, 0x00, 0x00, 0x09, 0x01, 0xf3, 0xff, 
0x05, 0x01, 0x41, 0x00, 0x10, 0x40, 0x00, 0x00, 0x3b, 0xb7, 0x03, 0x00, 0x16, 0x40, 0x00, 0x00, 
0x01, 0x00, 0x00, 0x00, 0x15, 0x40, 0x00, 0x00, 0x10, 0x09, 0x00, 0x00, 0x14, 0x40, 0x00, 0x00, 
0xe8, 0x00, 0x00, 0x00, 0x14, 0x01, 0x01, 0x81, 0x21, 0x01, 0x00, 0x00, 0x20, 0x01, 0x00, 0x00, 
0x22, 0x01, 0x00, 0x00, 0x16, 0x01, 0x03, 0x00, 0x15, 0x01, 0x03, 0x00, 0x17, 0x01, 0x7f, 0x00, 
0x2f, 0x01, 0x01, 0x00, 0x05, 0x00, 0x01, 0x00, 0x00, 0x40, 0x00, 0x00, 0x9c, 0x00, 0x02, 0x00, 
0x0b, 0x01, 0x14, 0x00, 0x0c, 0x01, 0x14, 0x00, 0x0a, 0x01, 0x14, 0x00, 0x06, 0x40, 0x00, 0x00, 
0x01, 0x00, 0x00, 0x00, 0x05, 0x40, 0x00, 0x00, 0xf0, 0x13, 0x00, 0x00, 0x04, 0x40, 0x00, 0x00, 
0xe8, 0x00, 0x00, 0x00, 0x09, 0x01, 0x93, 0xff, 0x05, 0x01, 0x01, 0x00, 0x10, 0x40, 0x00, 0x00, 
0xc0, 0x11, 0x04, 0x00, 0x16, 0x40, 0x00, 0x00, 0xa0, 0x00, 0x00, 0x00, 0x15, 0x40, 0x00, 0x00, 
0xa0, 0x00, 0x00, 0x00, 0x14, 0x40, 0x00, 0x00, 0x10, 0x00, 0x00, 0x00, 0x14, 0x01, 0x41, 0x00, 
0x21, 0x01, 0x02, 0x00, 0x20, 0x01, 0x02, 0x00, 0x22, 0x01, 0x07, 0x00, 0x20, 0x40, 0x00, 0x00, 
0x70, 0xc6, 0x00, 0x00, 0x22, 0x40, 0x00, 0x00, 0x60, 0xc6, 0x00, 0x00, 0x16, 0x01, 0x05, 0x00, 
0x15, 0x01, 0x09, 0x00, 0x17, 0x01, 0x07, 0x00, 0x2f, 0x01, 0x03, 0x00, 0x02, 0x00, 0x00, 0x00, 
0x00, 0x40, 0x00, 0x00, 0xc0, 0x11, 0x04, 0x00, 0x0b, 0x01, 0x09, 0x00, 0x0c, 0x01, 0x09, 0x00, 
0x0a, 0x01, 0x09, 0x00, 0x06, 0x40, 0x00, 0x00, 0xa0, 0x00, 0x00, 0x00, 0x05, 0x40, 0x00, 0x00, 
0xa0, 0x00, 0x00, 0x00, 0x04, 0x40, 0x00, 0x00, 0x10, 0x00, 0x00, 0x00, 0x09, 0x01, 0xf3, 0xff, 
0x05, 0x01, 0x41, 0x00, 0x10, 0x40, 0x00, 0x00, 0x3c, 0xb7, 0x03, 0x00, 0x16, 0x40, 0x00, 0x00, 
0x01, 0x00, 0x00, 0x00, 0x15, 0x40, 0x00, 0x00, 0x10, 0x09, 0x00, 0x00, 0x14, 0x40, 0x00, 0x00, 
0xe8, 0x00, 0x00, 0x00, 0x14, 0x01, 0x01, 0x81, 0x21, 0x01, 0x00, 0x00, 0x20, 0x01, 0x00, 0x00, 
0x22, 0x01, 0x00, 0x00, 0x16, 0x01, 0x03, 0x00, 0x15, 0x01, 0x03, 0x00, 0x17, 0x01, 0x7f, 0x00, 
0x2f, 0x01, 0x01, 0x00, 0x05, 0x00, 0x01, 0x00, 0x00, 0x40, 0x00, 0x00, 0x9d, 0x00, 0x02, 0x00, 
0x0b, 0x01, 0x14, 0x00, 0x0c, 0x01, 0x14, 0x00, 0x0a, 0x01, 0x14, 0x00, 0x06, 0x40, 0x00, 0x00, 
0x01, 0x00, 0x00, 0x00, 0x05, 0x40, 0x00, 0x00, 0xf0, 0x13, 0x00, 0x00, 0x04, 0x40, 0x00, 0x00, 
0xe8, 0x00, 0x00, 0x00, 0x09, 0x01, 0x93, 0xff, 0x05, 0x01, 0x01, 0x00, 0x10, 0x40, 0x00, 0x00, 
0xc0, 0x11, 0x04, 0x00, 0x16, 0x40, 0x00, 0x00, 0xa0, 0x00, 0x00, 0x00, 0x15, 0x40, 0x00, 0x00, 
0xa0, 0x00, 0x00, 0x00, 0x14, 0x40, 0x00, 0x00, 0x10, 0x00, 0x00, 0x00, 0x14, 0x01, 0x41, 0x00, 
0x21, 0x01, 0x02, 0x00, 0x20, 0x01, 0x02, 0x00, 0x22, 0x01, 0x07, 0x00, 0x20, 0x40, 0x00, 0x00, 
0xb0, 0xc6, 0x00, 0x00, 0x22, 0x40, 0x00, 0x00, 0xa0, 0xc6, 0x00, 0x00, 0x16, 0x01, 0x05, 0x00, 
0x15, 0x01, 0x09, 0x00, 0x17, 0x01, 0x07, 0x00, 0x2f, 0x01, 0x03, 0x00, 0x02, 0x00, 0x00, 0x00, 
0x00, 0x40, 0x00, 0x00, 0xc0, 0x11, 0x04, 0x00, 0x0b, 0x01, 0x09, 0x00, 0x0c, 0x01, 0x09, 0x00, 
0x0a, 0x01, 0x09, 0x00, 0x06, 0x40, 0x00, 0x00, 0xa0, 0x00, 0x00, 0x00, 0x05, 0x40, 0x00, 0x00, 
0xa0, 0x00, 0x00, 0x00, 0x04, 0x40, 0x00, 0x00, 0x10, 0x00, 0x00, 0x00, 0x09, 0x01, 0xf3, 0xff, 
0x05, 0x01, 0x41, 0x00, 0x10, 0x40, 0x00, 0x00, 0x3d, 0xb7, 0x03, 0x00, 0x16, 0x40, 0x00, 0x00, 
0x01, 0x00, 0x00, 0x00, 0x15, 0x40, 0x00, 0x00, 0x10, 0x09, 0x00, 0x00, 0x14, 0x40, 0x00, 0x00, 
0xe8, 0x00, 0x00, 0x00, 0x14, 0x01, 0x01, 0x81, 0x21, 0x01, 0x00, 0x00, 0x20, 0x01, 0x00, 0x00, 
0x22, 0x01, 0x00, 0x00, 0x16, 0x01, 0x03, 0x00, 0x15, 0x01, 0x03, 0x00, 0x17, 0x01, 0x7f, 0x00, 
0x2f, 0x01, 0x01, 0x00, 0x05, 0x00, 0x01, 0x00, 0x00, 0x40, 0x00, 0x00, 0x9e, 0x00, 0x02, 0x00, 
0x0b, 0x01, 0x14, 0x00, 0x0c, 0x01, 0x14, 0x00, 0x0a, 0x01, 0x14, 0x00, 0x06, 0x40, 0x00, 0x00, 
0x01, 0x00, 0x00, 0x00, 0x05, 0x40, 0x00, 0x00, 0xf0, 0x13, 0x00, 0x00, 0x04, 0x40, 0x00, 0x00, 
0xe8, 0x00, 0x00, 0x00, 0x09, 0x01, 0x93, 0xff, 0x05, 0x01, 0x01, 0x00, 0x10, 0x40, 0x00, 0x00, 
0xc0, 0x11, 0x04, 0x00, 0x16, 0x40, 0x00, 0x00, 0xa0, 0x00, 0x00, 0x00, 0x15, 0x40, 0x00, 0x00, 
0xa0, 0x00, 0x00, 0x00, 0x14, 0x40, 0x00, 0x00, 0x10, 0x00, 0x00, 0x00, 0x14, 0x01, 0x41, 0x00, 
0x21, 0x01, 0x02, 0x00, 0x20, 0x01, 0x02, 0x00, 0x22, 0x01, 0x07, 0x00, 0x20, 0x40, 0x00, 0x00, 
0xf0, 0xc6, 0x00, 0x00, 0x22, 0x40, 0x00, 0x00, 0xe0, 0xc6, 0x00, 0x00, 0x16, 0x01, 0x05, 0x00, 
0x15, 0x01, 0x09, 0x00, 0x17, 0x01, 0x07, 0x00, 0x2f, 0x01, 0x03, 0x00, 0x02, 0x00, 0x00, 0x00, 
0x00, 0x40, 0x00, 0x00, 0xc0, 0x11, 0x04, 0x00, 0x0b, 0x01, 0x09, 0x00, 0x0c, 0x01, 0x09, 0x00, 
0x0a, 0x01, 0x09, 0x00, 0x06, 0x40, 0x00, 0x00, 0xa0, 0x00, 0x00, 0x00, 0x05, 0x40, 0x00, 0x00, 
0xa0, 0x00, 0x00, 0x00, 0x04, 0x40, 0x00, 0x00, 0x10, 0x00, 0x00, 0x00, 0x09, 0x01, 0xf3, 0xff, 
0x05, 0x01, 0x41, 0x00, 0x10, 0x40, 0x00, 0x00, 0x3e, 0xb7, 0x03, 0x00, 0x16, 0x40, 0x00, 0x00, 
0x01, 0x00, 0x00, 0x00, 0x15, 0x40, 0x00, 0x00, 0x10, 0x09, 0x00, 0x00, 0x14, 0x40, 0x00, 0x00, 
0xe8, 0x00, 0x00, 0x00, 0x14, 0x01, 0x01, 0x81, 0x21, 0x01, 0x00, 0x00, 0x20, 0x01, 0x00, 0x00, 
0x22, 0x01, 0x00, 0x00, 0x16, 0x01, 0x03, 0x00, 0x15, 0x01, 0x03, 0x00, 0x17, 0x01, 0x7f, 0x00, 
0x2f, 0x01, 0x01, 0x00, 0x05, 0x00, 0x01, 0x00, 0x00, 0x40, 0x00, 0x00, 0x9f, 0x00, 0x02, 0x00, 
0x0b, 0x01, 0x14, 0x00, 0x0c, 0x01, 0x14, 0x00, 0x0a, 0x01, 0x14, 0x00, 0x06, 0x40, 0x00, 0x00, 
0x01, 0x00, 0x00, 0x00, 0x05, 0x40, 0x00, 0x00, 0xf0, 0x13, 0x00, 0x00, 0x04, 0x40, 0x00, 0x00, 
0xe8, 0x00, 0x00, 0x00, 0x09, 0x01, 0x93, 0xff, 0x05, 0x01, 0x01, 0x00, 0x10, 0x40, 0x00, 0x00, 
0xc0, 0x11, 0x04, 0x00, 0x16, 0x40, 0x00, 0x00, 0xa0, 0x00, 0x00, 0x00, 0x15, 0x40, 0x00, 0x00, 
0xa0, 0x00, 0x00, 0x00, 0x14, 0x40, 0x00, 0x00, 0x10, 0x00, 0x00, 0x00, 0x14, 0x01, 0x41, 0x00, 
0x21, 0x01, 0x02, 0x00, 0x20, 0x01, 0x02, 0x00, 0x22, 0x01, 0x07, 0x00, 0x20, 0x40, 0x00, 0x00, 
0x30, 0xc7, 0x00, 0x00, 0x22, 0x40, 0x00, 0x00, 0x20, 0xc7, 0x00, 0x00, 0x16, 0x01, 0x05, 0x00, 
0x15, 0x01, 0x09, 0x00, 0x17, 0x01, 0x07, 0x00, 0x2f, 0x01, 0x03, 0x00, 0x02, 0x00, 0x00, 0x00, 
0x00, 0x40, 0x00, 0x00, 0xc0, 0x11, 0x04, 0x00, 0x0b, 0x01, 0x09, 0x00, 0x0c, 0x01, 0x09, 0x00, 
0x0a, 0x01, 0x09, 0x00, 0x06, 0x40, 0x00, 0x00, 0xa0, 0x00, 0x00, 0x00, 0x05, 0x40, 0x00, 0x00, 
0xa0, 0x00, 0x00, 0x00, 0x04, 0x40, 0x00, 0x00, 0x10, 0x00, 0x00, 0x00, 0x09, 0x01, 0xf3, 0xff, 
0x05, 0x01, 0x41, 0x00, 0x10, 0x40, 0x00, 0x00, 0x3f, 0xb7, 0x03, 0x00, 0x16, 0x40, 0x00, 0x00, 
0x01, 0x00, 0x00, 0x00, 0x15, 0x40, 0x00, 0x00, 0x10, 0x09, 0x00, 0x00, 0x14, 0x40, 0x00, 0x00, 
0xe8, 0x00, 0x00, 0x00, 0x14, 0x01, 0x01, 0x81, 0x21, 0x01, 0x00, 0x00, 0x20, 0x01, 0x00, 0x00, 
0x22, 0x01, 0x00, 0x00, 0x16, 0x01, 0x03, 0x00, 0x15, 0x01, 0x03, 0x00, 0x17, 0x01, 0x7f, 0x00, 
0x2f, 0x01, 0x01, 0x00, 0x05, 0x00, 0x01, 0x00, 0x00, 0x40, 0x00, 0x00, 0xa0, 0x00, 0x02, 0x00, 
0x0b, 0x01, 0x14, 0x00, 0x0c, 0x01, 0x14, 0x00, 0x0a, 0x01, 0x14, 0x00, 0x06, 0x40, 0x00, 0x00, 
0x01, 0x00, 0x00, 0x00, 0x05, 0x40, 0x00, 0x00, 0xf0, 0x13, 0x00, 0x00, 0x04, 0x40, 0x00, 0x00, 
0xe8, 0x00, 0x00, 0x00, 0x09, 0x01, 0x93, 0xff, 0x05, 0x01, 0x01, 0x00, 0x10, 0x40, 0x00, 0x00, 
0xc0, 0x11, 0x04, 0x00, 0x16, 0x40, 0x00, 0x00, 0xa0, 0x00, 0x00, 0x00, 0x15, 0x40, 0x00, 0x00, 
0xa0, 0x00, 0x00, 0x00, 0x14, 0x40, 0x00, 0x00, 0x10, 0x00, 0x00, 0x00, 0x14, 0x01, 0x41, 0x00, 
0x21, 0x01, 0x02, 0x00, 0x20, 0x01, 0x02, 0x00, 0x22, 0x01, 0x07, 0x00, 0x20, 0x40, 0x00, 0x00, 
0x70, 0xc7, 0x00, 0x00, 0x22, 0x40, 0x00, 0x00, 0x60, 0xc7, 0x00, 0x00, 0x16, 0x01, 0x05, 0x00, 
0x15, 0x01, 0x09, 0x00, 0x17, 0x01, 0x07, 0x00, 0x2f, 0x01, 0x03, 0x00, 0x02, 0x00, 0x00, 0x00, 
0x00, 0x40, 0x00, 0x00, 0xc0, 0x11, 0x04, 0x00, 0x0b, 0x01, 0x09, 0x00, 0x0c, 0x01, 0x09, 0x00, 
0x0a, 0x01, 0x09, 0x00, 0x06, 0x40, 0x00, 0x00, 0xa0, 0x00, 0x00, 0x00, 0x05, 0x40, 0x00, 0x00, 
0xa0, 0x00, 0x00, 0x00, 0x04, 0x40, 0x00, 0x00, 0x10, 0x00, 0x00, 0x00, 0x09, 0x01, 0xf3, 0xff, 
0x05, 0x01, 0x41, 0x00, 0x10, 0x40, 0x00, 0x00, 0x40, 0xb7, 0x03, 0x00, 0x16, 0x40, 0x00, 0x00, 
0x01, 0x00, 0x00, 0x00, 0x15, 0x40, 0x00, 0x00, 0x10, 0x09, 0x00, 0x00, 0x14, 0x40, 0x00, 0x00, 
0xe8, 0x00, 0x00, 0x00, 0x14, 0x01, 0x01, 0x81, 0x21, 0x01, 0x00, 0x00, 0x20, 0x01, 0x00, 0x00, 
0x22, 0x01, 0x00, 0x00, 0x16, 0x01, 0x03, 0x00, 0x15, 0x01, 0x03, 0x00, 0x17, 0x01, 0x7f, 0x00, 
0x2f, 0x01, 0x01, 0x00, 0x05, 0x00, 0x01, 0x00, 0x00, 0x40, 0x00, 0x00, 0xa1, 0x00, 0x02, 0x00, 
0x0b, 0x01, 0x14, 0x00, 0x0c, 0x01, 0x14, 0x00, 0x0a, 0x01, 0x14, 0x00, 0x06, 0x40, 0x00, 0x00, 
0x01, 0x00, 0x00, 0x00, 0x05, 0x40, 0x00, 0x00, 0xf0, 0x13, 0x00, 0x00, 0x04, 0x40, 0x00, 0x00, 
0xe8, 0x00, 0x00, 0x00, 0x09, 0x01, 0x93, 0xff, 0x05, 0x01, 0x01, 0x00, 0x10, 0x40, 0x00, 0x00, 
0xc0, 0x11, 0x04, 0x00, 0x16, 0x40, 0x00, 0x00, 0xa0, 0x00, 0x00, 0x00, 0x15, 0x40, 0x00, 0x00, 
0xa0, 0x00, 0x00, 0x00, 0x14, 0x40, 0x00, 0x00, 0x10, 0x00, 0x00, 0x00, 0x14, 0x01, 0x41, 0x00, 
0x21, 0x01, 0x02, 0x00, 0x20, 0x01, 0x02, 0x00, 0x22, 0x01, 0x07, 0x00, 0x20, 0x40, 0x00, 0x00, 
0xb0, 0xc7, 0x00, 0x00, 0x22, 0x40, 0x00, 0x00, 0xa0, 0xc7, 0x00, 0x00, 0x16, 0x01, 0x05, 0x00, 
0x15, 0x01, 0x09, 0x00, 0x17, 0x01, 0x07, 0x00, 0x2f, 0x01, 0x03, 0x00, 0x02, 0x00, 0x00, 0x00, 
0x00, 0x40, 0x00, 0x00, 0xc0, 0x11, 0x04, 0x00, 0x0b, 0x01, 0x09, 0x00, 0x0c, 0x01, 0x09, 0x00, 
0x0a, 0x01, 0x09, 0x00, 0x06, 0x40, 0x00, 0x00, 0xa0, 0x00, 0x00, 0x00, 0x05, 0x40, 0x00, 0x00, 
0xa0, 0x00, 0x00, 0x00, 0x04, 0x40, 0x00, 0x00, 0x10, 0x00, 0x00, 0x00, 0x09, 0x01, 0xf3, 0xff, 
0x05, 0x01, 0x41, 0x00, 0x10, 0x40, 0x00, 0x00, 0x41, 0xb7, 0x03, 0x00, 0x16, 0x40, 0x00, 0x00, 
0x01, 0x00, 0x00, 0x00, 0x15, 0x40, 0x00, 0x00, 0x10, 0x09, 0x00, 0x00, 0x14, 0x40, 0x00, 0x00, 
0xe8, 0x00, 0x00, 0x00, 0x14, 0x01, 0x01, 0x81, 0x21, 0x01, 0x00, 0x00, 0x20, 0x01, 0x00, 0x00, 
0x22, 0x01, 0x00, 0x00, 0x16, 0x01, 0x03, 0x00, 0x15, 0x01, 0x03, 0x00, 0x17, 0x01, 0x7f, 0x00, 
0x2f, 0x01, 0x01, 0x00, 0x05, 0x00, 0x01, 0x00, 0x00, 0x40, 0x00, 0x00, 0xa2, 0x00, 0x02, 0x00, 
0x0b, 0x01, 0x14, 0x00, 0x0c, 0x01, 0x14, 0x00, 0x0a, 0x01, 0x14, 0x00, 0x06, 0x40, 0x00, 0x00, 
0x01, 0x00, 0x00, 0x00, 0x05, 0x40, 0x00, 0x00, 0xf0, 0x13, 0x00, 0x00, 0x04, 0x40, 0x00, 0x00, 
0xe8, 0x00, 0x00, 0x00, 0x09, 0x01, 0x93, 0xff, 0x05, 0x01, 0x01, 0x00, 0x10, 0x40, 0x00, 0x00, 
0xc0, 0x11, 0x04, 0x00, 0x16, 0x40, 0x00, 0x00, 0xa0, 0x00, 0x00, 0x00, 0x15, 0x40, 0x00, 0x00, 
0xa0, 0x00, 0x00, 0x00, 0x14, 0x40, 0x00, 0x00, 0x10, 0x00, 0x00, 0x00, 0x14, 0x01, 0x41, 0x00, 
0x21, 0x01, 0x02, 0x00, 0x20, 0x01, 0x02, 0x00, 0x22, 0x01, 0x07, 0x00, 0x20, 0x40, 0x00, 0x00, 
0xf0, 0xc7, 0x00, 0x00, 0x22, 0x40, 0x00, 0x00, 0xe0, 0xc7, 0x00, 0x00, 0x16, 0x01, 0x05, 0x00, 
0x15, 0x01, 0x09, 0x00, 0x17, 0x01, 0x07, 0x00, 0x2f, 0x01, 0x03, 0x00, 0x02, 0x00, 0x00, 0x00, 
0x00, 0x40, 0x00, 0x00, 0xc0, 0x11, 0x04, 0x00, 0x0b, 0x01, 0x09, 0x00, 0x0c, 0x01, 0x09, 0x00, 
0x0a, 0x01, 0x09, 0x00, 0x06, 0x40, 0x00, 0x00, 0xa0, 0x00, 0x00, 0x00, 0x05, 0x40, 0x00, 0x00, 
0xa0, 0x00, 0x00, 0x00, 0x04, 0x40, 0x00, 0x00, 0x10, 0x00, 0x00, 0x00, 0x09, 0x01, 0xf3, 0xff, 
0x05, 0x01, 0x41, 0x00, 0x10, 0x40, 0x00, 0x00, 0x42, 0xb7, 0x03, 0x00, 0x16, 0x40, 0x00, 0x00, 
0x01, 0x00, 0x00, 0x00, 0x15, 0x40, 0x00, 0x00, 0x10, 0x09, 0x00, 0x00, 0x14, 0x40, 0x00, 0x00, 
0xe8, 0x00, 0x00, 0x00, 0x14, 0x01, 0x01, 0x81, 0x21, 0x01, 0x00, 0x00, 0x20, 0x01, 0x00, 0x00, 
0x22, 0x01, 0x00, 0x00, 0x16, 0x01, 0x03, 0x00, 0x15, 0x01, 0x03, 0x00, 0x17, 0x01, 0x7f, 0x00, 
0x2f, 0x01, 0x01, 0x00, 0x05, 0x00, 0x01, 0x00, 0x00, 0x40, 0x00, 0x00, 0xa3, 0x00, 0x02, 0x00, 
0x0b, 0x01, 0x14, 0x00, 0x0c, 0x01, 0x14, 0x00, 0x0a, 0x01, 0x14, 0x00, 0x06, 0x40, 0x00, 0x00, 
0x01, 0x00, 0x00, 0x00, 0x05, 0x40, 0x00, 0x00, 0xf0, 0x13, 0x00, 0x00, 0x04, 0x40, 0x00, 0x00, 
0xe8, 0x00, 0x00, 0x00, 0x09, 0x01, 0x93, 0xff, 0x05, 0x01, 0x01, 0x00, 0x10, 0x40, 0x00, 0x00, 
0xc0, 0x11, 0x04, 0x00, 0x16, 0x40, 0x00, 0x00, 0xa0, 0x00, 0x00, 0x00, 0x15, 0x40, 0x00, 0x00, 
0xa0, 0x00, 0x00, 0x00, 0x14, 0x40, 0x00, 0x00, 0x10, 0x00, 0x00, 0x00, 0x14, 0x01, 0x41, 0x00, 
0x21, 0x01, 0x02, 0x00, 0x20, 0x01, 0x02, 0x00, 0x22, 0x01, 0x07, 0x00, 0x20, 0x40, 0x00, 0x00, 
0x30, 0xc8, 0x00, 0x00, 0x22, 0x40, 0x00, 0x00, 0x20, 0xc8, 0x00, 0x00, 0x16, 0x01, 0x05, 0x00, 
0x15, 0x01, 0x09, 0x00, 0x17, 0x01, 0x07, 0x00, 0x2f, 0x01, 0x03, 0x00, 0x02, 0x00, 0x00, 0x00, 
0x00, 0x40, 0x00, 0x00, 0xc0, 0x11, 0x04, 0x00, 0x0b, 0x01, 0x09, 0x00, 0x0c, 0x01, 0x09, 0x00, 
0x0a, 0x01, 0x09, 0x00, 0x06, 0x40, 0x00, 0x00, 0xa0, 0x00, 0x00, 0x00, 0x05, 0x40, 0x00, 0x00, 
0xa0, 0x00, 0x00, 0x00, 0x04, 0x40, 0x00, 0x00, 0x10, 0x00, 0x00, 0x00, 0x09, 0x01, 0xf3, 0xff, 
0x05, 0x01, 0x41, 0x00, 0x10, 0x40, 0x00, 0x00, 0x43, 0xb7, 0x03, 0x00, 0x16, 0x40, 0x00, 0x00, 
0x01, 0x00, 0x00, 0x00, 0x15, 0x40, 0x00, 0x00, 0x10, 0x09, 0x00, 0x00, 0x14, 0x40, 0x00, 0x00, 
0xe8, 0x00, 0x00, 0x00, 0x14, 0x01, 0x01, 0x81, 0x21, 0x01, 0x00, 0x00, 0x20, 0x01, 0x00, 0x00, 
0x22, 0x01, 0x00, 0x00, 0x16, 0x01, 0x03, 0x00, 0x15, 0x01, 0x03, 0x00, 0x17, 0x01, 0x7f, 0x00, 
0x2f, 0x01, 0x01, 0x00, 0x05, 0x00, 0x01, 0x00, 0x00, 0x40, 0x00, 0x00, 0xa4, 0x00, 0x02, 0x00, 
0x0b, 0x01, 0x14, 0x00, 0x0c, 0x01, 0x14, 0x00, 0x0a, 0x01, 0x14, 0x00, 0x06, 0x40, 0x00, 0x00, 
0x01, 0x00, 0x00, 0x00, 0x05, 0x40, 0x00, 0x00, 0xf0, 0x13, 0x00, 0x00, 0x04, 0x40, 0x00, 0x00, 
0xe8, 0x00, 0x00, 0x00, 0x09, 0x01, 0x93, 0xff, 0x05, 0x01, 0x01, 0x00, 0x10, 0x40, 0x00, 0x00, 
0xc0, 0x11, 0x04, 0x00, 0x16, 0x40, 0x00, 0x00, 0xa0, 0x00, 0x00, 0x00, 0x15, 0x40, 0x00, 0x00, 
0xa0, 0x00, 0x00, 0x00, 0x14, 0x40, 0x00, 0x00, 0x10, 0x00, 0x00, 0x00, 0x14, 0x01, 0x41, 0x00, 
0x21, 0x01, 0x02, 0x00, 0x20, 0x01, 0x02, 0x00, 0x22, 0x01, 0x07, 0x00, 0x20, 0x40, 0x00, 0x00, 
0x70, 0xc8, 0x00, 0x00, 0x22, 0x40, 0x00, 0x00, 0x60, 0xc8, 0x00, 0x00, 0x16, 0x01, 0x05, 0x00, 
0x15, 0x01, 0x09, 0x00, 0x17, 0x01, 0x07, 0x00, 0x2f, 0x01, 0x03, 0x00, 0x02, 0x00, 0x00, 0x00, 
0x00, 0x40, 0x00, 0x00, 0xc0, 0x11, 0x04, 0x00, 0x0b, 0x01, 0x09, 0x00, 0x0c, 0x01, 0x09, 0x00, 
0x0a, 0x01, 0x09, 0x00, 0x06, 0x40, 0x00, 0x00, 0xa0, 0x00, 0x00, 0x00, 0x05, 0x40, 0x00, 0x00, 
0xa0, 0x00, 0x00, 0x00, 0x04, 0x40, 0x00, 0x00, 0x10, 0x00, 0x00, 0x00, 0x09, 0x01, 0xf3, 0xff, 
0x05, 0x01, 0x41, 0x00, 0x10, 0x40, 0x00, 0x00, 0x44, 0xb7, 0x03, 0x00, 0x16, 0x40, 0x00, 0x00, 
0x01, 0x00, 0x00, 0x00, 0x15, 0x40, 0x00, 0x00, 0x10, 0x09, 0x00, 0x00, 0x14, 0x40, 0x00, 0x00, 
0xe8, 0x00, 0x00, 0x00, 0x14, 0x01, 0x01, 0x81, 0x21, 0x01, 0x00, 0x00, 0x20, 0x01, 0x00, 0x00, 
0x22, 0x01, 0x00, 0x00, 0x16, 0x01, 0x03, 0x00, 0x15, 0x01, 0x03, 0x00, 0x17, 0x01, 0x7f, 0x00, 
0x2f, 0x01, 0x01, 0x00, 0x05, 0x00, 0x01, 0x00, 0x00, 0x40, 0x00, 0x00, 0xa5, 0x00, 0x02, 0x00, 
0x0b, 0x01, 0x14, 0x00, 0x0c, 0x01, 0x14, 0x00, 0x0a, 0x01, 0x14, 0x00, 0x06, 0x40, 0x00, 0x00, 
0x01, 0x00, 0x00, 0x00, 0x05, 0x40, 0x00, 0x00, 0xf0, 0x13, 0x00, 0x00, 0x04, 0x40, 0x00, 0x00, 
0xe8, 0x00, 0x00, 0x00, 0x09, 0x01, 0x93, 0xff, 0x05, 0x01, 0x01, 0x00, 0x10, 0x40, 0x00, 0x00, 
0xc0, 0x11, 0x04, 0x00, 0x16, 0x40, 0x00, 0x00, 0xa0, 0x00, 0x00, 0x00, 0x15, 0x40, 0x00, 0x00, 
0xa0, 0x00, 0x00, 0x00, 0x14, 0x40, 0x00, 0x00, 0x10, 0x00, 0x00, 0x00, 0x14, 0x01, 0x41, 0x00, 
0x21, 0x01, 0x02, 0x00, 0x20, 0x01, 0x02, 0x00, 0x22, 0x01, 0x07, 0x00, 0x20, 0x40, 0x00, 0x00, 
0xb0, 0xc8, 0x00, 0x00, 0x22, 0x40, 0x00, 0x00, 0xa0, 0xc8, 0x00, 0x00, 0x16, 0x01, 0x05, 0x00, 
0x15, 0x01, 0x09, 0x00, 0x17, 0x01, 0x07, 0x00, 0x2f, 0x01, 0x03, 0x00, 0x02, 0x00, 0x00, 0x00, 
0x00, 0x40, 0x00, 0x00, 0xc0, 0x11, 0x04, 0x00, 0x0b, 0x01, 0x09, 0x00, 0x0c, 0x01, 0x09, 0x00, 
0x0a, 0x01, 0x09, 0x00, 0x06, 0x40, 0x00, 0x00, 0xa0, 0x00, 0x00, 0x00, 0x05, 0x40, 0x00, 0x00, 
0xa0, 0x00, 0x00, 0x00, 0x04, 0x40, 0x00, 0x00, 0x10, 0x00, 0x00, 0x00, 0x09, 0x01, 0xf3, 0xff, 
0x05, 0x01, 0x41, 0x00, 0x10, 0x40, 0x00, 0x00, 0x45, 0xb7, 0x03, 0x00, 0x16, 0x40, 0x00, 0x00, 
0x01, 0x00, 0x00, 0x00, 0x15, 0x40, 0x00, 0x00, 0x10, 0x09, 0x00, 0x00, 0x14, 0x40, 0x00, 0x00, 
0xe8, 0x00, 0x00, 0x00, 0x14, 0x01, 0x01, 0x81, 0x21, 0x01, 0x00, 0x00, 0x20, 0x01, 0x00, 0x00, 
0x22, 0x01, 0x00, 0x00, 0x16, 0x01, 0x03, 0x00, 0x15, 0x01, 0x03, 0x00, 0x17, 0x01, 0x7f, 0x00, 
0x2f, 0x01, 0x01, 0x00, 0x05, 0x00, 0x01, 0x00, 0x00, 0x40, 0x00, 0x00, 0xa6, 0x00, 0x02, 0x00, 
0x0b, 0x01, 0x14, 0x00, 0x0c, 0x01, 0x14, 0x00, 0x0a, 0x01, 0x14, 0x00, 0x06, 0x40, 0x00, 0x00, 
0x01, 0x00, 0x00, 0x00, 0x05, 0x40, 0x00, 0x00, 0xf0, 0x13, 0x00, 0x00, 0x04, 0x40, 0x00, 0x00, 
0xe8, 0x00, 0x00, 0x00, 0x09, 0x01, 0x93, 0xff, 0x05, 0x01, 0x01, 0x00, 0x10, 0x40, 0x00, 0x00, 
0xc0, 0x11, 0x04, 0x00, 0x16, 0x40, 0x00, 0x00, 0xa0, 0x00, 0x00, 0x00, 0x15, 0x40, 0x00, 0x00, 
0xa0, 0x00, 0x00, 0x00, 0x14, 0x40, 0x00, 0x00, 0x10, 0x00, 0x00, 0x00, 0x14, 0x01, 0x41, 0x00, 
0x21, 0x01, 0x02, 0x00, 0x20, 0x01, 0x02, 0x00, 0x22, 0x01, 0x07, 0x00, 0x20, 0x40, 0x00, 0x00, 
0xf0, 0xc8, 0x00, 0x00, 0x22, 0x40, 0x00, 0x00, 0xe0, 0xc8, 0x00, 0x00, 0x16, 0x01, 0x05, 0x00, 
0x15, 0x01, 0x09, 0x00, 0x17, 0x01, 0x07, 0x00, 0x2f, 0x01, 0x03, 0x00, 0x02, 0x00, 0x00, 0x00, 
0x00, 0x40, 0x00, 0x00, 0xc0, 0x11, 0x04, 0x00, 0x0b, 0x01, 0x09, 0x00, 0x0c, 0x01, 0x09, 0x00, 
0x0a, 0x01, 0x09, 0x00, 0x06, 0x40, 0x00, 0x00, 0xa0, 0x00, 0x00, 0x00, 0x05, 0x40, 0x00, 0x00, 
0xa0, 0x00, 0x00, 0x00, 0x04, 0x40, 0x00, 0x00, 0x10, 0x00, 0x00, 0x00, 0x09, 0x01, 0xf3, 0xff, 
0x05, 0x01, 0x41, 0x00, 0x10, 0x40, 0x00, 0x00, 0x46, 0xb7, 0x03, 0x00, 0x16, 0x40, 0x00, 0x00, 
0x01, 0x00, 0x00, 0x00, 0x15, 0x40, 0x00, 0x00, 0x10, 0x09, 0x00, 0x00, 0x14, 0x40, 0x00, 0x00, 
0xe8, 0x00, 0x00, 0x00, 0x14, 0x01, 0x01, 0x81, 0x21, 0x01, 0x00, 0x00, 0x20, 0x01, 0x00, 0x00, 
0x22, 0x01, 0x00, 0x00, 0x16, 0x01, 0x03, 0x00, 0x15, 0x01, 0x03, 0x00, 0x17, 0x01, 0x7f, 0x00, 
0x2f, 0x01, 0x01, 0x00, 0x05, 0x00, 0x01, 0x00, 0x00, 0x40, 0x00, 0x00, 0xa7, 0x00, 0x02, 0x00, 
0x0b, 0x01, 0x14, 0x00, 0x0c, 0x01, 0x14, 0x00, 0x0a, 0x01, 0x14, 0x00, 0x06, 0x40, 0x00, 0x00, 
0x01, 0x00, 0x00, 0x00, 0x05, 0x40, 0x00, 0x00, 0xf0, 0x13, 0x00, 0x00, 0x04, 0x40, 0x00, 0x00, 
0xe8, 0x00, 0x00, 0x00, 0x09, 0x01, 0x93, 0xff, 0x05, 0x01, 0x01, 0x00, 0x10, 0x40, 0x00, 0x00, 
0xc0, 0x11, 0x04, 0x00, 0x16, 0x40, 0x00, 0x00, 0xa0, 0x00, 0x00, 0x00, 0x15, 0x40, 0x00, 0x00, 
0xa0, 0x00, 0x00, 0x00, 0x14, 0x40, 0x00, 0x00, 0x10, 0x00, 0x00, 0x00, 0x14, 0x01, 0x41, 0x00, 
0x21, 0x01, 0x02, 0x00, 0x20, 0x01, 0x02, 0x00, 0x22, 0x01, 0x07, 0x00, 0x20, 0x40, 0x00, 0x00, 
0x30, 0xc9, 0x00, 0x00, 0x22, 0x40, 0x00, 0x00, 0x20, 0xc9, 0x00, 0x00, 0x16, 0x01, 0x05, 0x00, 
0x15, 0x01, 0x09, 0x00, 0x17, 0x01, 0x07, 0x00, 0x2f, 0x01, 0x03, 0x00, 0x02, 0x00, 0x00, 0x00, 
0x00, 0x40, 0x00, 0x00, 0xc0, 0x11, 0x04, 0x00, 0x0b, 0x01, 0x09, 0x00, 0x0c, 0x01, 0x09, 0x00, 
0x0a, 0x01, 0x09, 0x00, 0x06, 0x40, 0x00, 0x00, 0xa0, 0x00, 0x00, 0x00, 0x05, 0x40, 0x00, 0x00, 
0xa0, 0x00, 0x00, 0x00, 0x04, 0x40, 0x00, 0x00, 0x10, 0x00, 0x00, 0x00, 0x09, 0x01, 0xf3, 0xff, 
0x05, 0x01, 0x41, 0x00, 0x10, 0x40, 0x00, 0x00, 0x47, 0xb7, 0x03, 0x00, 0x16, 0x40, 0x00, 0x00, 
0x01, 0x00, 0x00, 0x00, 0x15, 0x40, 0x00, 0x00, 0x10, 0x09, 0x00, 0x00, 0x14, 0x40, 0x00, 0x00, 
0xe8, 0x00, 0x00, 0x00, 0x14, 0x01, 0x01, 0x81, 0x21, 0x01, 0x00, 0x00, 0x20, 0x01, 0x00, 0x00, 
0x22, 0x01, 0x00, 0x00, 0x16, 0x01, 0x03, 0x00, 0x15, 0x01, 0x03, 0x00, 0x17, 0x01, 0x7f, 0x00, 
0x2f, 0x01, 0x01, 0x00, 0x05, 0x00, 0x01, 0x00, 0x00, 0x40, 0x00, 0x00, 0xa8, 0x00, 0x02, 0x00, 
0x0b, 0x01, 0x14, 0x00, 0x0c, 0x01, 0x14, 0x00, 0x0a, 0x01, 0x14, 0x00, 0x06, 0x40, 0x00, 0x00, 
0x01, 0x00, 0x00, 0x00, 0x05, 0x40, 0x00, 0x00, 0xf0, 0x13, 0x00, 0x00, 0x04, 0x40, 0x00, 0x00, 
0xe8, 0x00, 0x00, 0x00, 0x09, 0x01, 0x93, 0xff, 0x05, 0x01, 0x01, 0x00, 0x10, 0x40, 0x00, 0x00, 
0xc0, 0x11, 0x04, 0x00, 0x16, 0x40, 0x00, 0x00, 0xa0, 0x00, 0x00, 0x00, 0x15, 0x40, 0x00, 0x00, 
0xa0, 0x00, 0x00, 0x00, 0x14, 0x40, 0x00, 0x00, 0x10, 0x00, 0x00, 0x00, 0x14, 0x01, 0x41, 0x00, 
0x21, 0x01, 0x02, 0x00, 0x20, 0x01, 0x02, 0x00, 0x22, 0x01, 0x07, 0x00, 0x20, 0x40, 0x00, 0x00, 
0x70, 0xc9, 0x00, 0x00, 0x22, 0x40, 0x00, 0x00, 0x60, 0xc9, 0x00, 0x00, 0x16, 0x01, 0x05, 0x00, 
0x15, 0x01, 0x09, 0x00, 0x17, 0x01, 0x07, 0x00, 0x2f, 0x01, 0x03, 0x00, 0x02, 0x00, 0x00, 0x00, 
0x00, 0x40, 0x00, 0x00, 0xc0, 0x11, 0x04, 0x00, 0x0b, 0x01, 0x09, 0x00, 0x0c, 0x01, 0x09, 0x00, 
0x0a, 0x01, 0x09, 0x00, 0x06, 0x40, 0x00, 0x00, 0xa0, 0x00, 0x00, 0x00, 0x05, 0x40, 0x00, 0x00, 
0xa0, 0x00, 0x00, 0x00, 0x04, 0x40, 0x00, 0x00, 0x10, 0x00, 0x00, 0x00, 0x09, 0x01, 0xf3, 0xff, 
0x05, 0x01, 0x41, 0x00, 0x10, 0x40, 0x00, 0x00, 0x48, 0xb7, 0x03, 0x00, 0x16, 0x40, 0x00, 0x00, 
0x01, 0x00, 0x00, 0x00, 0x15, 0x40, 0x00, 0x00, 0x10, 0x09, 0x00, 0x00, 0x14, 0x40, 0x00, 0x00, 
0xe8, 0x00, 0x00, 0x00, 0x14, 0x01, 0x01, 0x81, 0x21, 0x01, 0x00, 0x00, 0x20, 0x01, 0x00, 0x00, 
0x22, 0x01, 0x00, 0x00, 0x16, 0x01, 0x03, 0x00, 0x15, 0x01, 0x03, 0x00, 0x17, 0x01, 0x7f, 0x00, 
0x2f, 0x01, 0x01, 0x00, 0x05, 0x00, 0x01, 0x00, 0x00, 0x40, 0x00, 0x00, 0xa9, 0x00, 0x02, 0x00, 
0x0b, 0x01, 0x14, 0x00, 0x0c, 0x01, 0x14, 0x00, 0x0a, 0x01, 0x14, 0x00, 0x06, 0x40, 0x00, 0x00, 
0x01, 0x00, 0x00, 0x00, 0x05, 0x40, 0x00, 0x00, 0xf0, 0x13, 0x00, 0x00, 0x04, 0x40, 0x00, 0x00, 
0xe8, 0x00, 0x00, 0x00, 0x09, 0x01, 0x93, 0xff, 0x05, 0x01, 0x01, 0x00, 0x10, 0x40, 0x00, 0x00, 
0xc0, 0x11, 0x04, 0x00, 0x16, 0x40, 0x00, 0x00, 0xa0, 0x00, 0x00, 0x00, 0x15, 0x40, 0x00, 0x00, 
0xa0, 0x00, 0x00, 0x00, 0x14, 0x40, 0x00, 0x00, 0x10, 0x00, 0x00, 0x00, 0x14, 0x01, 0x41, 0x00, 
0x21, 0x01, 0x02, 0x00, 0x20, 0x01, 0x02, 0x00, 0x22, 0x01, 0x07, 0x00, 0x20, 0x40, 0x00, 0x00, 
0xb0, 0xc9, 0x00, 0x00, 0x22, 0x40, 0x00, 0x00, 0xa0, 0xc9, 0x00, 0x00, 0x16, 0x01, 0x05, 0x00, 
0x15, 0x01, 0x09, 0x00, 0x17, 0x01, 0x07, 0x00, 0x2f, 0x01, 0x03, 0x00, 0x02, 0x00, 0x00, 0x00, 
0x00, 0x40, 0x00, 0x00, 0xc0, 0x11, 0x04, 0x00, 0x0b, 0x01, 0x09, 0x00, 0x0c, 0x01, 0x09, 0x00, 
0x0a, 0x01, 0x09, 0x00, 0x06, 0x40, 0x00, 0x00, 0xa0, 0x00, 0x00, 0x00, 0x05, 0x40, 0x00, 0x00, 
0xa0, 0x00, 0x00, 0x00, 0x04, 0x40, 0x00, 0x00, 0x10, 0x00, 0x00, 0x00, 0x09, 0x01, 0xf3, 0xff, 
0x05, 0x01, 0x41, 0x00, 0x10, 0x40, 0x00, 0x00, 0x49, 0xb7, 0x03, 0x00, 0x16, 0x40, 0x00, 0x00, 
0x01, 0x00, 0x00, 0x00, 0x15, 0x40, 0x00, 0x00, 0x10, 0x09, 0x00, 0x00, 0x14, 0x40, 0x00, 0x00, 
0xe8, 0x00, 0x00, 0x00, 0x14, 0x01, 0x01, 0x81, 0x21, 0x01, 0x00, 0x00, 0x20, 0x01, 0x00, 0x00, 
0x22, 0x01, 0x00, 0x00, 0x16, 0x01, 0x03, 0x00, 0x15, 0x01, 0x03, 0x00, 0x17, 0x01, 0x7f, 0x00, 
0x2f, 0x01, 0x01, 0x00, 0x05, 0x00, 0x01, 0x00, 0x00, 0x40, 0x00, 0x00, 0xaa, 0x00, 0x02, 0x00, 
0x0b, 0x01, 0x14, 0x00, 0x0c, 0x01, 0x14, 0x00, 0x0a, 0x01, 0x14, 0x00, 0x06, 0x40, 0x00, 0x00, 
0x01, 0x00, 0x00, 0x00, 0x05, 0x40, 0x00, 0x00, 0xf0, 0x13, 0x00, 0x00, 0x04, 0x40, 0x00, 0x00, 
0xe8, 0x00, 0x00, 0x00, 0x09, 0x01, 0x93, 0xff, 0x05, 0x01, 0x01, 0x00, 0x10, 0x40, 0x00, 0x00, 
0xc0, 0x11, 0x04, 0x00, 0x16, 0x40, 0x00, 0x00, 0xa0, 0x00, 0x00, 0x00, 0x15, 0x40, 0x00, 0x00, 
0xa0, 0x00, 0x00, 0x00, 0x14, 0x40, 0x00, 0x00, 0x10, 0x00, 0x00, 0x00, 0x14, 0x01, 0x41, 0x00, 
0x21, 0x01, 0x02, 0x00, 0x20, 0x01, 0x02, 0x00, 0x22, 0x01, 0x07, 0x00, 0x20, 0x40, 0x00, 0x00, 
0xf0, 0xc9, 0x00, 0x00, 0x22, 0x40, 0x00, 0x00, 0xe0, 0xc9, 0x00, 0x00, 0x16, 0x01, 0x05, 0x00, 
0x15, 0x01, 0x09, 0x00, 0x17, 0x01, 0x07, 0x00, 0x2f, 0x01, 0x03, 0x00, 0x02, 0x00, 0x00, 0x00, 
0x00, 0x40, 0x00, 0x00, 0xc0, 0x11, 0x04, 0x00, 0x0b, 0x01, 0x09, 0x00, 0x0c, 0x01, 0x09, 0x00, 
0x0a, 0x01, 0x09, 0x00, 0x06, 0x40, 0x00, 0x00, 0xa0, 0x00, 0x00, 0x00, 0x05, 0x40, 0x00, 0x00, 
0xa0, 0x00, 0x00, 0x00, 0x04, 0x40, 0x00, 0x00, 0x10, 0x00, 0x00, 0x00, 0x09, 0x01, 0xf3, 0xff, 
0x05, 0x01, 0x41, 0x00, 0x10, 0x40, 0x00, 0x00, 0x4a, 0xb7, 0x03, 0x00, 0x16, 0x40, 0x00, 0x00, 
0x01, 0x00, 0x00, 0x00, 0x15, 0x40, 0x00, 0x00, 0x10, 0x09, 0x00, 0x00, 0x14, 0x40, 0x00, 0x00, 
0xe8, 0x00, 0x00, 0x00, 0x14, 0x01, 0x01, 0x81, 0x21, 0x01, 0x00, 0x00, 0x20, 0x01, 0x00, 0x00, 
0x22, 0x01, 0x00, 0x00, 0x16, 0x01, 0x03, 0x00, 0x15, 0x01, 0x03, 0x00, 0x17, 0x01, 0x7f, 0x00, 
0x2f, 0x01, 0x01, 0x00, 0x05, 0x00, 0x01, 0x00, 0x00, 0x40, 0x00, 0x00, 0xab, 0x00, 0x02, 0x00, 
0x0b, 0x01, 0x14, 0x00, 0x0c, 0x01, 0x14, 0x00, 0x0a, 0x01, 0x14, 0x00, 0x06, 0x40, 0x00, 0x00, 
0x01, 0x00, 0x00, 0x00, 0x05, 0x40, 0x00, 0x00, 0xf0, 0x13, 0x00, 0x00, 0x04, 0x40, 0x00, 0x00, 
0xe8, 0x00, 0x00, 0x00, 0x09, 0x01, 0x93, 0xff, 0x05, 0x01, 0x01, 0x00, 0x10, 0x40, 0x00, 0x00, 
0xc0, 0x11, 0x04, 0x00, 0x16, 0x40, 0x00, 0x00, 0xa0, 0x00, 0x00, 0x00, 0x15, 0x40, 0x00, 0x00, 
0xa0, 0x00, 0x00, 0x00, 0x14, 0x40, 0x00, 0x00, 0x10, 0x00, 0x00, 0x00, 0x14, 0x01, 0x41, 0x00, 
0x21, 0x01, 0x02, 0x00, 0x20, 0x01, 0x02, 0x00, 0x22, 0x01, 0x07, 0x00, 0x20, 0x40, 0x00, 0x00, 
0x30, 0xca, 0x00, 0x00, 0x22, 0x40, 0x00, 0x00, 0x20, 0xca, 0x00, 0x00, 0x16, 0x01, 0x05, 0x00, 
0x15, 0x01, 0x09, 0x00, 0x17, 0x01, 0x07, 0x00, 0x2f, 0x01, 0x03, 0x00, 0x02, 0x00, 0x00, 0x00, 
0x00, 0x40, 0x00, 0x00, 0xc0, 0x11, 0x04, 0x00, 0x0b, 0x01, 0x09, 0x00, 0x0c, 0x01, 0x09, 0x00, 
0x0a, 0x01, 0x09, 0x00, 0x06, 0x40, 0x00, 0x00, 0xa0, 0x00, 0x00, 0x00, 0x05, 0x40, 0x00, 0x00, 
0xa0, 0x00, 0x00, 0x00, 0x04, 0x40, 0x00, 0x00, 0x10, 0x00, 0x00, 0x00, 0x09, 0x01, 0xf3, 0xff, 
0x05, 0x01, 0x41, 0x00, 0x10, 0x40, 0x00, 0x00, 0x4b, 0xb7, 0x03, 0x00, 0x16, 0x40, 0x00, 0x00, 
0x01, 0x00, 0x00, 0x00, 0x15, 0x40, 0x00, 0x00, 0x10, 0x09, 0x00, 0x00, 0x14, 0x40, 0x00, 0x00, 
0xe8, 0x00, 0x00, 0x00, 0x14, 0x01, 0x01, 0x81, 0x21, 0x01, 0x00, 0x00, 0x20, 0x01, 0x00, 0x00, 
0x22, 0x01, 0x00, 0x00, 0x16, 0x01, 0x03, 0x00, 0x15, 0x01, 0x03, 0x00, 0x17, 0x01, 0x7f, 0x00, 
0x2f, 0x01, 0x01, 0x00, 0x05, 0x00, 0x01, 0x00, 0x00, 0x40, 0x00, 0x00, 0xac, 0x00, 0x02, 0x00, 
0x0b, 0x01, 0x14, 0x00, 0x0c, 0x01, 0x14, 0x00, 0x0a, 0x01, 0x14, 0x00, 0x06, 0x40, 0x00, 0x00, 
0x01, 0x00, 0x00, 0x00, 0x05, 0x40, 0x00, 0x00, 0xf0, 0x13, 0x00, 0x00, 0x04, 0x40, 0x00, 0x00, 
0xe8, 0x00, 0x00, 0x00, 0x09, 0x01, 0x93, 0xff, 0x05, 0x01, 0x01, 0x00, 0x10, 0x40, 0x00, 0x00, 
0xc0, 0x11, 0x04, 0x00, 0x16, 0x40, 0x00, 0x00, 0xa0, 0x00, 0x00, 0x00, 0x15, 0x40, 0x00, 0x00, 
0xa0, 0x00, 0x00, 0x00, 0x14, 0x40, 0x00, 0x00, 0x10, 0x00, 0x00, 0x00, 0x14, 0x01, 0x41, 0x00, 
0x21, 0x01, 0x02, 0x00, 0x20, 0x01, 0x02, 0x00, 0x22, 0x01, 0x07, 0x00, 0x20, 0x40, 0x00, 0x00, 
0x70, 0xca, 0x00, 0x00, 0x22, 0x40, 0x00, 0x00, 0x60, 0xca, 0x00, 0x00, 0x16, 0x01, 0x05, 0x00, 
0x15, 0x01, 0x09, 0x00, 0x17, 0x01, 0x07, 0x00, 0x2f, 0x01, 0x03, 0x00, 0x02, 0x00, 0x00, 0x00, 
0x00, 0x40, 0x00, 0x00, 0xc0, 0x11, 0x04, 0x00, 0x0b, 0x01, 0x09, 0x00, 0x0c, 0x01, 0x09, 0x00, 
0x0a, 0x01, 0x09, 0x00, 0x06, 0x40, 0x00, 0x00, 0xa0, 0x00, 0x00, 0x00, 0x05, 0x40, 0x00, 0x00, 
0xa0, 0x00, 0x00, 0x00, 0x04, 0x40, 0x00, 0x00, 0x10, 0x00, 0x00, 0x00, 0x09, 0x01, 0xf3, 0xff, 
0x05, 0x01, 0x41, 0x00, 0x10, 0x40, 0x00, 0x00, 0x4c, 0xb7, 0x03, 0x00, 0x16, 0x40, 0x00, 0x00, 
0x01, 0x00, 0x00, 0x00, 0x15, 0x40, 0x00, 0x00, 0x10, 0x09, 0x00, 0x00, 0x14, 0x40, 0x00, 0x00, 
0xe8, 0x00, 0x00, 0x00, 0x14, 0x01, 0x01, 0x81, 0x21, 0x01, 0x00, 0x00, 0x20, 0x01, 0x00, 0x00, 
0x22, 0x01, 0x00, 0x00, 0x16, 0x01, 0x03, 0x00, 0x15, 0x01, 0x03, 0x00, 0x17, 0x01, 0x7f, 0x00, 
0x2f, 0x01, 0x01, 0x00, 0x05, 0x00, 0x01, 0x00, 0x00, 0x40, 0x00, 0x00, 0xad, 0x00, 0x02, 0x00, 
0x0b, 0x01, 0x14, 0x00, 0x0c, 0x01, 0x14, 0x00, 0x0a, 0x01, 0x14, 0x00, 0x06, 0x40, 0x00, 0x00, 
0x01, 0x00, 0x00, 0x00, 0x05, 0x40, 0x00, 0x00, 0xf0, 0x13, 0x00, 0x00, 0x04, 0x40, 0x00, 0x00, 
0xe8, 0x00, 0x00, 0x00, 0x09, 0x01, 0x93, 0xff, 0x05, 0x01, 0x01, 0x00, 0x10, 0x40, 0x00, 0x00, 
0xc0, 0x11, 0x04, 0x00, 0x16, 0x40, 0x00, 0x00, 0xa0, 0x00, 0x00, 0x00, 0x15, 0x40, 0x00, 0x00, 
0xa0, 0x00, 0x00, 0x00, 0x14, 0x40, 0x00, 0x00, 0x10, 0x00, 0x00, 0x00, 0x14, 0x01, 0x41, 0x00, 
0x21, 0x01, 0x02, 0x00, 0x20, 0x01, 0x02, 0x00, 0x22, 0x01, 0x07, 0x00, 0x20, 0x40, 0x00, 0x00, 
0xb0, 0xca, 0x00, 0x00, 0x22, 0x40, 0x00, 0x00, 0xa0, 0xca, 0x00, 0x00, 0x16, 0x01, 0x05, 0x00, 
0x15, 0x01, 0x09, 0x00, 0x17, 0x01, 0x07, 0x00, 0x2f, 0x01, 0x03, 0x00, 0x02, 0x00, 0x00, 0x00, 
0x00, 0x40, 0x00, 0x00, 0xc0, 0x11, 0x04, 0x00, 0x0b, 0x01, 0x09, 0x00, 0x0c, 0x01, 0x09, 0x00, 
0x0a, 0x01, 0x09, 0x00, 0x06, 0x40, 0x00, 0x00, 0xa0, 0x00, 0x00, 0x00, 0x05, 0x40, 0x00, 0x00, 
0xa0, 0x00, 0x00, 0x00, 0x04, 0x40, 0x00, 0x00, 0x10, 0x00, 0x00, 0x00, 0x09, 0x01, 0xf3, 0xff, 
0x05, 0x01, 0x41, 0x00, 0x10, 0x40, 0x00, 0x00, 0x4d, 0xb7, 0x03, 0x00, 0x16, 0x40, 0x00, 0x00, 
0x01, 0x00, 0x00, 0x00, 0x15, 0x40, 0x00, 0x00, 0x10, 0x09, 0x00, 0x00, 0x14, 0x40, 0x00, 0x00, 
0xe8, 0x00, 0x00, 0x00, 0x14, 0x01, 0x01, 0x81, 0x21, 0x01, 0x00, 0x00, 0x20, 0x01, 0x00, 0x00, 
0x22, 0x01, 0x00, 0x00, 0x16, 0x01, 0x03, 0x00, 0x15, 0x01, 0x03, 0x00, 0x17, 0x01, 0x7f, 0x00, 
0x2f, 0x01, 0x01, 0x00, 0x05, 0x00, 0x01, 0x00, 0x00, 0x40, 0x00, 0x00, 0xae, 0x00, 0x02, 0x00, 
0x0b, 0x01, 0x14, 0x00, 0x0c, 0x01, 0x14, 0x00, 0x0a, 0x01, 0x14, 0x00, 0x06, 0x40, 0x00, 0x00, 
0x01, 0x00, 0x00, 0x00, 0x05, 0x40, 0x00, 0x00, 0xf0, 0x13, 0x00, 0x00, 0x04, 0x40, 0x00, 0x00, 
0xe8, 0x00, 0x00, 0x00, 0x09, 0x01, 0x93, 0xff, 0x05, 0x01, 0x01, 0x00, 0x10, 0x40, 0x00, 0x00, 
0xc0, 0x11, 0x04, 0x00, 0x16, 0x40, 0x00, 0x00, 0xa0, 0x00, 0x00, 0x00, 0x15, 0x40, 0x00, 0x00, 
0xa0, 0x00, 0x00, 0x00, 0x14, 0x40, 0x00, 0x00, 0x10, 0x00, 0x00, 0x00, 0x14, 0x01, 0x41, 0x00, 
0x21, 0x01, 0x02, 0x00, 0x20, 0x01, 0x02, 0x00, 0x22, 0x01, 0x07, 0x00, 0x20, 0x40, 0x00, 0x00, 
0xf0, 0xca, 0x00, 0x00, 0x22, 0x40, 0x00, 0x00, 0xe0, 0xca, 0x00, 0x00, 0x16, 0x01, 0x05, 0x00, 
0x15, 0x01, 0x09, 0x00, 0x17, 0x01, 0x07, 0x00, 0x2f, 0x01, 0x03, 0x00, 0x02, 0x00, 0x00, 0x00, 
0x00, 0x40, 0x00, 0x00, 0xc0, 0x11, 0x04, 0x00, 0x0b, 0x01, 0x09, 0x00, 0x0c, 0x01, 0x09, 0x00, 
0x0a, 0x01, 0x09, 0x00, 0x06, 0x40, 0x00, 0x00, 0xa0, 0x00, 0x00, 0x00, 0x05, 0x40, 0x00, 0x00, 
0xa0, 0x00, 0x00, 0x00, 0x04, 0x40, 0x00, 0x00, 0x10, 0x00, 0x00, 0x00, 0x09, 0x01, 0xf3, 0xff, 
0x05, 0x01, 0x41, 0x00, 0x10, 0x40, 0x00, 0x00, 0x4e, 0xb7, 0x03, 0x00, 0x16, 0x40, 0x00, 0x00, 
0x01, 0x00, 0x00, 0x00, 0x15, 0x40, 0x00, 0x00, 0x10, 0x09, 0x00, 0x00, 0x14, 0x40, 0x00, 0x00, 
0xe8, 0x00, 0x00, 0x00, 0x14, 0x01, 0x01, 0x81, 0x21, 0x01, 0x00, 0x00, 0x20, 0x01, 0x00, 0x00, 
0x22, 0x01, 0x00, 0x00, 0x16, 0x01, 0x03, 0x00, 0x15, 0x01, 0x03, 0x00, 0x17, 0x01, 0x7f, 0x00, 
0x2f, 0x01, 0x01, 0x00, 0x05, 0x00, 0x01, 0x00, 0x00, 0x40, 0x00, 0x00, 0xaf, 0x00, 0x02, 0x00, 
0x0b, 0x01, 0x14, 0x00, 0x0c, 0x01, 0x14, 0x00, 0x0a, 0x01, 0x14, 0x00, 0x06, 0x40, 0x00, 0x00, 
0x01, 0x00, 0x00, 0x00, 0x05, 0x40, 0x00, 0x00, 0xf0, 0x13, 0x00, 0x00, 0x04, 0x40, 0x00, 0x00, 
0xe8, 0x00, 0x00, 0x00, 0x09, 0x01, 0x93, 0xff, 0x05, 0x01, 0x01, 0x00, 0x10, 0x40, 0x00, 0x00, 
0xc0, 0x11, 0x04, 0x00, 0x16, 0x40, 0x00, 0x00, 0xa0, 0x00, 0x00, 0x00, 0x15, 0x40, 0x00, 0x00, 
0xa0, 0x00, 0x00, 0x00, 0x14, 0x40, 0x00, 0x00, 0x10, 0x00, 0x00, 0x00, 0x14, 0x01, 0x41, 0x00, 
0x21, 0x01, 0x02, 0x00, 0x20, 0x01, 0x02, 0x00, 0x22, 0x01, 0x07, 0x00, 0x20, 0x40, 0x00, 0x00, 
0x30, 0xcb, 0x00, 0x00, 0x22, 0x40, 0x00, 0x00, 0x20, 0xcb, 0x00, 0x00, 0x16, 0x01, 0x05, 0x00, 
0x15, 0x01, 0x09, 0x00, 0x17, 0x01, 0x07, 0x00, 0x2f, 0x01, 0x03, 0x00, 0x02, 0x00, 0x00, 0x00, 
0x00, 0x40, 0x00, 0x00, 0xc0, 0x11, 0x04, 0x00, 0x0b, 0x01, 0x09, 0x00, 0x0c, 0x01, 0x09, 0x00, 
0x0a, 0x01, 0x09, 0x00, 0x06, 0x40, 0x00, 0x00, 0xa0, 0x00, 0x00, 0x00, 0x05, 0x40, 0x00, 0x00, 
0xa0, 0x00, 0x00, 0x00, 0x04, 0x40, 0x00, 0x00, 0x10, 0x00, 0x00, 0x00, 0x09, 0x01, 0xf3, 0xff, 
0x05, 0x01, 0x41, 0x00, 0x10, 0x40, 0x00, 0x00, 0x4f, 0xb7, 0x03, 0x00, 0x16, 0x40, 0x00, 0x00, 
0x01, 0x00, 0x00, 0x00, 0x15, 0x40, 0x00, 0x00, 0x10, 0x09, 0x00, 0x00, 0x14, 0x40, 0x00, 0x00, 
0xe8, 0x00, 0x00, 0x00, 0x14, 0x01, 0x01, 0x81, 0x21, 0x01, 0x00, 0x00, 0x20, 0x01, 0x00, 0x00, 
0x22, 0x01, 0x00, 0x00, 0x16, 0x01, 0x03, 0x00, 0x15, 0x01, 0x03, 0x00, 0x17, 0x01, 0x7f, 0x00, 
0x2f, 0x01, 0x01, 0x00, 0x05, 0x00, 0x01, 0x00, 0x00, 0x40, 0x00, 0x00, 0xb0, 0x00, 0x02, 0x00, 
0x0b, 0x01, 0x14, 0x00, 0x0c, 0x01, 0x14, 0x00, 0x0a, 0x01, 0x14, 0x00, 0x06, 0x40, 0x00, 0x00, 
0x01, 0x00, 0x00, 0x00, 0x05, 0x40, 0x00, 0x00, 0xf0, 0x13, 0x00, 0x00, 0x04, 0x40, 0x00, 0x00, 
0xe8, 0x00, 0x00, 0x00, 0x09, 0x01, 0x93, 0xff, 0x05, 0x01, 0x01, 0x00, 0x10, 0x40, 0x00, 0x00, 
0xc0, 0x11, 0x04, 0x00, 0x16, 0x40, 0x00, 0x00, 0xa0, 0x00, 0x00, 0x00, 0x15, 0x40, 0x00, 0x00, 
0xa0, 0x00, 0x00, 0x00, 0x14, 0x40, 0x00, 0x00, 0x10, 0x00, 0x00, 0x00, 0x14, 0x01, 0x41, 0x00, 
0x21, 0x01, 0x02, 0x00, 0x20, 0x01, 0x02, 0x00, 0x22, 0x01, 0x07, 0x00, 0x20, 0x40, 0x00, 0x00, 
0x70, 0xcb, 0x00, 0x00, 0x22, 0x40, 0x00, 0x00, 0x60, 0xcb, 0x00, 0x00, 0x16, 0x01, 0x05, 0x00, 
0x15, 0x01, 0x09, 0x00, 0x17, 0x01, 0x07, 0x00, 0x2f, 0x01, 0x03, 0x00, 0x02, 0x00, 0x00, 0x00, 
0x00, 0x40, 0x00, 0x00, 0xc0, 0x11, 0x04, 0x00, 0x0b, 0x01, 0x09, 0x00, 0x0c, 0x01, 0x09, 0x00, 
0x0a, 0x01, 0x09, 0x00, 0x06, 0x40, 0x00, 0x00, 0xa0, 0x00, 0x00, 0x00, 0x05, 0x40, 0x00, 0x00, 
0xa0, 0x00, 0x00, 0x00, 0x04, 0x40, 0x00, 0x00, 0x10, 0x00, 0x00, 0x00, 0x09, 0x01, 0xf3, 0xff, 
0x05, 0x01, 0x41, 0x00, 0x10, 0x40, 0x00, 0x00, 0x50, 0xb7, 0x03, 0x00, 0x16, 0x40, 0x00, 0x00, 
0x01, 0x00, 0x00, 0x00, 0x15, 0x40, 0x00, 0x00, 0x10, 0x09, 0x00, 0x00, 0x14, 0x40, 0x00, 0x00, 
0xe8, 0x00, 0x00, 0x00, 0x14, 0x01, 0x01, 0x81, 0x21, 0x01, 0x00, 0x00, 0x20, 0x01, 0x00, 0x00, 
0x22, 0x01, 0x00, 0x00, 0x16, 0x01, 0x03, 0x00, 0x15, 0x01, 0x03, 0x00, 0x17, 0x01, 0x7f, 0x00, 
0x2f, 0x01, 0x01, 0x00, 0x05, 0x00, 0x01, 0x00, 0x00, 0x40, 0x00, 0x00, 0xb1, 0x00, 0x02, 0x00, 
0x0b, 0x01, 0x14, 0x00, 0x0c, 0x01, 0x14, 0x00, 0x0a, 0x01, 0x14, 0x00, 0x06, 0x40, 0x00, 0x00, 
0x01, 0x00, 0x00, 0x00, 0x05, 0x40, 0x00, 0x00, 0xf0, 0x13, 0x00, 0x00, 0x04, 0x40, 0x00, 0x00, 
0xe8, 0x00, 0x00, 0x00, 0x09, 0x01, 0x93, 0xff, 0x05, 0x01, 0x01, 0x00, 0x10, 0x40, 0x00, 0x00, 
0xc0, 0x11, 0x04, 0x00, 0x16, 0x40, 0x00, 0x00, 0xa0, 0x00, 0x00, 0x00, 0x15, 0x40, 0x00, 0x00, 
0xa0, 0x00, 0x00, 0x00, 0x14, 0x40, 0x00, 0x00, 0x10, 0x00, 0x00, 0x00, 0x14, 0x01, 0x41, 0x00, 
0x21, 0x01, 0x02, 0x00, 0x20, 0x01, 0x02, 0x00, 0x22, 0x01, 0x07, 0x00, 0x20, 0x40, 0x00, 0x00, 
0xb0, 0xcb, 0x00, 0x00, 0x22, 0x40, 0x00, 0x00, 0xa0, 0xcb, 0x00, 0x00, 0x16, 0x01, 0x05, 0x00, 
0x15, 0x01, 0x09, 0x00, 0x17, 0x01, 0x07, 0x00, 0x2f, 0x01, 0x03, 0x00, 0x02, 0x00, 0x00, 0x00, 
0x00, 0x40, 0x00, 0x00, 0xc0, 0x11, 0x04, 0x00, 0x0b, 0x01, 0x09, 0x00, 0x0c, 0x01, 0x09, 0x00, 
0x0a, 0x01, 0x09, 0x00, 0x06, 0x40, 0x00, 0x00, 0xa0, 0x00, 0x00, 0x00, 0x05, 0x40, 0x00, 0x00, 
0xa0, 0x00, 0x00, 0x00, 0x04, 0x40, 0x00, 0x00, 0x10, 0x00, 0x00, 0x00, 0x09, 0x01, 0xf3, 0xff, 
0x05, 0x01, 0x41, 0x00, 0x10, 0x40, 0x00, 0x00, 0x51, 0xb7, 0x03, 0x00, 0x16, 0x40, 0x00, 0x00, 
0x01, 0x00, 0x00, 0x00, 0x15, 0x40, 0x00, 0x00, 0x10, 0x09, 0x00, 0x00, 0x14, 0x40, 0x00, 0x00, 
0xe8, 0x00, 0x00, 0x00, 0x14, 0x01, 0x01, 0x81, 0x21, 0x01, 0x00, 0x00, 0x20, 0x01, 0x00, 0x00, 
0x22, 0x01, 0x00, 0x00, 0x16, 0x01, 0x03, 0x00, 0x15, 0x01, 0x03, 0x00, 0x17, 0x01, 0x7f, 0x00, 
0x2f, 0x01, 0x01, 0x00, 0x05, 0x00, 0x01, 0x00, 0x00, 0x40, 0x00, 0x00, 0xb2, 0x00, 0x02, 0x00, 
0x0b, 0x01, 0x14, 0x00, 0x0c, 0x01, 0x14, 0x00, 0x0a, 0x01, 0x14, 0x00, 0x06, 0x40, 0x00, 0x00, 
0x01, 0x00, 0x00, 0x00, 0x05, 0x40, 0x00, 0x00, 0xf0, 0x13, 0x00, 0x00, 0x04, 0x40, 0x00, 0x00, 
0xe8, 0x00, 0x00, 0x00, 0x09, 0x01, 0x93, 0xff, 0x05, 0x01, 0x01, 0x00, 0x10, 0x40, 0x00, 0x00, 
0xc0, 0x11, 0x04, 0x00, 0x16, 0x40, 0x00, 0x00, 0xa0, 0x00, 0x00, 0x00, 0x15, 0x40, 0x00, 0x00, 
0xa0, 0x00, 0x00, 0x00, 0x14, 0x40, 0x00, 0x00, 0x10, 0x00, 0x00, 0x00, 0x14, 0x01, 0x41, 0x00, 
0x21, 0x01, 0x02, 0x00, 0x20, 0x01, 0x02, 0x00, 0x22, 0x01, 0x07, 0x00, 0x20, 0x40, 0x00, 0x00, 
0xf0, 0xcb, 0x00, 0x00, 0x22, 0x40, 0x00, 0x00, 0xe0, 0xcb, 0x00, 0x00, 0x16, 0x01, 0x05, 0x00, 
0x15, 0x01, 0x09, 0x00, 0x17, 0x01, 0x07, 0x00, 0x2f, 0x01, 0x03, 0x00, 0x02, 0x00, 0x00, 0x00, 
0x00, 0x40, 0x00, 0x00, 0xc0, 0x11, 0x04, 0x00, 0x0b, 0x01, 0x09, 0x00, 0x0c, 0x01, 0x09, 0x00, 
0x0a, 0x01, 0x09, 0x00, 0x06, 0x40, 0x00, 0x00, 0xa0, 0x00, 0x00, 0x00, 0x05, 0x40, 0x00, 0x00, 
0xa0, 0x00, 0x00, 0x00, 0x04, 0x40, 0x00, 0x00, 0x10, 0x00, 0x00, 0x00, 0x09, 0x01, 0xf3, 0xff, 
0x05, 0x01, 0x41, 0x00, 0x10, 0x40, 0x00, 0x00, 0x52, 0xb7, 0x03, 0x00, 0x16, 0x40, 0x00, 0x00, 
0x01, 0x00, 0x00, 0x00, 0x15, 0x40, 0x00, 0x00, 0x10, 0x09, 0x00, 0x00, 0x14, 0x40, 0x00, 0x00, 
0xe8, 0x00, 0x00, 0x00, 0x14, 0x01, 0x01, 0x81, 0x21, 0x01, 0x00, 0x00, 0x20, 0x01, 0x00, 0x00, 
0x22, 0x01, 0x00, 0x00, 0x16, 0x01, 0x03, 0x00, 0x15, 0x01, 0x03, 0x00, 0x17, 0x01, 0x7f, 0x00, 
0x2f, 0x01, 0x01, 0x00, 0x05, 0x00, 0x01, 0x00, 0x00, 0x40, 0x00, 0x00, 0xb3, 0x00, 0x02, 0x00, 
0x0b, 0x01, 0x14, 0x00, 0x0c, 0x01, 0x14, 0x00, 0x0a, 0x01, 0x14, 0x00, 0x06, 0x40, 0x00, 0x00, 
0x01, 0x00, 0x00, 0x00, 0x05, 0x40, 0x00, 0x00, 0xf0, 0x13, 0x00, 0x00, 0x04, 0x40, 0x00, 0x00, 
0xe8, 0x00, 0x00, 0x00, 0x09, 0x01, 0x93, 0xff, 0x05, 0x01, 0x01, 0x00, 0x10, 0x40, 0x00, 0x00, 
0xc0, 0x11, 0x04, 0x00, 0x16, 0x40, 0x00, 0x00, 0xa0, 0x00, 0x00, 0x00, 0x15, 0x40, 0x00, 0x00, 
0xa0, 0x00, 0x00, 0x00, 0x14, 0x40, 0x00, 0x00, 0x10, 0x00, 0x00, 0x00, 0x14, 0x01, 0x41, 0x00, 
0x21, 0x01, 0x02, 0x00, 0x20, 0x01, 0x02, 0x00, 0x22, 0x01, 0x07, 0x00, 0x20, 0x40, 0x00, 0x00, 
0x30, 0xcc, 0x00, 0x00, 0x22, 0x40, 0x00, 0x00, 0x20, 0xcc, 0x00, 0x00, 0x16, 0x01, 0x05, 0x00, 
0x15, 0x01, 0x09, 0x00, 0x17, 0x01, 0x07, 0x00, 0x2f, 0x01, 0x03, 0x00, 0x02, 0x00, 0x00, 0x00, 
0x00, 0x40, 0x00, 0x00, 0xc0, 0x11, 0x04, 0x00, 0x0b, 0x01, 0x09, 0x00, 0x0c, 0x01, 0x09, 0x00, 
0x0a, 0x01, 0x09, 0x00, 0x06, 0x40, 0x00, 0x00, 0xa0, 0x00, 0x00, 0x00, 0x05, 0x40, 0x00, 0x00, 
0xa0, 0x00, 0x00, 0x00, 0x04, 0x40, 0x00, 0x00, 0x10, 0x00, 0x00, 0x00, 0x09, 0x01, 0xf3, 0xff, 
0x05, 0x01, 0x41, 0x00, 0x10, 0x40, 0x00, 0x00, 0x53, 0xb7, 0x03, 0x00, 0x16, 0x40, 0x00, 0x00, 
0x01, 0x00, 0x00, 0x00, 0x15, 0x40, 0x00, 0x00, 0x10, 0x09, 0x00, 0x00, 0x14, 0x40, 0x00, 0x00, 
0xe8, 0x00, 0x00, 0x00, 0x14, 0x01, 0x01, 0x81, 0x21, 0x01, 0x00, 0x00, 0x20, 0x01, 0x00, 0x00, 
0x22, 0x01, 0x00, 0x00, 0x16, 0x01, 0x03, 0x00, 0x15, 0x01, 0x03, 0x00, 0x17, 0x01, 0x7f, 0x00, 
0x2f, 0x01, 0x01, 0x00, 0x05, 0x00, 0x01, 0x00, 0x00, 0x40, 0x00, 0x00, 0xb4, 0x00, 0x02, 0x00, 
0x0b, 0x01, 0x14, 0x00, 0x0c, 0x01, 0x14, 0x00, 0x0a, 0x01, 0x14, 0x00, 0x06, 0x40, 0x00, 0x00, 
0x01, 0x00, 0x00, 0x00, 0x05, 0x40, 0x00, 0x00, 0xf0, 0x13, 0x00, 0x00, 0x04, 0x40, 0x00, 0x00, 
0xe8, 0x00, 0x00, 0x00, 0x09, 0x01, 0x93, 0xff, 0x05, 0x01, 0x01, 0x00, 0x10, 0x40, 0x00, 0x00, 
0xc0, 0x11, 0x04, 0x00, 0x16, 0x40, 0x00, 0x00, 0xa0, 0x00, 0x00, 0x00, 0x15, 0x40, 0x00, 0x00, 
0xa0, 0x00, 0x00, 0x00, 0x14, 0x40, 0x00, 0x00, 0x10, 0x00, 0x00, 0x00, 0x14, 0x01, 0x41, 0x00, 
0x21, 0x01, 0x02, 0x00, 0x20, 0x01, 0x02, 0x00, 0x22, 0x01, 0x07, 0x00, 0x20, 0x40, 0x00, 0x00, 
0x70, 0xcc, 0x00, 0x00, 0x22, 0x40, 0x00, 0x00, 0x60, 0xcc, 0x00, 0x00, 0x16, 0x01, 0x05, 0x00, 
0x15, 0x01, 0x09, 0x00, 0x17, 0x01, 0x07, 0x00, 0x2f, 0x01, 0x03, 0x00, 0x02, 0x00, 0x00, 0x00, 
0x00, 0x40, 0x00, 0x00, 0xc0, 0x11, 0x04, 0x00, 0x0b, 0x01, 0x09, 0x00, 0x0c, 0x01, 0x09, 0x00, 
0x0a, 0x01, 0x09, 0x00, 0x06, 0x40, 0x00, 0x00, 0xa0, 0x00, 0x00, 0x00, 0x05, 0x40, 0x00, 0x00, 
0xa0, 0x00, 0x00, 0x00, 0x04, 0x40, 0x00, 0x00, 0x10, 0x00, 0x00, 0x00, 0x09, 0x01, 0xf3, 0xff, 
0x05, 0x01, 0x41, 0x00, 0x10, 0x40, 0x00, 0x00, 0x54, 0xb7, 0x03, 0x00, 0x16, 0x40, 0x00, 0x00, 
0x01, 0x00, 0x00, 0x00, 0x15, 0x40, 0x00, 0x00, 0x10, 0x09, 0x00, 0x00, 0x14, 0x40, 0x00, 0x00, 
0xe8, 0x00, 0x00, 0x00, 0x14, 0x01, 0x01, 0x81, 0x21, 0x01, 0x00, 0x00, 0x20, 0x01, 0x00, 0x00, 
0x22, 0x01, 0x00, 0x00, 0x16, 0x01, 0x03, 0x00, 0x15, 0x01, 0x03, 0x00, 0x17, 0x01, 0x7f, 0x00, 
0x2f, 0x01, 0x01, 0x00, 0x05, 0x00, 0x01, 0x00, 0x00, 0x40, 0x00, 0x00, 0xb5, 0x00, 0x02, 0x00, 
0x0b, 0x01, 0x14, 0x00, 0x0c, 0x01, 0x14, 0x00, 0x0a, 0x01, 0x14, 0x00, 0x06, 0x40, 0x00, 0x00, 
0x01, 0x00, 0x00, 0x00, 0x05, 0x40, 0x00, 0x00, 0xf0, 0x13, 0x00, 0x00, 0x04, 0x40, 0x00, 0x00, 
0xe8, 0x00, 0x00, 0x00, 0x09, 0x01, 0x93, 0xff, 0x05, 0x01, 0x01, 0x00, 0x10, 0x40, 0x00, 0x00, 
0xc0, 0x11, 0x04, 0x00, 0x16, 0x40, 0x00, 0x00, 0xa0, 0x00, 0x00, 0x00, 0x15, 0x40, 0x00, 0x00, 
0xa0, 0x00, 0x00, 0x00, 0x14, 0x40, 0x00, 0x00, 0x10, 0x00, 0x00, 0x00, 0x14, 0x01, 0x41, 0x00, 
0x21, 0x01, 0x02, 0x00, 0x20, 0x01, 0x02, 0x00, 0x22, 0x01, 0x07, 0x00, 0x20, 0x40, 0x00, 0x00, 
0xb0, 0xcc, 0x00, 0x00, 0x22, 0x40, 0x00, 0x00, 0xa0, 0xcc, 0x00, 0x00, 0x16, 0x01, 0x05, 0x00, 
0x15, 0x01, 0x09, 0x00, 0x17, 0x01, 0x07, 0x00, 0x2f, 0x01, 0x03, 0x00, 0x02, 0x00, 0x00, 0x00, 
0x00, 0x40, 0x00, 0x00, 0xc0, 0x11, 0x04, 0x00, 0x0b, 0x01, 0x09, 0x00, 0x0c, 0x01, 0x09, 0x00, 
0x0a, 0x01, 0x09, 0x00, 0x06, 0x40, 0x00, 0x00, 0xa0, 0x00, 0x00, 0x00, 0x05, 0x40, 0x00, 0x00, 
0xa0, 0x00, 0x00, 0x00, 0x04, 0x40, 0x00, 0x00, 0x10, 0x00, 0x00, 0x00, 0x09, 0x01, 0xf3, 0xff, 
0x05, 0x01, 0x41, 0x00, 0x10, 0x40, 0x00, 0x00, 0x55, 0xb7, 0x03, 0x00, 0x16, 0x40, 0x00, 0x00, 
0x01, 0x00, 0x00, 0x00, 0x15, 0x40, 0x00, 0x00, 0x10, 0x09, 0x00, 0x00, 0x14, 0x40, 0x00, 0x00, 
0xe8, 0x00, 0x00, 0x00, 0x14, 0x01, 0x01, 0x81, 0x21, 0x01, 0x00, 0x00, 0x20, 0x01, 0x00, 0x00, 
0x22, 0x01, 0x00, 0x00, 0x16, 0x01, 0x03, 0x00, 0x15, 0x01, 0x03, 0x00, 0x17, 0x01, 0x7f, 0x00, 
0x2f, 0x01, 0x01, 0x00, 0x05, 0x00, 0x01, 0x00, 0x00, 0x40, 0x00, 0x00, 0xb6, 0x00, 0x02, 0x00, 
0x0b, 0x01, 0x14, 0x00, 0x0c, 0x01, 0x14, 0x00, 0x0a, 0x01, 0x14, 0x00, 0x06, 0x40, 0x00, 0x00, 
0x01, 0x00, 0x00, 0x00, 0x05, 0x40, 0x00, 0x00, 0xf0, 0x13, 0x00, 0x00, 0x04, 0x40, 0x00, 0x00, 
0xe8, 0x00, 0x00, 0x00, 0x09, 0x01, 0x93, 0xff, 0x05, 0x01, 0x01, 0x00, 0x10, 0x40, 0x00, 0x00, 
0xc0, 0x11, 0x04, 0x00, 0x16, 0x40, 0x00, 0x00, 0xa0, 0x00, 0x00, 0x00, 0x15, 0x40, 0x00, 0x00, 
0xa0, 0x00, 0x00, 0x00, 0x14, 0x40, 0x00, 0x00, 0x10, 0x00, 0x00, 0x00, 0x14, 0x01, 0x41, 0x00, 
0x21, 0x01, 0x02, 0x00, 0x20, 0x01, 0x02, 0x00, 0x22, 0x01, 0x07, 0x00, 0x20, 0x40, 0x00, 0x00, 
0xf0, 0xcc, 0x00, 0x00, 0x22, 0x40, 0x00, 0x00, 0xe0, 0xcc, 0x00, 0x00, 0x16, 0x01, 0x05, 0x00, 
0x15, 0x01, 0x09, 0x00, 0x17, 0x01, 0x07, 0x00, 0x2f, 0x01, 0x03, 0x00, 0x02, 0x00, 0x00, 0x00, 
0x00, 0x40, 0x00, 0x00, 0xc0, 0x11, 0x04, 0x00, 0x0b, 0x01, 0x09, 0x00, 0x0c, 0x01, 0x09, 0x00, 
0x0a, 0x01, 0x09, 0x00, 0x06, 0x40, 0x00, 0x00, 0xa0, 0x00, 0x00, 0x00, 0x05, 0x40, 0x00, 0x00, 
0xa0, 0x00, 0x00, 0x00, 0x04, 0x40, 0x00, 0x00, 0x10, 0x00, 0x00, 0x00, 0x09, 0x01, 0xf3, 0xff, 
0x05, 0x01, 0x41, 0x00, 0x10, 0x40, 0x00, 0x00, 0x56, 0xb7, 0x03, 0x00, 0x16, 0x40, 0x00, 0x00, 
0x01, 0x00, 0x00, 0x00, 0x15, 0x40, 0x00, 0x00, 0x10, 0x09, 0x00, 0x00, 0x14, 0x40, 0x00, 0x00, 
0xe8, 0x00, 0x00, 0x00, 0x14, 0x01, 0x01, 0x81, 0x21, 0x01, 0x00, 0x00, 0x20, 0x01, 0x00, 0x00, 
0x22, 0x01, 0x00, 0x00, 0x16, 0x01, 0x03, 0x00, 0x15, 0x01, 0x03, 0x00, 0x17, 0x01, 0x7f, 0x00, 
0x2f, 0x01, 0x01, 0x00, 0x05, 0x00, 0x01, 0x00, 0x00, 0x40, 0x00, 0x00, 0xb7, 0x00, 0x02, 0x00, 
0x0b, 0x01, 0x14, 0x00, 0x0c, 0x01, 0x14, 0x00, 0x0a, 0x01, 0x14, 0x00, 0x06, 0x40, 0x00, 0x00, 
0x01, 0x00, 0x00, 0x00, 0x05, 0x40, 0x00, 0x00, 0xf0, 0x13, 0x00, 0x00, 0x04, 0x40, 0x00, 0x00, 
0xe8, 0x00, 0x00, 0x00, 0x09, 0x01, 0x93, 0xff, 0x05, 0x01, 0x01, 0x00, 0x10, 0x40, 0x00, 0x00, 
0xc0, 0x11, 0x04, 0x00, 0x16, 0x40, 0x00, 0x00, 0xa0, 0x00, 0x00, 0x00, 0x15, 0x40, 0x00, 0x00, 
0xa0, 0x00, 0x00, 0x00, 0x14, 0x40, 0x00, 0x00, 0x10, 0x00, 0x00, 0x00, 0x14, 0x01, 0x41, 0x00, 
0x21, 0x01, 0x02, 0x00, 0x20, 0x01, 0x02, 0x00, 0x22, 0x01, 0x07, 0x00, 0x20, 0x40, 0x00, 0x00, 
0x30, 0xcd, 0x00, 0x00, 0x22, 0x40, 0x00, 0x00, 0x20, 0xcd, 0x00, 0x00, 0x16, 0x01, 0x05, 0x00, 
0x15, 0x01, 0x09, 0x00, 0x17, 0x01, 0x07, 0x00, 0x2f, 0x01, 0x03, 0x00, 0x02, 0x00, 0x00, 0x00, 
0x00, 0x40, 0x00, 0x00, 0xc0, 0x11, 0x04, 0x00, 0x0b, 0x01, 0x09, 0x00, 0x0c, 0x01, 0x09, 0x00, 
0x0a, 0x01, 0x09, 0x00, 0x06, 0x40, 0x00, 0x00, 0xa0, 0x00, 0x00, 0x00, 0x05, 0x40, 0x00, 0x00, 
0xa0, 0x00, 0x00, 0x00, 0x04, 0x40, 0x00, 0x00, 0x10, 0x00, 0x00, 0x00, 0x09, 0x01, 0xf3, 0xff, 
0x05, 0x01, 0x41, 0x00, 0x10, 0x40, 0x00, 0x00, 0x57, 0xb7, 0x03, 0x00, 0x16, 0x40, 0x00, 0x00, 
0x01, 0x00, 0x00, 0x00, 0x15, 0x40, 0x00, 0x00, 0x10, 0x09, 0x00, 0x00, 0x14, 0x40, 0x00, 0x00, 
0xe8, 0x00, 0x00, 0x00, 0x14, 0x01, 0x01, 0x81, 0x21, 0x01, 0x00, 0x00, 0x20, 0x01, 0x00, 0x00, 
0x22, 0x01, 0x00, 0x00, 0x16, 0x01, 0x03, 0x00, 0x15, 0x01, 0x03, 0x00, 0x17, 0x01, 0x7f, 0x00, 
0x2f, 0x01, 0x01, 0x00, 0x05, 0x00, 0x01, 0x00, 0x00, 0x40, 0x00, 0x00, 0xb8, 0x00, 0x02, 0x00, 
0x0b, 0x01, 0x14, 0x00, 0x0c, 0x01, 0x14, 0x00, 0x0a, 0x01, 0x14, 0x00, 0x06, 0x40, 0x00, 0x00, 
0x01, 0x00, 0x00, 0x00, 0x05, 0x40, 0x00, 0x00, 0xf0, 0x13, 0x00, 0x00, 0x04, 0x40, 0x00, 0x00, 
0xe8, 0x00, 0x00, 0x00, 0x09, 0x01, 0x93, 0xff, 0x05, 0x01, 0x01, 0x00, 0x10, 0x40, 0x00, 0x00, 
0xc0, 0x11, 0x04, 0x00, 0x16, 0x40, 0x00, 0x00, 0xa0, 0x00, 0x00, 0x00, 0x15, 0x40, 0x00, 0x00, 
0xa0, 0x00, 0x00, 0x00, 0x14, 0x40, 0x00, 0x00, 0x10, 0x00, 0x00, 0x00, 0x14, 0x01, 0x41, 0x00, 
0x21, 0x01, 0x02, 0x00, 0x20, 0x01, 0x02, 0x00, 0x22, 0x01, 0x07, 0x00, 0x20, 0x40, 0x00, 0x00, 
0x70, 0xcd, 0x00, 0x00, 0x22, 0x40, 0x00, 0x00, 0x60, 0xcd, 0x00, 0x00, 0x16, 0x01, 0x05, 0x00, 
0x15, 0x01, 0x09, 0x00, 0x17, 0x01, 0x07, 0x00, 0x2f, 0x01, 0x03, 0x00, 0x02, 0x00, 0x00, 0x00, 
0x00, 0x40, 0x00, 0x00, 0xc0, 0x11, 0x04, 0x00, 0x0b, 0x01, 0x09, 0x00, 0x0c, 0x01, 0x09, 0x00, 
0x0a, 0x01, 0x09, 0x00, 0x06, 0x40, 0x00, 0x00, 0xa0, 0x00, 0x00, 0x00, 0x05, 0x40, 0x00, 0x00, 
0xa0, 0x00, 0x00, 0x00, 0x04, 0x40, 0x00, 0x00, 0x10, 0x00, 0x00, 0x00, 0x09, 0x01, 0xf3, 0xff, 
0x05, 0x01, 0x41, 0x00, 0x10, 0x40, 0x00, 0x00, 0x58, 0xb7, 0x03, 0x00, 0x16, 0x40, 0x00, 0x00, 
0x01, 0x00, 0x00, 0x00, 0x15, 0x40, 0x00, 0x00, 0x10, 0x09, 0x00, 0x00, 0x14, 0x40, 0x00, 0x00, 
0xe8, 0x00, 0x00, 0x00, 0x14, 0x01, 0x01, 0x81, 0x21, 0x01, 0x00, 0x00, 0x20, 0x01, 0x00, 0x00, 
0x22, 0x01, 0x00, 0x00, 0x16, 0x01, 0x03, 0x00, 0x15, 0x01, 0x03, 0x00, 0x17, 0x01, 0x7f, 0x00, 
0x2f, 0x01, 0x01, 0x00, 0x05, 0x00, 0x01, 0x00, 0x00, 0x40, 0x00, 0x00, 0xb9, 0x00, 0x02, 0x00, 
0x0b, 0x01, 0x14, 0x00, 0x0c, 0x01, 0x14, 0x00, 0x0a, 0x01, 0x14, 0x00, 0x06, 0x40, 0x00, 0x00, 
0x01, 0x00, 0x00, 0x00, 0x05, 0x40, 0x00, 0x00, 0xf0, 0x13, 0x00, 0x00, 0x04, 0x40, 0x00, 0x00, 
0xe8, 0x00, 0x00, 0x00, 0x09, 0x01, 0x93, 0xff, 0x05, 0x01, 0x01, 0x00, 0x10, 0x40, 0x00, 0x00, 
0xc0, 0x11, 0x04, 0x00, 0x16, 0x40, 0x00, 0x00, 0xa0, 0x00, 0x00, 0x00, 0x15, 0x40, 0x00, 0x00, 
0xa0, 0x00, 0x00, 0x00, 0x14, 0x40, 0x00, 0x00, 0x10, 0x00, 0x00, 0x00, 0x14, 0x01, 0x41, 0x00, 
0x21, 0x01, 0x02, 0x00, 0x20, 0x01, 0x02, 0x00, 0x22, 0x01, 0x07, 0x00, 0x20, 0x40, 0x00, 0x00, 
0xb0, 0xcd, 0x00, 0x00, 0x22, 0x40, 0x00, 0x00, 0xa0, 0xcd, 0x00, 0x00, 0x16, 0x01, 0x05, 0x00, 
0x15, 0x01, 0x09, 0x00, 0x17, 0x01, 0x07, 0x00, 0x2f, 0x01, 0x03, 0x00, 0x02, 0x00, 0x00, 0x00, 
0x00, 0x40, 0x00, 0x00, 0xc0, 0x11, 0x04, 0x00, 0x0b, 0x01, 0x09, 0x00, 0x0c, 0x01, 0x09, 0x00, 
0x0a, 0x01, 0x09, 0x00, 0x06, 0x40, 0x00, 0x00, 0xa0, 0x00, 0x00, 0x00, 0x05, 0x40, 0x00, 0x00, 
0xa0, 0x00, 0x00, 0x00, 0x04, 0x40, 0x00, 0x00, 0x10, 0x00, 0x00, 0x00, 0x09, 0x01, 0xf3, 0xff, 
0x05, 0x01, 0x41, 0x00, 0x10, 0x40, 0x00, 0x00, 0x59, 0xb7, 0x03, 0x00, 0x16, 0x40, 0x00, 0x00, 
0x01, 0x00, 0x00, 0x00, 0x15, 0x40, 0x00, 0x00, 0x10, 0x09, 0x00, 0x00, 0x14, 0x40, 0x00, 0x00, 
0xe8, 0x00, 0x00, 0x00, 0x14, 0x01, 0x01, 0x81, 0x21, 0x01, 0x00, 0x00, 0x20, 0x01, 0x00, 0x00, 
0x22, 0x01, 0x00, 0x00, 0x16, 0x01, 0x03, 0x00, 0x15, 0x01, 0x03, 0x00, 0x17, 0x01, 0x7f, 0x00, 
0x2f, 0x01, 0x01, 0x00, 0x05, 0x00, 0x01, 0x00, 0x00, 0x40, 0x00, 0x00, 0xba, 0x00, 0x02, 0x00, 
0x0b, 0x01, 0x14, 0x00, 0x0c, 0x01, 0x14, 0x00, 0x0a, 0x01, 0x14, 0x00, 0x06, 0x40, 0x00, 0x00, 
0x01, 0x00, 0x00, 0x00, 0x05, 0x40, 0x00, 0x00, 0xf0, 0x13, 0x00, 0x00, 0x04, 0x40, 0x00, 0x00, 
0xe8, 0x00, 0x00, 0x00, 0x09, 0x01, 0x93, 0xff, 0x05, 0x01, 0x01, 0x00, 0x10, 0x40, 0x00, 0x00, 
0xc0, 0x11, 0x04, 0x00, 0x16, 0x40, 0x00, 0x00, 0xa0, 0x00, 0x00, 0x00, 0x15, 0x40, 0x00, 0x00, 
0xa0, 0x00, 0x00, 0x00, 0x14, 0x40, 0x00, 0x00, 0x10, 0x00, 0x00, 0x00, 0x14, 0x01, 0x41, 0x00, 
0x21, 0x01, 0x02, 0x00, 0x20, 0x01, 0x02, 0x00, 0x22, 0x01, 0x07, 0x00, 0x20, 0x40, 0x00, 0x00, 
0xf0, 0xcd, 0x00, 0x00, 0x22, 0x40, 0x00, 0x00, 0xe0, 0xcd, 0x00, 0x00, 0x16, 0x01, 0x05, 0x00, 
0x15, 0x01, 0x09, 0x00, 0x17, 0x01, 0x07, 0x00, 0x2f, 0x01, 0x03, 0x00, 0x02, 0x00, 0x00, 0x00, 
0x00, 0x40, 0x00, 0x00, 0xc0, 0x11, 0x04, 0x00, 0x0b, 0x01, 0x09, 0x00, 0x0c, 0x01, 0x09, 0x00, 
0x0a, 0x01, 0x09, 0x00, 0x06, 0x40, 0x00, 0x00, 0xa0, 0x00, 0x00, 0x00, 0x05, 0x40, 0x00, 0x00, 
0xa0, 0x00, 0x00, 0x00, 0x04, 0x40, 0x00, 0x00, 0x10, 0x00, 0x00, 0x00, 0x09, 0x01, 0xf3, 0xff, 
0x05, 0x01, 0x41, 0x00, 0x10, 0x40, 0x00, 0x00, 0x5a, 0xb7, 0x03, 0x00, 0x16, 0x40, 0x00, 0x00, 
0x01, 0x00, 0x00, 0x00, 0x15, 0x40, 0x00, 0x00, 0x10, 0x09, 0x00, 0x00, 0x14, 0x40, 0x00, 0x00, 
0xe8, 0x00, 0x00, 0x00, 0x14, 0x01, 0x01, 0x81, 0x21, 0x01, 0x00, 0x00, 0x20, 0x01, 0x00, 0x00, 
0x22, 0x01, 0x00, 0x00, 0x16, 0x01, 0x03, 0x00, 0x15, 0x01, 0x03, 0x00, 0x17, 0x01, 0x7f, 0x00, 
0x2f, 0x01, 0x01, 0x00, 0x05, 0x00, 0x01, 0x00, 0x00, 0x40, 0x00, 0x00, 0xbb, 0x00, 0x02, 0x00, 
0x0b, 0x01, 0x14, 0x00, 0x0c, 0x01, 0x14, 0x00, 0x0a, 0x01, 0x14, 0x00, 0x06, 0x40, 0x00, 0x00, 
0x01, 0x00, 0x00, 0x00, 0x05, 0x40, 0x00, 0x00, 0xf0, 0x13, 0x00, 0x00, 0x04, 0x40, 0x00, 0x00, 
0xe8, 0x00, 0x00, 0x00, 0x09, 0x01, 0x93, 0xff, 0x05, 0x01, 0x01, 0x00, 0x10, 0x40, 0x00, 0x00, 
0xc0, 0x11, 0x04, 0x00, 0x16, 0x40, 0x00, 0x00, 0xa0, 0x00, 0x00, 0x00, 0x15, 0x40, 0x00, 0x00, 
0xa0, 0x00, 0x00, 0x00, 0x14, 0x40, 0x00, 0x00, 0x10, 0x00, 0x00, 0x00, 0x14, 0x01, 0x41, 0x00, 
0x21, 0x01, 0x02, 0x00, 0x20, 0x01, 0x02, 0x00, 0x22, 0x01, 0x07, 0x00, 0x20, 0x40, 0x00, 0x00, 
0x30, 0xce, 0x00, 0x00, 0x22, 0x40, 0x00, 0x00, 0x20, 0xce, 0x00, 0x00, 0x16, 0x01, 0x05, 0x00, 
0x15, 0x01, 0x09, 0x00, 0x17, 0x01, 0x07, 0x00, 0x2f, 0x01, 0x03, 0x00, 0x02, 0x00, 0x00, 0x00, 
0x00, 0x40, 0x00, 0x00, 0xc0, 0x11, 0x04, 0x00, 0x0b, 0x01, 0x09, 0x00, 0x0c, 0x01, 0x09, 0x00, 
0x0a, 0x01, 0x09, 0x00, 0x06, 0x40, 0x00, 0x00, 0xa0, 0x00, 0x00, 0x00, 0x05, 0x40, 0x00, 0x00, 
0xa0, 0x00, 0x00, 0x00, 0x04, 0x40, 0x00, 0x00, 0x10, 0x00, 0x00, 0x00, 0x09, 0x01, 0xf3, 0xff, 
0x05, 0x01, 0x41, 0x00, 0x10, 0x40, 0x00, 0x00, 0x5b, 0xb7, 0x03, 0x00, 0x16, 0x40, 0x00, 0x00, 
0x01, 0x00, 0x00, 0x00, 0x15, 0x40, 0x00, 0x00, 0x10, 0x09, 0x00, 0x00, 0x14, 0x40, 0x00, 0x00, 
0xe8, 0x00, 0x00, 0x00, 0x14, 0x01, 0x01, 0x81, 0x21, 0x01, 0x00, 0x00, 0x20, 0x01, 0x00, 0x00, 
0x22, 0x01, 0x00, 0x00, 0x16, 0x01, 0x03, 0x00, 0x15, 0x01, 0x03, 0x00, 0x17, 0x01, 0x7f, 0x00, 
0x2f, 0x01, 0x01, 0x00, 0x05, 0x00, 0x01, 0x00, 0x00, 0x40, 0x00, 0x00, 0xbc, 0x00, 0x02, 0x00, 
0x0b, 0x01, 0x14, 0x00, 0x0c, 0x01, 0x14, 0x00, 0x0a, 0x01, 0x14, 0x00, 0x06, 0x40, 0x00, 0x00, 
0x01, 0x00, 0x00, 0x00, 0x05, 0x40, 0x00, 0x00, 0xf0, 0x13, 0x00, 0x00, 0x04, 0x40, 0x00, 0x00, 
0xe8, 0x00, 0x00, 0x00, 0x09, 0x01, 0x93, 0xff, 0x05, 0x01, 0x01, 0x00, 0x10, 0x40, 0x00, 0x00, 
0xc0, 0x11, 0x04, 0x00, 0x16, 0x40, 0x00, 0x00, 0xa0, 0x00, 0x00, 0x00, 0x15, 0x40, 0x00, 0x00, 
0xa0, 0x00, 0x00, 0x00, 0x14, 0x40, 0x00, 0x00, 0x10, 0x00, 0x00, 0x00, 0x14, 0x01, 0x41, 0x00, 
0x21, 0x01, 0x02, 0x00, 0x20, 0x01, 0x02, 0x00, 0x22, 0x01, 0x07, 0x00, 0x20, 0x40, 0x00, 0x00, 
0x70, 0xce, 0x00, 0x00, 0x22, 0x40, 0x00, 0x00, 0x60, 0xce, 0x00, 0x00, 0x16, 0x01, 0x05, 0x00, 
0x15, 0x01, 0x09, 0x00, 0x17, 0x01, 0x07, 0x00, 0x2f, 0x01, 0x03, 0x00, 0x02, 0x00, 0x00, 0x00, 
0x00, 0x40, 0x00, 0x00, 0xc0, 0x11, 0x04, 0x00, 0x0b, 0x01, 0x09, 0x00, 0x0c, 0x01, 0x09, 0x00, 
0x0a, 0x01, 0x09, 0x00, 0x06, 0x40, 0x00, 0x00, 0xa0, 0x00, 0x00, 0x00, 0x05, 0x40, 0x00, 0x00, 
0xa0, 0x00, 0x00, 0x00, 0x04, 0x40, 0x00, 0x00, 0x10, 0x00, 0x00, 0x00, 0x09, 0x01, 0xf3, 0xff, 
0x05, 0x01, 0x41, 0x00, 0x10, 0x40, 0x00, 0x00, 0x5c, 0xb7, 0x03, 0x00, 0x16, 0x40, 0x00, 0x00, 
0x01, 0x00, 0x00, 0x00, 0x15, 0x40, 0x00, 0x00, 0x10, 0x09, 0x00, 0x00, 0x14, 0x40, 0x00, 0x00, 
0xe8, 0x00, 0x00, 0x00, 0x14, 0x01, 0x01, 0x81, 0x21, 0x01, 0x00, 0x00, 0x20, 0x01, 0x00, 0x00, 
0x22, 0x01, 0x00, 0x00, 0x16, 0x01, 0x03, 0x00, 0x15, 0x01, 0x03, 0x00, 0x17, 0x01, 0x7f, 0x00, 
0x2f, 0x01, 0x01, 0x00, 0x05, 0x00, 0x01, 0x00, 0x00, 0x40, 0x00, 0x00, 0xbd, 0x00, 0x02, 0x00, 
0x0b, 0x01, 0x14, 0x00, 0x0c, 0x01, 0x14, 0x00, 0x0a, 0x01, 0x14, 0x00, 0x06, 0x40, 0x00, 0x00, 
0x01, 0x00, 0x00, 0x00, 0x05, 0x40, 0x00, 0x00, 0xf0, 0x13, 0x00, 0x00, 0x04, 0x40, 0x00, 0x00, 
0xe8, 0x00, 0x00, 0x00, 0x09, 0x01, 0x93, 0xff, 0x05, 0x01, 0x01, 0x00, 0x10, 0x40, 0x00, 0x00, 
0xc0, 0x11, 0x04, 0x00, 0x16, 0x40, 0x00, 0x00, 0xa0, 0x00, 0x00, 0x00, 0x15, 0x40, 0x00, 0x00, 
0xa0, 0x00, 0x00, 0x00, 0x14, 0x40, 0x00, 0x00, 0x10, 0x00, 0x00, 0x00, 0x14, 0x01, 0x41, 0x00, 
0x21, 0x01, 0x02, 0x00, 0x20, 0x01, 0x02, 0x00, 0x22, 0x01, 0x07, 0x00, 0x20, 0x40, 0x00, 0x00, 
0xb0, 0xce, 0x00, 0x00, 0x22, 0x40, 0x00, 0x00, 0xa0, 0xce, 0x00, 0x00, 0x16, 0x01, 0x05, 0x00, 
0x15, 0x01, 0x09, 0x00, 0x17, 0x01, 0x07, 0x00, 0x2f, 0x01, 0x03, 0x00, 0x02, 0x00, 0x00, 0x00, 
0x00, 0x40, 0x00, 0x00, 0xc0, 0x11, 0x04, 0x00, 0x0b, 0x01, 0x09, 0x00, 0x0c, 0x01, 0x09, 0x00, 
0x0a, 0x01, 0x09, 0x00, 0x06, 0x40, 0x00, 0x00, 0xa0, 0x00, 0x00, 0x00, 0x05, 0x40, 0x00, 0x00, 
0xa0, 0x00, 0x00, 0x00, 0x04, 0x40, 0x00, 0x00, 0x10, 0x00, 0x00, 0x00, 0x09, 0x01, 0xf3, 0xff, 
0x05, 0x01, 0x41, 0x00, 0x10, 0x40, 0x00, 0x00, 0x5d, 0xb7, 0x03, 0x00, 0x16, 0x40, 0x00, 0x00, 
0x01, 0x00, 0x00, 0x00, 0x15, 0x40, 0x00, 0x00, 0x10, 0x09, 0x00, 0x00, 0x14, 0x40, 0x00, 0x00, 
0xe8, 0x00, 0x00, 0x00, 0x14, 0x01, 0x01, 0x81, 0x21, 0x01, 0x00, 0x00, 0x20, 0x01, 0x00, 0x00, 
0x22, 0x01, 0x00, 0x00, 0x16, 0x01, 0x03, 0x00, 0x15, 0x01, 0x03, 0x00, 0x17, 0x01, 0x7f, 0x00, 
0x2f, 0x01, 0x01, 0x00, 0x05, 0x00, 0x01, 0x00, 0x00, 0x40, 0x00, 0x00, 0xbe, 0x00, 0x02, 0x00, 
0x0b, 0x01, 0x14, 0x00, 0x0c, 0x01, 0x14, 0x00, 0x0a, 0x01, 0x14, 0x00, 0x06, 0x40, 0x00, 0x00, 
0x01, 0x00, 0x00, 0x00, 0x05, 0x40, 0x00, 0x00, 0xf0, 0x13, 0x00, 0x00, 0x04, 0x40, 0x00, 0x00, 
0xe8, 0x00, 0x00, 0x00, 0x09, 0x01, 0x93, 0xff, 0x05, 0x01, 0x01, 0x00, 0x10, 0x40, 0x00, 0x00, 
0xc0, 0x11, 0x04, 0x00, 0x16, 0x40, 0x00, 0x00, 0xa0, 0x00, 0x00, 0x00, 0x15, 0x40, 0x00, 0x00, 
0xa0, 0x00, 0x00, 0x00, 0x14, 0x40, 0x00, 0x00, 0x10, 0x00, 0x00, 0x00, 0x14, 0x01, 0x41, 0x00, 
0x21, 0x01, 0x02, 0x00, 0x20, 0x01, 0x02, 0x00, 0x22, 0x01, 0x07, 0x00, 0x20, 0x40, 0x00, 0x00, 
0xf0, 0xce, 0x00, 0x00, 0x22, 0x40, 0x00, 0x00, 0xe0, 0xce, 0x00, 0x00, 0x16, 0x01, 0x05, 0x00, 
0x15, 0x01, 0x09, 0x00, 0x17, 0x01, 0x07, 0x00, 0x2f, 0x01, 0x03, 0x00, 0x02, 0x00, 0x00, 0x00, 
0x00, 0x40, 0x00, 0x00, 0xc0, 0x11, 0x04, 0x00, 0x0b, 0x01, 0x09, 0x00, 0x0c, 0x01, 0x09, 0x00, 
0x0a, 0x01, 0x09, 0x00, 0x06, 0x40, 0x00, 0x00, 0xa0, 0x00, 0x00, 0x00, 0x05, 0x40, 0x00, 0x00, 
0xa0, 0x00, 0x00, 0x00, 0x04, 0x40, 0x00, 0x00, 0x10, 0x00, 0x00, 0x00, 0x09, 0x01, 0xf3, 0xff, 
0x05, 0x01, 0x41, 0x00, 0x10, 0x40, 0x00, 0x00, 0x5e, 0xb7, 0x03, 0x00, 0x16, 0x40, 0x00, 0x00, 
0x01, 0x00, 0x00, 0x00, 0x15, 0x40, 0x00, 0x00, 0x10, 0x09, 0x00, 0x00, 0x14, 0x40, 0x00, 0x00, 
0xe8, 0x00, 0x00, 0x00, 0x14, 0x01, 0x01, 0x81, 0x21, 0x01, 0x00, 0x00, 0x20, 0x01, 0x00, 0x00, 
0x22, 0x01, 0x00, 0x00, 0x16, 0x01, 0x03, 0x00, 0x15, 0x01, 0x03, 0x00, 0x17, 0x01, 0x7f, 0x00, 
0x2f, 0x01, 0x01, 0x00, 0x05, 0x00, 0x01, 0x00, 0x00, 0x40, 0x00, 0x00, 0xbf, 0x00, 0x02, 0x00, 
0x0b, 0x01, 0x14, 0x00, 0x0c, 0x01, 0x14, 0x00, 0x0a, 0x01, 0x14, 0x00, 0x06, 0x40, 0x00, 0x00, 
0x01, 0x00, 0x00, 0x00, 0x05, 0x40, 0x00, 0x00, 0xf0, 0x13, 0x00, 0x00, 0x04, 0x40, 0x00, 0x00, 
0xe8, 0x00, 0x00, 0x00, 0x09, 0x01, 0x93, 0xff, 0x05, 0x01, 0x01, 0x00, 0x10, 0x40, 0x00, 0x00, 
0xc0, 0x11, 0x04, 0x00, 0x16, 0x40, 0x00, 0x00, 0xa0, 0x00, 0x00, 0x00, 0x15, 0x40, 0x00, 0x00, 
0xa0, 0x00, 0x00, 0x00, 0x14, 0x40, 0x00, 0x00, 0x10, 0x00, 0x00, 0x00, 0x14, 0x01, 0x41, 0x00, 
0x21, 0x01, 0x02, 0x00, 0x20, 0x01, 0x02, 0x00, 0x22, 0x01, 0x07, 0x00, 0x20, 0x40, 0x00, 0x00, 
0x30, 0xcf, 0x00, 0x00, 0x22, 0x40, 0x00, 0x00, 0x20, 0xcf, 0x00, 0x00, 0x16, 0x01, 0x05, 0x00, 
0x15, 0x01, 0x09, 0x00, 0x17, 0x01, 0x07, 0x00, 0x2f, 0x01, 0x03, 0x00, 0x02, 0x00, 0x00, 0x00, 
0x00, 0x40, 0x00, 0x00, 0xc0, 0x11, 0x04, 0x00, 0x0b, 0x01, 0x09, 0x00, 0x0c, 0x01, 0x09, 0x00, 
0x0a, 0x01, 0x09, 0x00, 0x06, 0x40, 0x00, 0x00, 0xa0, 0x00, 0x00, 0x00, 0x05, 0x40, 0x00, 0x00, 
0xa0, 0x00, 0x00, 0x00, 0x04, 0x40, 0x00, 0x00, 0x10, 0x00, 0x00, 0x00, 0x09, 0x01, 0xf3, 0xff, 
0x05, 0x01, 0x41, 0x00, 0x10, 0x40, 0x00, 0x00, 0x5f, 0xb7, 0x03, 0x00, 0x16, 0x40, 0x00, 0x00, 
0x01, 0x00, 0x00, 0x00, 0x15, 0x40, 0x00, 0x00, 0x10, 0x09, 0x00, 0x00, 0x14, 0x40, 0x00, 0x00, 
0xe8, 0x00, 0x00, 0x00, 0x14, 0x01, 0x01, 0x81, 0x21, 0x01, 0x00, 0x00, 0x20, 0x01, 0x00, 0x00, 
0x22, 0x01, 0x00, 0x00, 0x16, 0x01, 0x03, 0x00, 0x15, 0x01, 0x03, 0x00, 0x17, 0x01, 0x7f, 0x00, 
0x2f, 0x01, 0x01, 0x00, 0x05, 0x00, 0x01, 0x00, 0x00, 0x40, 0x00, 0x00, 0xc0, 0x00, 0x02, 0x00, 
0x0b, 0x01, 0x14, 0x00, 0x0c, 0x01, 0x14, 0x00, 0x0a, 0x01, 0x14, 0x00, 0x06, 0x40, 0x00, 0x00, 
0x01, 0x00, 0x00, 0x00, 0x05, 0x40, 0x00, 0x00, 0xf0, 0x13, 0x00, 0x00, 0x04, 0x40, 0x00, 0x00, 
0xe8, 0x00, 0x00, 0x00, 0x09, 0x01, 0x93, 0xff, 0x05, 0x01, 0x01, 0x00, 0x10, 0x40, 0x00, 0x00, 
0xc0, 0x11, 0x04, 0x00, 0x16, 0x40, 0x00, 0x00, 0xa0, 0x00, 0x00, 0x00, 0x15, 0x40, 0x00, 0x00, 
0xa0, 0x00, 0x00, 0x00, 0x14, 0x40, 0x00, 0x00, 0x10, 0x00, 0x00, 0x00, 0x14, 0x01, 0x41, 0x00, 
0x21, 0x01, 0x02, 0x00, 0x20, 0x01, 0x02, 0x00, 0x22, 0x01, 0x07, 0x00, 0x20, 0x40, 0x00, 0x00, 
0x70, 0xcf, 0x00, 0x00, 0x22, 0x40, 0x00, 0x00, 0x60, 0xcf, 0x00, 0x00, 0x16, 0x01, 0x05, 0x00, 
0x15, 0x01, 0x09, 0x00, 0x17, 0x01, 0x07, 0x00, 0x2f, 0x01, 0x03, 0x00, 0x02, 0x00, 0x00, 0x00, 
0x00, 0x40, 0x00, 0x00, 0xc0, 0x11, 0x04, 0x00, 0x0b, 0x01, 0x09, 0x00, 0x0c, 0x01, 0x09, 0x00, 
0x0a, 0x01, 0x09, 0x00, 0x06, 0x40, 0x00, 0x00, 0xa0, 0x00, 0x00, 0x00, 0x05, 0x40, 0x00, 0x00, 
0xa0, 0x00, 0x00, 0x00, 0x04, 0x40, 0x00, 0x00, 0x10, 0x00, 0x00, 0x00, 0x09, 0x01, 0xf3, 0xff, 
0x05, 0x01, 0x41, 0x00, 0x10, 0x40, 0x00, 0x00, 0x60, 0xb7, 0x03, 0x00, 0x16, 0x40, 0x00, 0x00, 
0x01, 0x00, 0x00, 0x00, 0x15, 0x40, 0x00, 0x00, 0x10, 0x09, 0x00, 0x00, 0x14, 0x40, 0x00, 0x00, 
0xe8, 0x00, 0x00, 0x00, 0x14, 0x01, 0x01, 0x81, 0x21, 0x01, 0x00, 0x00, 0x20, 0x01, 0x00, 0x00, 
0x22, 0x01, 0x00, 0x00, 0x16, 0x01, 0x03, 0x00, 0x15, 0x01, 0x03, 0x00, 0x17, 0x01, 0x7f, 0x00, 
0x2f, 0x01, 0x01, 0x00, 0x05, 0x00, 0x01, 0x00, 0x00, 0x40, 0x00, 0x00, 0xc1, 0x00, 0x02, 0x00, 
0x0b, 0x01, 0x14, 0x00, 0x0c, 0x01, 0x14, 0x00, 0x0a, 0x01, 0x14, 0x00, 0x06, 0x40, 0x00, 0x00, 
0x01, 0x00, 0x00, 0x00, 0x05, 0x40, 0x00, 0x00, 0xf0, 0x13, 0x00, 0x00, 0x04, 0x40, 0x00, 0x00, 
0xe8, 0x00, 0x00, 0x00, 0x09, 0x01, 0x93, 0xff, 0x05, 0x01, 0x01, 0x00, 0x10, 0x40, 0x00, 0x00, 
0xc0, 0x11, 0x04, 0x00, 0x16, 0x40, 0x00, 0x00, 0xa0, 0x00, 0x00, 0x00, 0x15, 0x40, 0x00, 0x00, 
0xa0, 0x00, 0x00, 0x00, 0x14, 0x40, 0x00, 0x00, 0x10, 0x00, 0x00, 0x00, 0x14, 0x01, 0x41, 0x00, 
0x21, 0x01, 0x02, 0x00, 0x20, 0x01, 0x02, 0x00, 0x22, 0x01, 0x07, 0x00, 0x20, 0x40, 0x00, 0x00, 
0xb0, 0xcf, 0x00, 0x00, 0x22, 0x40, 0x00, 0x00, 0xa0, 0xcf, 0x00, 0x00, 0x16, 0x01, 0x05, 0x00, 
0x15, 0x01, 0x09, 0x00, 0x17, 0x01, 0x07, 0x00, 0x2f, 0x01, 0x03, 0x00, 0x02, 0x00, 0x00, 0x00, 
0x00, 0x40, 0x00, 0x00, 0xc0, 0x11, 0x04, 0x00, 0x0b, 0x01, 0x09, 0x00, 0x0c, 0x01, 0x09, 0x00, 
0x0a, 0x01, 0x09, 0x00, 0x06, 0x40, 0x00, 0x00, 0xa0, 0x00, 0x00, 0x00, 0x05, 0x40, 0x00, 0x00, 
0xa0, 0x00, 0x00, 0x00, 0x04, 0x40, 0x00, 0x00, 0x10, 0x00, 0x00, 0x00, 0x09, 0x01, 0xf3, 0xff, 
0x05, 0x01, 0x41, 0x00, 0x10, 0x40, 0x00, 0x00, 0x61, 0xb7, 0x03, 0x00, 0x16, 0x40, 0x00, 0x00, 
0x01, 0x00, 0x00, 0x00, 0x15, 0x40, 0x00, 0x00, 0x10, 0x09, 0x00, 0x00, 0x14, 0x40, 0x00, 0x00, 
0xe8, 0x00, 0x00, 0x00, 0x14, 0x01, 0x01, 0x81, 0x21, 0x01, 0x00, 0x00, 0x20, 0x01, 0x00, 0x00, 
0x22, 0x01, 0x00, 0x00, 0x16, 0x01, 0x03, 0x00, 0x15, 0x01, 0x03, 0x00, 0x17, 0x01, 0x7f, 0x00, 
0x2f, 0x01, 0x01, 0x00, 0x05, 0x00, 0x01, 0x00, 0x00, 0x40, 0x00, 0x00, 0xc2, 0x00, 0x02, 0x00, 
0x0b, 0x01, 0x14, 0x00, 0x0c, 0x01, 0x14, 0x00, 0x0a, 0x01, 0x14, 0x00, 0x06, 0x40, 0x00, 0x00, 
0x01, 0x00, 0x00, 0x00, 0x05, 0x40, 0x00, 0x00, 0xf0, 0x13, 0x00, 0x00, 0x04, 0x40, 0x00, 0x00, 
0xe8, 0x00, 0x00, 0x00, 0x09, 0x01, 0x93, 0xff, 0x05, 0x01, 0x01, 0x00, 0x10, 0x40, 0x00, 0x00, 
0xc0, 0x11, 0x04, 0x00, 0x16, 0x40, 0x00, 0x00, 0xa0, 0x00, 0x00, 0x00, 0x15, 0x40, 0x00, 0x00, 
0xa0, 0x00, 0x00, 0x00, 0x14, 0x40, 0x00, 0x00, 0x10, 0x00, 0x00, 0x00, 0x14, 0x01, 0x41, 0x00, 
0x21, 0x01, 0x02, 0x00, 0x20, 0x01, 0x02, 0x00, 0x22, 0x01, 0x07, 0x00, 0x20, 0x40, 0x00, 0x00, 
0xf0, 0xcf, 0x00, 0x00, 0x21, 0x40, 0x00, 0x00, 0x20, 0x00, 0x00, 0x00, 0x22, 0x40, 0x00, 0x00, 
0xe0, 0xcf, 0x00, 0x00, 0x16, 0x01, 0x05, 0x00, 0x15, 0x01, 0x09, 0x00, 0x17, 0x01, 0x07, 0x00, 
0x2f, 0x01, 0x03, 0x00, 0x02, 0x00, 0x00, 0x00, 0x00, 0x40, 0x00, 0x00, 0xc0, 0x11, 0x04, 0x00, 
0x0b, 0x01, 0x09, 0x00, 0x0c, 0x01, 0x09, 0x00, 0x0a, 0x01, 0x09, 0x00, 0x06, 0x40, 0x00, 0x00, 
0xa0, 0x00, 0x00, 0x00, 0x05, 0x40, 0x00, 0x00, 0xa0, 0x00, 0x00, 0x00, 0x04, 0x40, 0x00, 0x00, 
0x10, 0x00, 0x00, 0x00, 0x09, 0x01, 0xf3, 0xff, 0x05, 0x01, 0x41, 0x00, 0x10, 0x40, 0x00, 0x00, 
0x62, 0xb7, 0x03, 0x00, 0x16, 0x40, 0x00, 0x00, 0x01, 0x00, 0x00, 0x00, 0x15, 0x40, 0x00, 0x00, 
0x10, 0x09, 0x00, 0x00, 0x14, 0x40, 0x00, 0x00, 0xe8, 0x00, 0x00, 0x00, 0x14, 0x01, 0x01, 0x81, 
0x21, 0x01, 0x00, 0x00, 0x20, 0x01, 0x00, 0x00, 0x22, 0x01, 0x00, 0x00, 0x16, 0x01, 0x03, 0x00, 
0x15, 0x01, 0x03, 0x00, 0x17, 0x01, 0x7f, 0x00, 0x2f, 0x01, 0x01, 0x00, 0x05, 0x00, 0x01, 0x00, 
0x00, 0x40, 0x00, 0x00, 0xc3, 0x00, 0x02, 0x00, 0x0b, 0x01, 0x14, 0x00, 0x0c, 0x01, 0x14, 0x00, 
0x0a, 0x01, 0x14, 0x00, 0x06, 0x40, 0x00, 0x00, 0x01, 0x00, 0x00, 0x00, 0x05, 0x40, 0x00, 0x00, 
0xf0, 0x13, 0x00, 0x00, 0x04, 0x40, 0x00, 0x00, 0xe8, 0x00, 0x00, 0x00, 0x09, 0x01, 0x93, 0xff, 
0x05, 0x01, 0x01, 0x00, 0x10, 0x40, 0x00, 0x00, 0xc0, 0x11, 0x04, 0x00, 0x16, 0x40, 0x00, 0x00, 
0xa0, 0x00, 0x00, 0x00, 0x15, 0x40, 0x00, 0x00, 0xa0, 0x00, 0x00, 0x00, 0x14, 0x40, 0x00, 0x00, 
0x10, 0x00, 0x00, 0x00, 0x14, 0x01, 0x41, 0x00, 0x21, 0x01, 0x02, 0x00, 0x20, 0x01, 0x02, 0x00, 
0x22, 0x01, 0x07, 0x00, 0x20, 0x40, 0x00, 0x00, 0x20, 0xd0, 0x00, 0x00, 0x21, 0x40, 0x00, 0x00, 
0x30, 0x00, 0x00, 0x00, 0x22, 0x40, 0x00, 0x00, 0x10, 0xd0, 0x00, 0x00, 0x16, 0x01, 0x05, 0x00, 
0x15, 0x01, 0x09, 0x00, 0x17, 0x01, 0x07, 0x00, 0x2f, 0x01, 0x03, 0x00, 0x02, 0x00, 0x00, 0x00, 
0x00, 0x40, 0x00, 0x00, 0xc0, 0x11, 0x04, 0x00, 0x0b, 0x01, 0x09, 0x00, 0x0c, 0x01, 0x09, 0x00, 
0x0a, 0x01, 0x09, 0x00, 0x06, 0x40, 0x00, 0x00, 0xa0, 0x00, 0x00, 0x00, 0x05, 0x40, 0x00, 0x00, 
0xa0, 0x00, 0x00, 0x00, 0x04, 0x40, 0x00, 0x00, 0x10, 0x00, 0x00, 0x00, 0x09, 0x01, 0xf3, 0xff, 
0x05, 0x01, 0x41, 0x00, 0x10, 0x40, 0x00, 0x00, 0x63, 0xb7, 0x03, 0x00, 0x16, 0x40, 0x00, 0x00, 
0x01, 0x00, 0x00, 0x00, 0x15, 0x40, 0x00, 0x00, 0x10, 0x09, 0x00, 0x00, 0x14, 0x40, 0x00, 0x00, 
0xe8, 0x00, 0x00, 0x00, 0x14, 0x01, 0x01, 0x81, 0x21, 0x01, 0x00, 0x00, 0x20, 0x01, 0x00, 0x00, 
0x22, 0x01, 0x00, 0x00, 0x16, 0x01, 0x03, 0x00, 0x15, 0x01, 0x03, 0x00, 0x17, 0x01, 0x7f, 0x00, 
0x2f, 0x01, 0x01, 0x00, 0x05, 0x00, 0x01, 0x00, 0x00, 0x40, 0x00, 0x00, 0xc4, 0x00, 0x02, 0x00, 
0x0b, 0x01, 0x14, 0x00, 0x0c, 0x01, 0x14, 0x00, 0x0a, 0x01, 0x14, 0x00, 0x06, 0x40, 0x00, 0x00, 
0x01, 0x00, 0x00, 0x00, 0x05, 0x40, 0x00, 0x00, 0xf0, 0x13, 0x00, 0x00, 0x04, 0x40, 0x00, 0x00, 
0xe8, 0x00, 0x00, 0x00, 0x09, 0x01, 0x93, 0xff, 0x05, 0x01, 0x01, 0x00, 0x10, 0x40, 0x00, 0x00, 
0xc0, 0x11, 0x04, 0x00, 0x16, 0x40, 0x00, 0x00, 0xa0, 0x00, 0x00, 0x00, 0x15, 0x40, 0x00, 0x00, 
0xa0, 0x00, 0x00, 0x00, 0x14, 0x40, 0x00, 0x00, 0x10, 0x00, 0x00, 0x00, 0x14, 0x01, 0x41, 0x00, 
0x21, 0x01, 0x02, 0x00, 0x20, 0x01, 0x02, 0x00, 0x22, 0x01, 0x07, 0x00, 0x20, 0x40, 0x00, 0x00, 
0x60, 0xd0, 0x00, 0x00, 0x22, 0x40, 0x00, 0x00, 0x50, 0xd0, 0x00, 0x00, 0x16, 0x01, 0x05, 0x00, 
0x15, 0x01, 0x09, 0x00, 0x17, 0x01, 0x07, 0x00, 0x2f, 0x01, 0x03, 0x00, 0x02, 0x00, 0x00, 0x00, 
0x00, 0x40, 0x00, 0x00, 0xc0, 0x11, 0x04, 0x00, 0x0b, 0x01, 0x09, 0x00, 0x0c, 0x01, 0x09, 0x00, 
0x0a, 0x01, 0x09, 0x00, 0x06, 0x40, 0x00, 0x00, 0xa0, 0x00, 0x00, 0x00, 0x05, 0x40, 0x00, 0x00, 
0xa0, 0x00, 0x00, 0x00, 0x04, 0x40, 0x00, 0x00, 0x10, 0x00, 0x00, 0x00, 0x09, 0x01, 0xf3, 0xff, 
0x05, 0x01, 0x41, 0x00, 0x10, 0x40, 0x00, 0x00, 0x64, 0xb7, 0x03, 0x00, 0x16, 0x40, 0x00, 0x00, 
0x01, 0x00, 0x00, 0x00, 0x15, 0x40, 0x00, 0x00, 0x10, 0x09, 0x00, 0x00, 0x14, 0x40, 0x00, 0x00, 
0xe8, 0x00, 0x00, 0x00, 0x14, 0x01, 0x01, 0x81, 0x21, 0x01, 0x00, 0x00, 0x20, 0x01, 0x00, 0x00, 
0x22, 0x01, 0x00, 0x00, 0x16, 0x01, 0x03, 0x00, 0x15, 0x01, 0x03, 0x00, 0x17, 0x01, 0x7f, 0x00, 
0x2f, 0x01, 0x01, 0x00, 0x05, 0x00, 0x01, 0x00, 0x00, 0x40, 0x00, 0x00, 0xc5, 0x00, 0x02, 0x00, 
0x0b, 0x01, 0x14, 0x00, 0x0c, 0x01, 0x14, 0x00, 0x0a, 0x01, 0x14, 0x00, 0x06, 0x40, 0x00, 0x00, 
0x01, 0x00, 0x00, 0x00, 0x05, 0x40, 0x00, 0x00, 0xf0, 0x13, 0x00, 0x00, 0x04, 0x40, 0x00, 0x00, 
0xe8, 0x00, 0x00, 0x00, 0x09, 0x01, 0x93, 0xff, 0x05, 0x01, 0x01, 0x00, 0x10, 0x40, 0x00, 0x00, 
0xc0, 0x11, 0x04, 0x00, 0x16, 0x40, 0x00, 0x00, 0xa0, 0x00, 0x00, 0x00, 0x15, 0x40, 0x00, 0x00, 
0xa0, 0x00, 0x00, 0x00, 0x14, 0x40, 0x00, 0x00, 0x10, 0x00, 0x00, 0x00, 0x14, 0x01, 0x41, 0x00, 
0x21, 0x01, 0x02, 0x00, 0x20, 0x01, 0x02, 0x00, 0x22, 0x01, 0x07, 0x00, 0x20, 0x40, 0x00, 0x00, 
0xa0, 0xd0, 0x00, 0x00, 0x22, 0x40, 0x00, 0x00, 0x90, 0xd0, 0x00, 0x00, 0x16, 0x01, 0x05, 0x00, 
0x15, 0x01, 0x09, 0x00, 0x17, 0x01, 0x07, 0x00, 0x2f, 0x01, 0x03, 0x00, 0x02, 0x00, 0x00, 0x00, 
0x00, 0x40, 0x00, 0x00, 0xc0, 0x11, 0x04, 0x00, 0x0b, 0x01, 0x09, 0x00, 0x0c, 0x01, 0x09, 0x00, 
0x0a, 0x01, 0x09, 0x00, 0x06, 0x40, 0x00, 0x00, 0xa0, 0x00, 0x00, 0x00, 0x05, 0x40, 0x00, 0x00, 
0xa0, 0x00, 0x00, 0x00, 0x04, 0x40, 0x00, 0x00, 0x10, 0x00, 0x00, 0x00, 0x09, 0x01, 0xf3, 0xff, 
0x05, 0x01, 0x41, 0x00, 0x10, 0x40, 0x00, 0x00, 0x65, 0xb7, 0x03, 0x00, 0x16, 0x40, 0x00, 0x00, 
0x01, 0x00, 0x00, 0x00, 0x15, 0x40, 0x00, 0x00, 0x10, 0x09, 0x00, 0x00, 0x14, 0x40, 0x00, 0x00, 
0xe8, 0x00, 0x00, 0x00, 0x14, 0x01, 0x01, 0x81, 0x21, 0x01, 0x00, 0x00, 0x20, 0x01, 0x00, 0x00, 
0x22, 0x01, 0x00, 0x00, 0x16, 0x01, 0x03, 0x00, 0x15, 0x01, 0x03, 0x00, 0x17, 0x01, 0x7f, 0x00, 
0x2f, 0x01, 0x01, 0x00, 0x05, 0x00, 0x01, 0x00, 0x00, 0x40, 0x00, 0x00, 0xc6, 0x00, 0x02, 0x00, 
0x0b, 0x01, 0x14, 0x00, 0x0c, 0x01, 0x14, 0x00, 0x0a, 0x01, 0x14, 0x00, 0x06, 0x40, 0x00, 0x00, 
0x01, 0x00, 0x00, 0x00, 0x05, 0x40, 0x00, 0x00, 0xf0, 0x13, 0x00, 0x00, 0x04, 0x40, 0x00, 0x00, 
0xe8, 0x00, 0x00, 0x00, 0x09, 0x01, 0x93, 0xff, 0x05, 0x01, 0x01, 0x00, 0x10, 0x40, 0x00, 0x00, 
0xc0, 0x11, 0x04, 0x00, 0x16, 0x40, 0x00, 0x00, 0xa0, 0x00, 0x00, 0x00, 0x15, 0x40, 0x00, 0x00, 
0xa0, 0x00, 0x00, 0x00, 0x14, 0x40, 0x00, 0x00, 0x10, 0x00, 0x00, 0x00, 0x14, 0x01, 0x41, 0x00, 
0x21, 0x01, 0x02, 0x00, 0x20, 0x01, 0x02, 0x00, 0x22, 0x01, 0x07, 0x00, 0x20, 0x40, 0x00, 0x00, 
0xe0, 0xd0, 0x00, 0x00, 0x22, 0x40, 0x00, 0x00, 0xd0, 0xd0, 0x00, 0x00, 0x16, 0x01, 0x05, 0x00, 
0x15, 0x01, 0x09, 0x00, 0x17, 0x01, 0x07, 0x00, 0x2f, 0x01, 0x03, 0x00, 0x02, 0x00, 0x00, 0x00, 
0x00, 0x40, 0x00, 0x00, 0xc0, 0x11, 0x04, 0x00, 0x0b, 0x01, 0x09, 0x00, 0x0c, 0x01, 0x09, 0x00, 
0x0a, 0x01, 0x09, 0x00, 0x06, 0x40, 0x00, 0x00, 0xa0, 0x00, 0x00, 0x00, 0x05, 0x40, 0x00, 0x00, 
0xa0, 0x00, 0x00, 0x00, 0x04, 0x40, 0x00, 0x00, 0x10, 0x00, 0x00, 0x00, 0x09, 0x01, 0xf3, 0xff, 
0x05, 0x01, 0x41, 0x00, 0x10, 0x40, 0x00, 0x00, 0x66, 0xb7, 0x03, 0x00, 0x16, 0x40, 0x00, 0x00, 
0x01, 0x00, 0x00, 0x00, 0x15, 0x40, 0x00, 0x00, 0x10, 0x09, 0x00, 0x00, 0x14, 0x40, 0x00, 0x00, 
0xe8, 0x00, 0x00, 0x00, 0x14, 0x01, 0x01, 0x81, 0x21, 0x01, 0x00, 0x00, 0x20, 0x01, 0x00, 0x00, 
0x22, 0x01, 0x00, 0x00, 0x16, 0x01, 0x03, 0x00, 0x15, 0x01, 0x03, 0x00, 0x17, 0x01, 0x7f, 0x00, 
0x2f, 0x01, 0x01, 0x00, 0x05, 0x00, 0x01, 0x00, 0x00, 0x40, 0x00, 0x00, 0xc7, 0x00, 0x02, 0x00, 
0x0b, 0x01, 0x14, 0x00, 0x0c, 0x01, 0x14, 0x00, 0x0a, 0x01, 0x14, 0x00, 0x06, 0x40, 0x00, 0x00, 
0x01, 0x00, 0x00, 0x00, 0x05, 0x40, 0x00, 0x00, 0xf0, 0x13, 0x00, 0x00, 0x04, 0x40, 0x00, 0x00, 
0xe8, 0x00, 0x00, 0x00, 0x09, 0x01, 0x93, 0xff, 0x05, 0x01, 0x01, 0x00, 0x10, 0x40, 0x00, 0x00, 
0xc0, 0x11, 0x04, 0x00, 0x16, 0x40, 0x00, 0x00, 0xa0, 0x00, 0x00, 0x00, 0x15, 0x40, 0x00, 0x00, 
0xa0, 0x00, 0x00, 0x00, 0x14, 0x40, 0x00, 0x00, 0x10, 0x00, 0x00, 0x00, 0x14, 0x01, 0x41, 0x00, 
0x21, 0x01, 0x02, 0x00, 0x20, 0x01, 0x02, 0x00, 0x22, 0x01, 0x07, 0x00, 0x20, 0x40, 0x00, 0x00, 
0x20, 0xd1, 0x00, 0x00, 0x22, 0x40, 0x00, 0x00, 0x10, 0xd1, 0x00, 0x00, 0x16, 0x01, 0x05, 0x00, 
0x15, 0x01, 0x09, 0x00, 0x17, 0x01, 0x07, 0x00, 0x2f, 0x01, 0x03, 0x00, 0x02, 0x00, 0x00, 0x00, 
0x00, 0x40, 0x00, 0x00, 0xc0, 0x11, 0x04, 0x00, 0x0b, 0x01, 0x09, 0x00, 0x0c, 0x01, 0x09, 0x00, 
0x0a, 0x01, 0x09, 0x00, 0x06, 0x40, 0x00, 0x00, 0xa0, 0x00, 0x00, 0x00, 0x05, 0x40, 0x00, 0x00, 
0xa0, 0x00, 0x00, 0x00, 0x04, 0x40, 0x00, 0x00, 0x10, 0x00, 0x00, 0x00, 0x09, 0x01, 0xf3, 0xff, 
0x05, 0x01, 0x41, 0x00, 0x10, 0x40, 0x00, 0x00, 0x67, 0xb7, 0x03, 0x00, 0x16, 0x40, 0x00, 0x00, 
0x01, 0x00, 0x00, 0x00, 0x15, 0x40, 0x00, 0x00, 0x10, 0x09, 0x00, 0x00, 0x14, 0x40, 0x00, 0x00, 
0xe8, 0x00, 0x00, 0x00, 0x14, 0x01, 0x01, 0x81, 0x21, 0x01, 0x00, 0x00, 0x20, 0x01, 0x00, 0x00, 
0x22, 0x01, 0x00, 0x00, 0x16, 0x01, 0x03, 0x00, 0x15, 0x01, 0x03, 0x00, 0x17, 0x01, 0x7f, 0x00, 
0x2f, 0x01, 0x01, 0x00, 0x05, 0x00, 0x01, 0x00, 0x00, 0x40, 0x00, 0x00, 0xc8, 0x00, 0x02, 0x00, 
0x0b, 0x01, 0x14, 0x00, 0x0c, 0x01, 0x14, 0x00, 0x0a, 0x01, 0x14, 0x00, 0x06, 0x40, 0x00, 0x00, 
0x01, 0x00, 0x00, 0x00, 0x05, 0x40, 0x00, 0x00, 0xf0, 0x13, 0x00, 0x00, 0x04, 0x40, 0x00, 0x00, 
0xe8, 0x00, 0x00, 0x00, 0x09, 0x01, 0x93, 0xff, 0x05, 0x01, 0x01, 0x00, 0x10, 0x40, 0x00, 0x00, 
0xc0, 0x11, 0x04, 0x00, 0x16, 0x40, 0x00, 0x00, 0xa0, 0x00, 0x00, 0x00, 0x15, 0x40, 0x00, 0x00, 
0xa0, 0x00, 0x00, 0x00, 0x14, 0x40, 0x00, 0x00, 0x10, 0x00, 0x00, 0x00, 0x14, 0x01, 0x41, 0x00, 
0x21, 0x01, 0x02, 0x00, 0x20, 0x01, 0x02, 0x00, 0x22, 0x01, 0x07, 0x00, 0x20, 0x40, 0x00, 0x00, 
0x60, 0xd1, 0x00, 0x00, 0x22, 0x40, 0x00, 0x00, 0x50, 0xd1, 0x00, 0x00, 0x16, 0x01, 0x05, 0x00, 
0x15, 0x01, 0x09, 0x00, 0x17, 0x01, 0x07, 0x00, 0x2f, 0x01, 0x03, 0x00, 0x02, 0x00, 0x00, 0x00, 
0x00, 0x40, 0x00, 0x00, 0xc0, 0x11, 0x04, 0x00, 0x0b, 0x01, 0x09, 0x00, 0x0c, 0x01, 0x09, 0x00, 
0x0a, 0x01, 0x09, 0x00, 0x06, 0x40, 0x00, 0x00, 0xa0, 0x00, 0x00, 0x00, 0x05, 0x40, 0x00, 0x00, 
0xa0, 0x00, 0x00, 0x00, 0x04, 0x40, 0x00, 0x00, 0x10, 0x00, 0x00, 0x00, 0x09, 0x01, 0xf3, 0xff, 
0x05, 0x01, 0x41, 0x00, 0x10, 0x40, 0x00, 0x00, 0x68, 0xb7, 0x03, 0x00, 0x16, 0x40, 0x00, 0x00, 
0x01, 0x00, 0x00, 0x00, 0x15, 0x40, 0x00, 0x00, 0x10, 0x09, 0x00, 0x00, 0x14, 0x40, 0x00, 0x00, 
0xe8, 0x00, 0x00, 0x00, 0x14, 0x01, 0x01, 0x81, 0x21, 0x01, 0x00, 0x00, 0x20, 0x01, 0x00, 0x00, 
0x22, 0x01, 0x00, 0x00, 0x16, 0x01, 0x03, 0x00, 0x15, 0x01, 0x03, 0x00, 0x17, 0x01, 0x7f, 0x00, 
0x2f, 0x01, 0x01, 0x00, 0x05, 0x00, 0x01, 0x00, 0x00, 0x40, 0x00, 0x00, 0xc9, 0x00, 0x02, 0x00, 
0x0b, 0x01, 0x14, 0x00, 0x0c, 0x01, 0x14, 0x00, 0x0a, 0x01, 0x14, 0x00, 0x06, 0x40, 0x00, 0x00, 
0x01, 0x00, 0x00, 0x00, 0x05, 0x40, 0x00, 0x00, 0xf0, 0x13, 0x00, 0x00, 0x04, 0x40, 0x00, 0x00, 
0xe8, 0x00, 0x00, 0x00, 0x09, 0x01, 0x93, 0xff, 0x05, 0x01, 0x01, 0x00, 0x10, 0x40, 0x00, 0x00, 
0xc0, 0x11, 0x04, 0x00, 0x16, 0x40, 0x00, 0x00, 0xa0, 0x00, 0x00, 0x00, 0x15, 0x40, 0x00, 0x00, 
0xa0, 0x00, 0x00, 0x00, 0x14, 0x40, 0x00, 0x00, 0x10, 0x00, 0x00, 0x00, 0x14, 0x01, 0x41, 0x00, 
0x21, 0x01, 0x02, 0x00, 0x20, 0x01, 0x02, 0x00, 0x22, 0x01, 0x07, 0x00, 0x20, 0x40, 0x00, 0x00, 
0xa0, 0xd1, 0x00, 0x00, 0x22, 0x40, 0x00, 0x00, 0x90, 0xd1, 0x00, 0x00, 0x16, 0x01, 0x05, 0x00, 
0x15, 0x01, 0x09, 0x00, 0x17, 0x01, 0x07, 0x00, 0x2f, 0x01, 0x03, 0x00, 0x02, 0x00, 0x00, 0x00, 
0x00, 0x40, 0x00, 0x00, 0xc0, 0x11, 0x04, 0x00, 0x0b, 0x01, 0x09, 0x00, 0x0c, 0x01, 0x09, 0x00, 
0x0a, 0x01, 0x09, 0x00, 0x06, 0x40, 0x00, 0x00, 0xa0, 0x00, 0x00, 0x00, 0x05, 0x40, 0x00, 0x00, 
0xa0, 0x00, 0x00, 0x00, 0x04, 0x40, 0x00, 0x00, 0x10, 0x00, 0x00, 0x00, 0x09, 0x01, 0xf3, 0xff, 
0x05, 0x01, 0x41, 0x00, 0x10, 0x40, 0x00, 0x00, 0x69, 0xb7, 0x03, 0x00, 0x16, 0x40, 0x00, 0x00, 
0x01, 0x00, 0x00, 0x00, 0x15, 0x40, 0x00, 0x00, 0x10, 0x09, 0x00, 0x00, 0x14, 0x40, 0x00, 0x00, 
0xe8, 0x00, 0x00, 0x00, 0x14, 0x01, 0x01, 0x81, 0x21, 0x01, 0x00, 0x00, 0x20, 0x01, 0x00, 0x00, 
0x22, 0x01, 0x00, 0x00, 0x16, 0x01, 0x03, 0x00, 0x15, 0x01, 0x03, 0x00, 0x17, 0x01, 0x7f, 0x00, 
0x2f, 0x01, 0x01, 0x00, 0x05, 0x00, 0x01, 0x00, 0x00, 0x40, 0x00, 0x00, 0xca, 0x00, 0x02, 0x00, 
0x0b, 0x01, 0x14, 0x00, 0x0c, 0x01, 0x14, 0x00, 0x0a, 0x01, 0x14, 0x00, 0x06, 0x40, 0x00, 0x00, 
0x01, 0x00, 0x00, 0x00, 0x05, 0x40, 0x00, 0x00, 0xf0, 0x13, 0x00, 0x00, 0x04, 0x40, 0x00, 0x00, 
0xe8, 0x00, 0x00, 0x00, 0x09, 0x01, 0x93, 0xff, 0x05, 0x01, 0x01, 0x00, 0x10, 0x40, 0x00, 0x00, 
0xc0, 0x11, 0x04, 0x00, 0x16, 0x40, 0x00, 0x00, 0xa0, 0x00, 0x00, 0x00, 0x15, 0x40, 0x00, 0x00, 
0xa0, 0x00, 0x00, 0x00, 0x14, 0x40, 0x00, 0x00, 0x10, 0x00, 0x00, 0x00, 0x14, 0x01, 0x41, 0x00, 
0x21, 0x01, 0x02, 0x00, 0x20, 0x01, 0x02, 0x00, 0x22, 0x01, 0x07, 0x00, 0x20, 0x40, 0x00, 0x00, 
0xe0, 0xd1, 0x00, 0x00, 0x22, 0x40, 0x00, 0x00, 0xd0, 0xd1, 0x00, 0x00, 0x16, 0x01, 0x05, 0x00, 
0x15, 0x01, 0x09, 0x00, 0x17, 0x01, 0x07, 0x00, 0x2f, 0x01, 0x03, 0x00, 0x02, 0x00, 0x00, 0x00, 
0x00, 0x40, 0x00, 0x00, 0xc0, 0x11, 0x04, 0x00, 0x0b, 0x01, 0x09, 0x00, 0x0c, 0x01, 0x09, 0x00, 
0x0a, 0x01, 0x09, 0x00, 0x06, 0x40, 0x00, 0x00, 0xa0, 0x00, 0x00, 0x00, 0x05, 0x40, 0x00, 0x00, 
0xa0, 0x00, 0x00, 0x00, 0x04, 0x40, 0x00, 0x00, 0x10, 0x00, 0x00, 0x00, 0x09, 0x01, 0xf3, 0xff, 
0x05, 0x01, 0x41, 0x00, 0x10, 0x40, 0x00, 0x00, 0x6a, 0xb7, 0x03, 0x00, 0x16, 0x40, 0x00, 0x00, 
0x01, 0x00, 0x00, 0x00, 0x15, 0x40, 0x00, 0x00, 0x10, 0x09, 0x00, 0x00, 0x14, 0x40, 0x00, 0x00, 
0xe8, 0x00, 0x00, 0x00, 0x14, 0x01, 0x01, 0x81, 0x21, 0x01, 0x00, 0x00, 0x20, 0x01, 0x00, 0x00, 
0x22, 0x01, 0x00, 0x00, 0x16, 0x01, 0x03, 0x00, 0x15, 0x01, 0x03, 0x00, 0x17, 0x01, 0x7f, 0x00, 
0x2f, 0x01, 0x01, 0x00, 0x05, 0x00, 0x01, 0x00, 0x00, 0x40, 0x00, 0x00, 0xcb, 0x00, 0x02, 0x00, 
0x0b, 0x01, 0x14, 0x00, 0x0c, 0x01, 0x14, 0x00, 0x0a, 0x01, 0x14, 0x00, 0x06, 0x40, 0x00, 0x00, 
0x01, 0x00, 0x00, 0x00, 0x05, 0x40, 0x00, 0x00, 0xf0, 0x13, 0x00, 0x00, 0x04, 0x40, 0x00, 0x00, 
0xe8, 0x00, 0x00, 0x00, 0x09, 0x01, 0x93, 0xff, 0x05, 0x01, 0x01, 0x00, 0x10, 0x40, 0x00, 0x00, 
0xc0, 0x11, 0x04, 0x00, 0x16, 0x40, 0x00, 0x00, 0xa0, 0x00, 0x00, 0x00, 0x15, 0x40, 0x00, 0x00, 
0xa0, 0x00, 0x00, 0x00, 0x14, 0x40, 0x00, 0x00, 0x10, 0x00, 0x00, 0x00, 0x14, 0x01, 0x41, 0x00, 
0x21, 0x01, 0x02, 0x00, 0x20, 0x01, 0x02, 0x00, 0x22, 0x01, 0x07, 0x00, 0x20, 0x40, 0x00, 0x00, 
0x20, 0xd2, 0x00, 0x00, 0x22, 0x40, 0x00, 0x00, 0x10, 0xd2, 0x00, 0x00, 0x16, 0x01, 0x05, 0x00, 
0x15, 0x01, 0x09, 0x00, 0x17, 0x01, 0x07, 0x00, 0x2f, 0x01, 0x03, 0x00, 0x02, 0x00, 0x00, 0x00, 
0x00, 0x40, 0x00, 0x00, 0xc0, 0x11, 0x04, 0x00, 0x0b, 0x01, 0x09, 0x00, 0x0c, 0x01, 0x09, 0x00, 
0x0a, 0x01, 0x09, 0x00, 0x06, 0x40, 0x00, 0x00, 0xa0, 0x00, 0x00, 0x00, 0x05, 0x40, 0x00, 0x00, 
0xa0, 0x00, 0x00, 0x00, 0x04, 0x40, 0x00, 0x00, 0x10, 0x00, 0x00, 0x00, 0x09, 0x01, 0xf3, 0xff, 
0x05, 0x01, 0x41, 0x00, 0x10, 0x40, 0x00, 0x00, 0x6b, 0xb7, 0x03, 0x00, 0x16, 0x40, 0x00, 0x00, 
0x01, 0x00, 0x00, 0x00, 0x15, 0x40, 0x00, 0x00, 0x10, 0x09, 0x00, 0x00, 0x14, 0x40, 0x00, 0x00, 
0xe8, 0x00, 0x00, 0x00, 0x14, 0x01, 0x01, 0x81, 0x21, 0x01, 0x00, 0x00, 0x20, 0x01, 0x00, 0x00, 
0x22, 0x01, 0x00, 0x00, 0x16, 0x01, 0x03, 0x00, 0x15, 0x01, 0x03, 0x00, 0x17, 0x01, 0x7f, 0x00, 
0x2f, 0x01, 0x01, 0x00, 0x05, 0x00, 0x01, 0x00, 0x00, 0x40, 0x00, 0x00, 0xcc, 0x00, 0x02, 0x00, 
0x0b, 0x01, 0x14, 0x00, 0x0c, 0x01, 0x14, 0x00, 0x0a, 0x01, 0x14, 0x00, 0x06, 0x40, 0x00, 0x00, 
0x01, 0x00, 0x00, 0x00, 0x05, 0x40, 0x00, 0x00, 0xf0, 0x13, 0x00, 0x00, 0x04, 0x40, 0x00, 0x00, 
0xe8, 0x00, 0x00, 0x00, 0x09, 0x01, 0x93, 0xff, 0x05, 0x01, 0x01, 0x00, 0x10, 0x40, 0x00, 0x00, 
0xc0, 0x11, 0x04, 0x00, 0x16, 0x40, 0x00, 0x00, 0xa0, 0x00, 0x00, 0x00, 0x15, 0x40, 0x00, 0x00, 
0xa0, 0x00, 0x00, 0x00, 0x14, 0x40, 0x00, 0x00, 0x10, 0x00, 0x00, 0x00, 0x14, 0x01, 0x41, 0x00, 
0x21, 0x01, 0x02, 0x00, 0x20, 0x01, 0x02, 0x00, 0x22, 0x01, 0x07, 0x00, 0x20, 0x40, 0x00, 0x00, 
0x60, 0xd2, 0x00, 0x00, 0x22, 0x40, 0x00, 0x00, 0x50, 0xd2, 0x00, 0x00, 0x16, 0x01, 0x05, 0x00, 
0x15, 0x01, 0x09, 0x00, 0x17, 0x01, 0x07, 0x00, 0x2f, 0x01, 0x03, 0x00, 0x02, 0x00, 0x00, 0x00, 
0x00, 0x40, 0x00, 0x00, 0xc0, 0x11, 0x04, 0x00, 0x0b, 0x01, 0x09, 0x00, 0x0c, 0x01, 0x09, 0x00, 
0x0a, 0x01, 0x09, 0x00, 0x06, 0x40, 0x00, 0x00, 0xa0, 0x00, 0x00, 0x00, 0x05, 0x40, 0x00, 0x00, 
0xa0, 0x00, 0x00, 0x00, 0x04, 0x40, 0x00, 0x00, 0x10, 0x00, 0x00, 0x00, 0x09, 0x01, 0xf3, 0xff, 
0x05, 0x01, 0x41, 0x00, 0x10, 0x40, 0x00, 0x00, 0x6c, 0xb7, 0x03, 0x00, 0x16, 0x40, 0x00, 0x00, 
0x01, 0x00, 0x00, 0x00, 0x15, 0x40, 0x00, 0x00, 0x10, 0x09, 0x00, 0x00, 0x14, 0x40, 0x00, 0x00, 
0xe8, 0x00, 0x00, 0x00, 0x14, 0x01, 0x01, 0x81, 0x21, 0x01, 0x00, 0x00, 0x20, 0x01, 0x00, 0x00, 
0x22, 0x01, 0x00, 0x00, 0x16, 0x01, 0x03, 0x00, 0x15, 0x01, 0x03, 0x00, 0x17, 0x01, 0x7f, 0x00, 
0x2f, 0x01, 0x01, 0x00, 0x05, 0x00, 0x01, 0x00, 0x00, 0x40, 0x00, 0x00, 0xcd, 0x00, 0x02, 0x00, 
0x0b, 0x01, 0x14, 0x00, 0x0c, 0x01, 0x14, 0x00, 0x0a, 0x01, 0x14, 0x00, 0x06, 0x40, 0x00, 0x00, 
0x01, 0x00, 0x00, 0x00, 0x05, 0x40, 0x00, 0x00, 0xf0, 0x13, 0x00, 0x00, 0x04, 0x40, 0x00, 0x00, 
0xe8, 0x00, 0x00, 0x00, 0x09, 0x01, 0x93, 0xff, 0x05, 0x01, 0x01, 0x00, 0x10, 0x40, 0x00, 0x00, 
0xc0, 0x11, 0x04, 0x00, 0x16, 0x40, 0x00, 0x00, 0xa0, 0x00, 0x00, 0x00, 0x15, 0x40, 0x00, 0x00, 
0xa0, 0x00, 0x00, 0x00, 0x14, 0x40, 0x00, 0x00, 0x10, 0x00, 0x00, 0x00, 0x14, 0x01, 0x41, 0x00, 
0x21, 0x01, 0x02, 0x00, 0x20, 0x01, 0x02, 0x00, 0x22, 0x01, 0x07, 0x00, 0x20, 0x40, 0x00, 0x00, 
0xa0, 0xd2, 0x00, 0x00, 0x22, 0x40, 0x00, 0x00, 0x90, 0xd2, 0x00, 0x00, 0x16, 0x01, 0x05, 0x00, 
0x15, 0x01, 0x09, 0x00, 0x17, 0x01, 0x07, 0x00, 0x2f, 0x01, 0x03, 0x00, 0x02, 0x00, 0x00, 0x00, 
0x00, 0x40, 0x00, 0x00, 0xc0, 0x11, 0x04, 0x00, 0x0b, 0x01, 0x09, 0x00, 0x0c, 0x01, 0x09, 0x00, 
0x0a, 0x01, 0x09, 0x00, 0x06, 0x40, 0x00, 0x00, 0xa0, 0x00, 0x00, 0x00, 0x05, 0x40, 0x00, 0x00, 
0xa0, 0x00, 0x00, 0x00, 0x04, 0x40, 0x00, 0x00, 0x10, 0x00, 0x00, 0x00, 0x09, 0x01, 0xf3, 0xff, 
0x05, 0x01, 0x41, 0x00, 0x10, 0x40, 0x00, 0x00, 0x6d, 0xb7, 0x03, 0x00, 0x16, 0x40, 0x00, 0x00, 
0x01, 0x00, 0x00, 0x00, 0x15, 0x40, 0x00, 0x00, 0x10, 0x09, 0x00, 0x00, 0x14, 0x40, 0x00, 0x00, 
0xe8, 0x00, 0x00, 0x00, 0x14, 0x01, 0x01, 0x81, 0x21, 0x01, 0x00, 0x00, 0x20, 0x01, 0x00, 0x00, 
0x22, 0x01, 0x00, 0x00, 0x16, 0x01, 0x03, 0x00, 0x15, 0x01, 0x03, 0x00, 0x17, 0x01, 0x7f, 0x00, 
0x2f, 0x01, 0x01, 0x00, 0x05, 0x00, 0x01, 0x00, 0x00, 0x40, 0x00, 0x00, 0xce, 0x00, 0x02, 0x00, 
0x0b, 0x01, 0x14, 0x00, 0x0c, 0x01, 0x14, 0x00, 0x0a, 0x01, 0x14, 0x00, 0x06, 0x40, 0x00, 0x00, 
0x01, 0x00, 0x00, 0x00, 0x05, 0x40, 0x00, 0x00, 0xf0, 0x13, 0x00, 0x00, 0x04, 0x40, 0x00, 0x00, 
0xe8, 0x00, 0x00, 0x00, 0x09, 0x01, 0x93, 0xff, 0x05, 0x01, 0x01, 0x00, 0x10, 0x40, 0x00, 0x00, 
0xc0, 0x11, 0x04, 0x00, 0x16, 0x40, 0x00, 0x00, 0xa0, 0x00, 0x00, 0x00, 0x15, 0x40, 0x00, 0x00, 
0xa0, 0x00, 0x00, 0x00, 0x14, 0x40, 0x00, 0x00, 0x10, 0x00, 0x00, 0x00, 0x14, 0x01, 0x41, 0x00, 
0x21, 0x01, 0x02, 0x00, 0x20, 0x01, 0x02, 0x00, 0x22, 0x01, 0x07, 0x00, 0x20, 0x40, 0x00, 0x00, 
0xe0, 0xd2, 0x00, 0x00, 0x22, 0x40, 0x00, 0x00, 0xd0, 0xd2, 0x00, 0x00, 0x16, 0x01, 0x05, 0x00, 
0x15, 0x01, 0x09, 0x00, 0x17, 0x01, 0x07, 0x00, 0x2f, 0x01, 0x03, 0x00, 0x02, 0x00, 0x00, 0x00, 
0x00, 0x40, 0x00, 0x00, 0xc0, 0x11, 0x04, 0x00, 0x0b, 0x01, 0x09, 0x00, 0x0c, 0x01, 0x09, 0x00, 
0x0a, 0x01, 0x09, 0x00, 0x06, 0x40, 0x00, 0x00, 0xa0, 0x00, 0x00, 0x00, 0x05, 0x40, 0x00, 0x00, 
0xa0, 0x00, 0x00, 0x00, 0x04, 0x40, 0x00, 0x00, 0x10, 0x00, 0x00, 0x00, 0x09, 0x01, 0xf3, 0xff, 
0x05, 0x01, 0x41, 0x00, 0x10, 0x40, 0x00, 0x00, 0x6e, 0xb7, 0x03, 0x00, 0x16, 0x40, 0x00, 0x00, 
0x01, 0x00, 0x00, 0x00, 0x15, 0x40, 0x00, 0x00, 0x10, 0x09, 0x00, 0x00, 0x14, 0x40, 0x00, 0x00, 
0xe8, 0x00, 0x00, 0x00, 0x14, 0x01, 0x01, 0x81, 0x21, 0x01, 0x00, 0x00, 0x20, 0x01, 0x00, 0x00, 
0x22, 0x01, 0x00, 0x00, 0x16, 0x01, 0x03, 0x00, 0x15, 0x01, 0x03, 0x00, 0x17, 0x01, 0x7f, 0x00, 
0x2f, 0x01, 0x01, 0x00, 0x05, 0x00, 0x01, 0x00, 0x00, 0x40, 0x00, 0x00, 0xcf, 0x00, 0x02, 0x00, 
0x0b, 0x01, 0x14, 0x00, 0x0c, 0x01, 0x14, 0x00, 0x0a, 0x01, 0x14, 0x00, 0x06, 0x40, 0x00, 0x00, 
0x01, 0x00, 0x00, 0x00, 0x05, 0x40, 0x00, 0x00, 0xf0, 0x13, 0x00, 0x00, 0x04, 0x40, 0x00, 0x00, 
0xe8, 0x00, 0x00, 0x00, 0x09, 0x01, 0x93, 0xff, 0x05, 0x01, 0x01, 0x00, 0x10, 0x40, 0x00, 0x00, 
0xc0, 0x11, 0x04, 0x00, 0x16, 0x40, 0x00, 0x00, 0xa0, 0x00, 0x00, 0x00, 0x15, 0x40, 0x00, 0x00, 
0xa0, 0x00, 0x00, 0x00, 0x14, 0x40, 0x00, 0x00, 0x10, 0x00, 0x00, 0x00, 0x14, 0x01, 0x41, 0x00, 
0x21, 0x01, 0x02, 0x00, 0x20, 0x01, 0x02, 0x00, 0x22, 0x01, 0x07, 0x00, 0x20, 0x40, 0x00, 0x00, 
0x20, 0xd3, 0x00, 0x00, 0x22, 0x40, 0x00, 0x00, 0x10, 0xd3, 0x00, 0x00, 0x16, 0x01, 0x05, 0x00, 
0x15, 0x01, 0x09, 0x00, 0x17, 0x01, 0x07, 0x00, 0x2f, 0x01, 0x03, 0x00, 0x02, 0x00, 0x00, 0x00, 
0x00, 0x40, 0x00, 0x00, 0xc0, 0x11, 0x04, 0x00, 0x0b, 0x01, 0x09, 0x00, 0x0c, 0x01, 0x09, 0x00, 
0x0a, 0x01, 0x09, 0x00, 0x06, 0x40, 0x00, 0x00, 0xa0, 0x00, 0x00, 0x00, 0x05, 0x40, 0x00, 0x00, 
0xa0, 0x00, 0x00, 0x00, 0x04, 0x40, 0x00, 0x00, 0x10, 0x00, 0x00, 0x00, 0x09, 0x01, 0xf3, 0xff, 
0x05, 0x01, 0x41, 0x00, 0x10, 0x40, 0x00, 0x00, 0x6f, 0xb7, 0x03, 0x00, 0x16, 0x40, 0x00, 0x00, 
0x01, 0x00, 0x00, 0x00, 0x15, 0x40, 0x00, 0x00, 0x10, 0x09, 0x00, 0x00, 0x14, 0x40, 0x00, 0x00, 
0xe8, 0x00, 0x00, 0x00, 0x14, 0x01, 0x01, 0x81, 0x21, 0x01, 0x00, 0x00, 0x20, 0x01, 0x00, 0x00, 
0x22, 0x01, 0x00, 0x00, 0x16, 0x01, 0x03, 0x00, 0x15, 0x01, 0x03, 0x00, 0x17, 0x01, 0x7f, 0x00, 
0x2f, 0x01, 0x01, 0x00, 0x05, 0x00, 0x01, 0x00, 0x00, 0x40, 0x00, 0x00, 0xd0, 0x00, 0x02, 0x00, 
0x0b, 0x01, 0x14, 0x00, 0x0c, 0x01, 0x14, 0x00, 0x0a, 0x01, 0x14, 0x00, 0x06, 0x40, 0x00, 0x00, 
0x01, 0x00, 0x00, 0x00, 0x05, 0x40, 0x00, 0x00, 0xf0, 0x13, 0x00, 0x00, 0x04, 0x40, 0x00, 0x00, 
0xe8, 0x00, 0x00, 0x00, 0x09, 0x01, 0x93, 0xff, 0x05, 0x01, 0x01, 0x00, 0x10, 0x40, 0x00, 0x00, 
0xc0, 0x11, 0x04, 0x00, 0x16, 0x40, 0x00, 0x00, 0xa0, 0x00, 0x00, 0x00, 0x15, 0x40, 0x00, 0x00, 
0xa0, 0x00, 0x00, 0x00, 0x14, 0x40, 0x00, 0x00, 0x10, 0x00, 0x00, 0x00, 0x14, 0x01, 0x41, 0x00, 
0x21, 0x01, 0x02, 0x00, 0x20, 0x01, 0x02, 0x00, 0x22, 0x01, 0x07, 0x00, 0x20, 0x40, 0x00, 0x00, 
0x60, 0xd3, 0x00, 0x00, 0x22, 0x40, 0x00, 0x00, 0x50, 0xd3, 0x00, 0x00, 0x16, 0x01, 0x05, 0x00, 
0x15, 0x01, 0x09, 0x00, 0x17, 0x01, 0x07, 0x00, 0x2f, 0x01, 0x03, 0x00, 0x02, 0x00, 0x00, 0x00, 
0x00, 0x40, 0x00, 0x00, 0xc0, 0x11, 0x04, 0x00, 0x0b, 0x01, 0x09, 0x00, 0x0c, 0x01, 0x09, 0x00, 
0x0a, 0x01, 0x09, 0x00, 0x06, 0x40, 0x00, 0x00, 0xa0, 0x00, 0x00, 0x00, 0x05, 0x40, 0x00, 0x00, 
0xa0, 0x00, 0x00, 0x00, 0x04, 0x40, 0x00, 0x00, 0x10, 0x00, 0x00, 0x00, 0x09, 0x01, 0xf3, 0xff, 
0x05, 0x01, 0x41, 0x00, 0x10, 0x40, 0x00, 0x00, 0x70, 0xb7, 0x03, 0x00, 0x16, 0x40, 0x00, 0x00, 
0x01, 0x00, 0x00, 0x00, 0x15, 0x40, 0x00, 0x00, 0x10, 0x09, 0x00, 0x00, 0x14, 0x40, 0x00, 0x00, 
0xe8, 0x00, 0x00, 0x00, 0x14, 0x01, 0x01, 0x81, 0x21, 0x01, 0x00, 0x00, 0x20, 0x01, 0x00, 0x00, 
0x22, 0x01, 0x00, 0x00, 0x16, 0x01, 0x03, 0x00, 0x15, 0x01, 0x03, 0x00, 0x17, 0x01, 0x7f, 0x00, 
0x2f, 0x01, 0x01, 0x00, 0x05, 0x00, 0x01, 0x00, 0x00, 0x40, 0x00, 0x00, 0xd1, 0x00, 0x02, 0x00, 
0x0b, 0x01, 0x14, 0x00, 0x0c, 0x01, 0x14, 0x00, 0x0a, 0x01, 0x14, 0x00, 0x06, 0x40, 0x00, 0x00, 
0x01, 0x00, 0x00, 0x00, 0x05, 0x40, 0x00, 0x00, 0xf0, 0x13, 0x00, 0x00, 0x04, 0x40, 0x00, 0x00, 
0xe8, 0x00, 0x00, 0x00, 0x09, 0x01, 0x93, 0xff, 0x05, 0x01, 0x01, 0x00, 0x10, 0x40, 0x00, 0x00, 
0xc0, 0x11, 0x04, 0x00, 0x16, 0x40, 0x00, 0x00, 0xa0, 0x00, 0x00, 0x00, 0x15, 0x40, 0x00, 0x00, 
0xa0, 0x00, 0x00, 0x00, 0x14, 0x40, 0x00, 0x00, 0x10, 0x00, 0x00, 0x00, 0x14, 0x01, 0x41, 0x00, 
0x21, 0x01, 0x02, 0x00, 0x20, 0x01, 0x02, 0x00, 0x22, 0x01, 0x07, 0x00, 0x20, 0x40, 0x00, 0x00, 
0xa0, 0xd3, 0x00, 0x00, 0x22, 0x40, 0x00, 0x00, 0x90, 0xd3, 0x00, 0x00, 0x16, 0x01, 0x05, 0x00, 
0x15, 0x01, 0x09, 0x00, 0x17, 0x01, 0x07, 0x00, 0x2f, 0x01, 0x03, 0x00, 0x02, 0x00, 0x00, 0x00, 
0x00, 0x40, 0x00, 0x00, 0xc0, 0x11, 0x04, 0x00, 0x0b, 0x01, 0x09, 0x00, 0x0c, 0x01, 0x09, 0x00, 
0x0a, 0x01, 0x09, 0x00, 0x06, 0x40, 0x00, 0x00, 0xa0, 0x00, 0x00, 0x00, 0x05, 0x40, 0x00, 0x00, 
0xa0, 0x00, 0x00, 0x00, 0x04, 0x40, 0x00, 0x00, 0x10, 0x00, 0x00, 0x00, 0x09, 0x01, 0xf3, 0xff, 
0x05, 0x01, 0x41, 0x00, 0x10, 0x40, 0x00, 0x00, 0x71, 0xb7, 0x03, 0x00, 0x16, 0x40, 0x00, 0x00, 
0x01, 0x00, 0x00, 0x00, 0x15, 0x40, 0x00, 0x00, 0x10, 0x09, 0x00, 0x00, 0x14, 0x40, 0x00, 0x00, 
0xe8, 0x00, 0x00, 0x00, 0x14, 0x01, 0x01, 0x81, 0x21, 0x01, 0x00, 0x00, 0x20, 0x01, 0x00, 0x00, 
0x22, 0x01, 0x00, 0x00, 0x16, 0x01, 0x03, 0x00, 0x15, 0x01, 0x03, 0x00, 0x17, 0x01, 0x7f, 0x00, 
0x2f, 0x01, 0x01, 0x00, 0x05, 0x00, 0x01, 0x00, 0x00, 0x40, 0x00, 0x00, 0xd2, 0x00, 0x02, 0x00, 
0x0b, 0x01, 0x14, 0x00, 0x0c, 0x01, 0x14, 0x00, 0x0a, 0x01, 0x14, 0x00, 0x06, 0x40, 0x00, 0x00, 
0x01, 0x00, 0x00, 0x00, 0x05, 0x40, 0x00, 0x00, 0xf0, 0x13, 0x00, 0x00, 0x04, 0x40, 0x00, 0x00, 
0xe8, 0x00, 0x00, 0x00, 0x09, 0x01, 0x93, 0xff, 0x05, 0x01, 0x01, 0x00, 0x10, 0x40, 0x00, 0x00, 
0xc0, 0x11, 0x04, 0x00, 0x16, 0x40, 0x00, 0x00, 0xa0, 0x00, 0x00, 0x00, 0x15, 0x40, 0x00, 0x00, 
0xa0, 0x00, 0x00, 0x00, 0x14, 0x40, 0x00, 0x00, 0x10, 0x00, 0x00, 0x00, 0x14, 0x01, 0x41, 0x00, 
0x21, 0x01, 0x02, 0x00, 0x20, 0x01, 0x02, 0x00, 0x22, 0x01, 0x07, 0x00, 0x20, 0x40, 0x00, 0x00, 
0xe0, 0xd3, 0x00, 0x00, 0x22, 0x40, 0x00, 0x00, 0xd0, 0xd3, 0x00, 0x00, 0x16, 0x01, 0x05, 0x00, 
0x15, 0x01, 0x09, 0x00, 0x17, 0x01, 0x07, 0x00, 0x2f, 0x01, 0x03, 0x00, 0x02, 0x00, 0x00, 0x00, 
0x00, 0x40, 0x00, 0x00, 0xc0, 0x11, 0x04, 0x00, 0x0b, 0x01, 0x09, 0x00, 0x0c, 0x01, 0x09, 0x00, 
0x0a, 0x01, 0x09, 0x00, 0x06, 0x40, 0x00, 0x00, 0xa0, 0x00, 0x00, 0x00, 0x05, 0x40, 0x00, 0x00, 
0xa0, 0x00, 0x00, 0x00, 0x04, 0x40, 0x00, 0x00, 0x10, 0x00, 0x00, 0x00, 0x09, 0x01, 0xf3, 0xff, 
0x05, 0x01, 0x41, 0x00, 0x10, 0x40, 0x00, 0x00, 0x72, 0xb7, 0x03, 0x00, 0x16, 0x40, 0x00, 0x00, 
0x01, 0x00, 0x00, 0x00, 0x15, 0x40, 0x00, 0x00, 0x10, 0x09, 0x00, 0x00, 0x14, 0x40, 0x00, 0x00, 
0xe8, 0x00, 0x00, 0x00, 0x14, 0x01, 0x01, 0x81, 0x21, 0x01, 0x00, 0x00, 0x20, 0x01, 0x00, 0x00, 
0x22, 0x01, 0x00, 0x00, 0x16, 0x01, 0x03, 0x00, 0x15, 0x01, 0x03, 0x00, 0x17, 0x01, 0x7f, 0x00, 
0x2f, 0x01, 0x01, 0x00, 0x05, 0x00, 0x01, 0x00, 0x00, 0x40, 0x00, 0x00, 0xd3, 0x00, 0x02, 0x00, 
0x0b, 0x01, 0x14, 0x00, 0x0c, 0x01, 0x14, 0x00, 0x0a, 0x01, 0x14, 0x00, 0x06, 0x40, 0x00, 0x00, 
0x01, 0x00, 0x00, 0x00, 0x05, 0x40, 0x00, 0x00, 0xf0, 0x13, 0x00, 0x00, 0x04, 0x40, 0x00, 0x00, 
0xe8, 0x00, 0x00, 0x00, 0x09, 0x01, 0x93, 0xff, 0x05, 0x01, 0x01, 0x00, 0x10, 0x40, 0x00, 0x00, 
0xc0, 0x11, 0x04, 0x00, 0x16, 0x40, 0x00, 0x00, 0xa0, 0x00, 0x00, 0x00, 0x15, 0x40, 0x00, 0x00, 
0xa0, 0x00, 0x00, 0x00, 0x14, 0x40, 0x00, 0x00, 0x10, 0x00, 0x00, 0x00, 0x14, 0x01, 0x41, 0x00, 
0x21, 0x01, 0x02, 0x00, 0x20, 0x01, 0x02, 0x00, 0x22, 0x01, 0x07, 0x00, 0x20, 0x40, 0x00, 0x00, 
0x20, 0xd4, 0x00, 0x00, 0x22, 0x40, 0x00, 0x00, 0x10, 0xd4, 0x00, 0x00, 0x16, 0x01, 0x05, 0x00, 
0x15, 0x01, 0x09, 0x00, 0x17, 0x01, 0x07, 0x00, 0x2f, 0x01, 0x03, 0x00, 0x02, 0x00, 0x00, 0x00, 
0x00, 0x40, 0x00, 0x00, 0xc0, 0x11, 0x04, 0x00, 0x0b, 0x01, 0x09, 0x00, 0x0c, 0x01, 0x09, 0x00, 
0x0a, 0x01, 0x09, 0x00, 0x06, 0x40, 0x00, 0x00, 0xa0, 0x00, 0x00, 0x00, 0x05, 0x40, 0x00, 0x00, 
0xa0, 0x00, 0x00, 0x00, 0x04, 0x40, 0x00, 0x00, 0x10, 0x00, 0x00, 0x00, 0x09, 0x01, 0xf3, 0xff, 
0x05, 0x01, 0x41, 0x00, 0x10, 0x40, 0x00, 0x00, 0x73, 0xb7, 0x03, 0x00, 0x16, 0x40, 0x00, 0x00, 
0x01, 0x00, 0x00, 0x00, 0x15, 0x40, 0x00, 0x00, 0x10, 0x09, 0x00, 0x00, 0x14, 0x40, 0x00, 0x00, 
0xe8, 0x00, 0x00, 0x00, 0x14, 0x01, 0x01, 0x81, 0x21, 0x01, 0x00, 0x00, 0x20, 0x01, 0x00, 0x00, 
0x22, 0x01, 0x00, 0x00, 0x16, 0x01, 0x03, 0x00, 0x15, 0x01, 0x03, 0x00, 0x17, 0x01, 0x7f, 0x00, 
0x2f, 0x01, 0x01, 0x00, 0x05, 0x00, 0x01, 0x00, 0x00, 0x40, 0x00, 0x00, 0xd4, 0x00, 0x02, 0x00, 
0x0b, 0x01, 0x14, 0x00, 0x0c, 0x01, 0x14, 0x00, 0x0a, 0x01, 0x14, 0x00, 0x06, 0x40, 0x00, 0x00, 
0x01, 0x00, 0x00, 0x00, 0x05, 0x40, 0x00, 0x00, 0xf0, 0x13, 0x00, 0x00, 0x04, 0x40, 0x00, 0x00, 
0xe8, 0x00, 0x00, 0x00, 0x09, 0x01, 0x93, 0xff, 0x05, 0x01, 0x01, 0x00, 0x10, 0x40, 0x00, 0x00, 
0xc0, 0x11, 0x04, 0x00, 0x16, 0x40, 0x00, 0x00, 0xa0, 0x00, 0x00, 0x00, 0x15, 0x40, 0x00, 0x00, 
0xa0, 0x00, 0x00, 0x00, 0x14, 0x40, 0x00, 0x00, 0x10, 0x00, 0x00, 0x00, 0x14, 0x01, 0x41, 0x00, 
0x21, 0x01, 0x02, 0x00, 0x20, 0x01, 0x02, 0x00, 0x22, 0x01, 0x07, 0x00, 0x20, 0x40, 0x00, 0x00, 
0x60, 0xd4, 0x00, 0x00, 0x22, 0x40, 0x00, 0x00, 0x50, 0xd4, 0x00, 0x00, 0x16, 0x01, 0x05, 0x00, 
0x15, 0x01, 0x09, 0x00, 0x17, 0x01, 0x07, 0x00, 0x2f, 0x01, 0x03, 0x00, 0x02, 0x00, 0x00, 0x00, 
0x00, 0x40, 0x00, 0x00, 0xc0, 0x11, 0x04, 0x00, 0x0b, 0x01, 0x09, 0x00, 0x0c, 0x01, 0x09, 0x00, 
0x0a, 0x01, 0x09, 0x00, 0x06, 0x40, 0x00, 0x00, 0xa0, 0x00, 0x00, 0x00, 0x05, 0x40, 0x00, 0x00, 
0xa0, 0x00, 0x00, 0x00, 0x04, 0x40, 0x00, 0x00, 0x10, 0x00, 0x00, 0x00, 0x09, 0x01, 0xf3, 0xff, 
0x05, 0x01, 0x41, 0x00, 0x10, 0x40, 0x00, 0x00, 0x74, 0xb7, 0x03, 0x00, 0x16, 0x40, 0x00, 0x00, 
0x01, 0x00, 0x00, 0x00, 0x15, 0x40, 0x00, 0x00, 0x10, 0x09, 0x00, 0x00, 0x14, 0x40, 0x00, 0x00, 
0xe8, 0x00, 0x00, 0x00, 0x14, 0x01, 0x01, 0x81, 0x21, 0x01, 0x00, 0x00, 0x20, 0x01, 0x00, 0x00, 
0x22, 0x01, 0x00, 0x00, 0x16, 0x01, 0x03, 0x00, 0x15, 0x01, 0x03, 0x00, 0x17, 0x01, 0x7f, 0x00, 
0x2f, 0x01, 0x01, 0x00, 0x05, 0x00, 0x01, 0x00, 0x00, 0x40, 0x00, 0x00, 0xd5, 0x00, 0x02, 0x00, 
0x0b, 0x01, 0x14, 0x00, 0x0c, 0x01, 0x14, 0x00, 0x0a, 0x01, 0x14, 0x00, 0x06, 0x40, 0x00, 0x00, 
0x01, 0x00, 0x00, 0x00, 0x05, 0x40, 0x00, 0x00, 0xf0, 0x13, 0x00, 0x00, 0x04, 0x40, 0x00, 0x00, 
0xe8, 0x00, 0x00, 0x00, 0x09, 0x01, 0x93, 0xff, 0x05, 0x01, 0x01, 0x00, 0x10, 0x40, 0x00, 0x00, 
0xc0, 0x11, 0x04, 0x00, 0x16, 0x40, 0x00, 0x00, 0xa0, 0x00, 0x00, 0x00, 0x15, 0x40, 0x00, 0x00, 
0xa0, 0x00, 0x00, 0x00, 0x14, 0x40, 0x00, 0x00, 0x10, 0x00, 0x00, 0x00, 0x14, 0x01, 0x41, 0x00, 
0x21, 0x01, 0x02, 0x00, 0x20, 0x01, 0x02, 0x00, 0x22, 0x01, 0x07, 0x00, 0x20, 0x40, 0x00, 0x00, 
0xa0, 0xd4, 0x00, 0x00, 0x22, 0x40, 0x00, 0x00, 0x90, 0xd4, 0x00, 0x00, 0x16, 0x01, 0x05, 0x00, 
0x15, 0x01, 0x09, 0x00, 0x17, 0x01, 0x07, 0x00, 0x2f, 0x01, 0x03, 0x00, 0x02, 0x00, 0x00, 0x00, 
0x00, 0x40, 0x00, 0x00, 0xc0, 0x11, 0x04, 0x00, 0x0b, 0x01, 0x09, 0x00, 0x0c, 0x01, 0x09, 0x00, 
0x0a, 0x01, 0x09, 0x00, 0x06, 0x40, 0x00, 0x00, 0xa0, 0x00, 0x00, 0x00, 0x05, 0x40, 0x00, 0x00, 
0xa0, 0x00, 0x00, 0x00, 0x04, 0x40, 0x00, 0x00, 0x10, 0x00, 0x00, 0x00, 0x09, 0x01, 0xf3, 0xff, 
0x05, 0x01, 0x41, 0x00, 0x10, 0x40, 0x00, 0x00, 0x75, 0xb7, 0x03, 0x00, 0x16, 0x40, 0x00, 0x00, 
0x01, 0x00, 0x00, 0x00, 0x15, 0x40, 0x00, 0x00, 0x10, 0x09, 0x00, 0x00, 0x14, 0x40, 0x00, 0x00, 
0xe8, 0x00, 0x00, 0x00, 0x14, 0x01, 0x01, 0x81, 0x21, 0x01, 0x00, 0x00, 0x20, 0x01, 0x00, 0x00, 
0x22, 0x01, 0x00, 0x00, 0x16, 0x01, 0x03, 0x00, 0x15, 0x01, 0x03, 0x00, 0x17, 0x01, 0x7f, 0x00, 
0x2f, 0x01, 0x01, 0x00, 0x05, 0x00, 0x01, 0x00, 0x00, 0x40, 0x00, 0x00, 0xd6, 0x00, 0x02, 0x00, 
0x0b, 0x01, 0x14, 0x00, 0x0c, 0x01, 0x14, 0x00, 0x0a, 0x01, 0x14, 0x00, 0x06, 0x40, 0x00, 0x00, 
0x01, 0x00, 0x00, 0x00, 0x05, 0x40, 0x00, 0x00, 0xf0, 0x13, 0x00, 0x00, 0x04, 0x40, 0x00, 0x00, 
0xe8, 0x00, 0x00, 0x00, 0x09, 0x01, 0x93, 0xff, 0x05, 0x01, 0x01, 0x00, 0x10, 0x40, 0x00, 0x00, 
0xc0, 0x11, 0x04, 0x00, 0x16, 0x40, 0x00, 0x00, 0xa0, 0x00, 0x00, 0x00, 0x15, 0x40, 0x00, 0x00, 
0xa0, 0x00, 0x00, 0x00, 0x14, 0x40, 0x00, 0x00, 0x10, 0x00, 0x00, 0x00, 0x14, 0x01, 0x41, 0x00, 
0x21, 0x01, 0x02, 0x00, 0x20, 0x01, 0x02, 0x00, 0x22, 0x01, 0x07, 0x00, 0x20, 0x40, 0x00, 0x00, 
0xe0, 0xd4, 0x00, 0x00, 0x22, 0x40, 0x00, 0x00, 0xd0, 0xd4, 0x00, 0x00, 0x16, 0x01, 0x05, 0x00, 
0x15, 0x01, 0x09, 0x00, 0x17, 0x01, 0x07, 0x00, 0x2f, 0x01, 0x03, 0x00, 0x02, 0x00, 0x00, 0x00, 
0x00, 0x40, 0x00, 0x00, 0xc0, 0x11, 0x04, 0x00, 0x0b, 0x01, 0x09, 0x00, 0x0c, 0x01, 0x09, 0x00, 
0x0a, 0x01, 0x09, 0x00, 0x06, 0x40, 0x00, 0x00, 0xa0, 0x00, 0x00, 0x00, 0x05, 0x40, 0x00, 0x00, 
0xa0, 0x00, 0x00, 0x00, 0x04, 0x40, 0x00, 0x00, 0x10, 0x00, 0x00, 0x00, 0x09, 0x01, 0xf3, 0xff, 
0x05, 0x01, 0x41, 0x00, 0x10, 0x40, 0x00, 0x00, 0x76, 0xb7, 0x03, 0x00, 0x16, 0x40, 0x00, 0x00, 
0x01, 0x00, 0x00, 0x00, 0x15, 0x40, 0x00, 0x00, 0x10, 0x09, 0x00, 0x00, 0x14, 0x40, 0x00, 0x00, 
0xe8, 0x00, 0x00, 0x00, 0x14, 0x01, 0x01, 0x81, 0x21, 0x01, 0x00, 0x00, 0x20, 0x01, 0x00, 0x00, 
0x22, 0x01, 0x00, 0x00, 0x16, 0x01, 0x03, 0x00, 0x15, 0x01, 0x03, 0x00, 0x17, 0x01, 0x7f, 0x00, 
0x2f, 0x01, 0x01, 0x00, 0x05, 0x00, 0x01, 0x00, 0x00, 0x40, 0x00, 0x00, 0xd7, 0x00, 0x02, 0x00, 
0x0b, 0x01, 0x14, 0x00, 0x0c, 0x01, 0x14, 0x00, 0x0a, 0x01, 0x14, 0x00, 0x06, 0x40, 0x00, 0x00, 
0x01, 0x00, 0x00, 0x00, 0x05, 0x40, 0x00, 0x00, 0xf0, 0x13, 0x00, 0x00, 0x04, 0x40, 0x00, 0x00, 
0xe8, 0x00, 0x00, 0x00, 0x09, 0x01, 0x93, 0xff, 0x05, 0x01, 0x01, 0x00, 0x10, 0x40, 0x00, 0x00, 
0xc0, 0x11, 0x04, 0x00, 0x16, 0x40, 0x00, 0x00, 0xa0, 0x00, 0x00, 0x00, 0x15, 0x40, 0x00, 0x00, 
0xa0, 0x00, 0x00, 0x00, 0x14, 0x40, 0x00, 0x00, 0x10, 0x00, 0x00, 0x00, 0x14, 0x01, 0x41, 0x00, 
0x21, 0x01, 0x02, 0x00, 0x20, 0x01, 0x02, 0x00, 0x22, 0x01, 0x07, 0x00, 0x20, 0x40, 0x00, 0x00, 
0x20, 0xd5, 0x00, 0x00, 0x22, 0x40, 0x00, 0x00, 0x10, 0xd5, 0x00, 0x00, 0x16, 0x01, 0x05, 0x00, 
0x15, 0x01, 0x09, 0x00, 0x17, 0x01, 0x07, 0x00, 0x2f, 0x01, 0x03, 0x00, 0x02, 0x00, 0x00, 0x00, 
0x00, 0x40, 0x00, 0x00, 0xc0, 0x11, 0x04, 0x00, 0x0b, 0x01, 0x09, 0x00, 0x0c, 0x01, 0x09, 0x00, 
0x0a, 0x01, 0x09, 0x00, 0x06, 0x40, 0x00, 0x00, 0xa0, 0x00, 0x00, 0x00, 0x05, 0x40, 0x00, 0x00, 
0xa0, 0x00, 0x00, 0x00, 0x04, 0x40, 0x00, 0x00, 0x10, 0x00, 0x00, 0x00, 0x09, 0x01, 0xf3, 0xff, 
0x05, 0x01, 0x41, 0x00, 0x10, 0x40, 0x00, 0x00, 0x77, 0xb7, 0x03, 0x00, 0x16, 0x40, 0x00, 0x00, 
0x01, 0x00, 0x00, 0x00, 0x15, 0x40, 0x00, 0x00, 0x10, 0x09, 0x00, 0x00, 0x14, 0x40, 0x00, 0x00, 
0xe8, 0x00, 0x00, 0x00, 0x14, 0x01, 0x01, 0x81, 0x21, 0x01, 0x00, 0x00, 0x20, 0x01, 0x00, 0x00, 
0x22, 0x01, 0x00, 0x00, 0x16, 0x01, 0x03, 0x00, 0x15, 0x01, 0x03, 0x00, 0x17, 0x01, 0x7f, 0x00, 
0x2f, 0x01, 0x01, 0x00, 0x05, 0x00, 0x01, 0x00, 0x00, 0x40, 0x00, 0x00, 0xd8, 0x00, 0x02, 0x00, 
0x0b, 0x01, 0x14, 0x00, 0x0c, 0x01, 0x14, 0x00, 0x0a, 0x01, 0x14, 0x00, 0x06, 0x40, 0x00, 0x00, 
0x01, 0x00, 0x00, 0x00, 0x05, 0x40, 0x00, 0x00, 0xf0, 0x13, 0x00, 0x00, 0x04, 0x40, 0x00, 0x00, 
0xe8, 0x00, 0x00, 0x00, 0x09, 0x01, 0x93, 0xff, 0x05, 0x01, 0x01, 0x00, 0x10, 0x40, 0x00, 0x00, 
0xc0, 0x11, 0x04, 0x00, 0x16, 0x40, 0x00, 0x00, 0xa0, 0x00, 0x00, 0x00, 0x15, 0x40, 0x00, 0x00, 
0xa0, 0x00, 0x00, 0x00, 0x14, 0x40, 0x00, 0x00, 0x10, 0x00, 0x00, 0x00, 0x14, 0x01, 0x41, 0x00, 
0x21, 0x01, 0x02, 0x00, 0x20, 0x01, 0x02, 0x00, 0x22, 0x01, 0x07, 0x00, 0x20, 0x40, 0x00, 0x00, 
0x60, 0xd5, 0x00, 0x00, 0x22, 0x40, 0x00, 0x00, 0x50, 0xd5, 0x00, 0x00, 0x16, 0x01, 0x05, 0x00, 
0x15, 0x01, 0x09, 0x00, 0x17, 0x01, 0x07, 0x00, 0x2f, 0x01, 0x03, 0x00, 0x02, 0x00, 0x00, 0x00, 
0x00, 0x40, 0x00, 0x00, 0xc0, 0x11, 0x04, 0x00, 0x0b, 0x01, 0x09, 0x00, 0x0c, 0x01, 0x09, 0x00, 
0x0a, 0x01, 0x09, 0x00, 0x06, 0x40, 0x00, 0x00, 0xa0, 0x00, 0x00, 0x00, 0x05, 0x40, 0x00, 0x00, 
0xa0, 0x00, 0x00, 0x00, 0x04, 0x40, 0x00, 0x00, 0x10, 0x00, 0x00, 0x00, 0x09, 0x01, 0xf3, 0xff, 
0x05, 0x01, 0x41, 0x00, 0x10, 0x40, 0x00, 0x00, 0x78, 0xb7, 0x03, 0x00, 0x16, 0x40, 0x00, 0x00, 
0x01, 0x00, 0x00, 0x00, 0x15, 0x40, 0x00, 0x00, 0x10, 0x09, 0x00, 0x00, 0x14, 0x40, 0x00, 0x00, 
0xe8, 0x00, 0x00, 0x00, 0x14, 0x01, 0x01, 0x81, 0x21, 0x01, 0x00, 0x00, 0x20, 0x01, 0x00, 0x00, 
0x22, 0x01, 0x00, 0x00, 0x16, 0x01, 0x03, 0x00, 0x15, 0x01, 0x03, 0x00, 0x17, 0x01, 0x7f, 0x00, 
0x2f, 0x01, 0x01, 0x00, 0x05, 0x00, 0x01, 0x00, 0x00, 0x40, 0x00, 0x00, 0xd9, 0x00, 0x02, 0x00, 
0x0b, 0x01, 0x14, 0x00, 0x0c, 0x01, 0x14, 0x00, 0x0a, 0x01, 0x14, 0x00, 0x06, 0x40, 0x00, 0x00, 
0x01, 0x00, 0x00, 0x00, 0x05, 0x40, 0x00, 0x00, 0xf0, 0x13, 0x00, 0x00, 0x04, 0x40, 0x00, 0x00, 
0xe8, 0x00, 0x00, 0x00, 0x09, 0x01, 0x93, 0xff, 0x05, 0x01, 0x01, 0x00, 0x10, 0x40, 0x00, 0x00, 
0xc0, 0x11, 0x04, 0x00, 0x16, 0x40, 0x00, 0x00, 0xa0, 0x00, 0x00, 0x00, 0x15, 0x40, 0x00, 0x00, 
0xa0, 0x00, 0x00, 0x00, 0x14, 0x40, 0x00, 0x00, 0x10, 0x00, 0x00, 0x00, 0x14, 0x01, 0x41, 0x00, 
0x21, 0x01, 0x02, 0x00, 0x20, 0x01, 0x02, 0x00, 0x22, 0x01, 0x07, 0x00, 0x20, 0x40, 0x00, 0x00, 
0xa0, 0xd5, 0x00, 0x00, 0x22, 0x40, 0x00, 0x00, 0x90, 0xd5, 0x00, 0x00, 0x16, 0x01, 0x05, 0x00, 
0x15, 0x01, 0x09, 0x00, 0x17, 0x01, 0x07, 0x00, 0x2f, 0x01, 0x03, 0x00, 0x02, 0x00, 0x00, 0x00, 
0x00, 0x40, 0x00, 0x00, 0xc0, 0x11, 0x04, 0x00, 0x0b, 0x01, 0x09, 0x00, 0x0c, 0x01, 0x09, 0x00, 
0x0a, 0x01, 0x09, 0x00, 0x06, 0x40, 0x00, 0x00, 0xa0, 0x00, 0x00, 0x00, 0x05, 0x40, 0x00, 0x00, 
0xa0, 0x00, 0x00, 0x00, 0x04, 0x40, 0x00, 0x00, 0x10, 0x00, 0x00, 0x00, 0x09, 0x01, 0xf3, 0xff, 
0x05, 0x01, 0x41, 0x00, 0x10, 0x40, 0x00, 0x00, 0x79, 0xb7, 0x03, 0x00, 0x16, 0x40, 0x00, 0x00, 
0x01, 0x00, 0x00, 0x00, 0x15, 0x40, 0x00, 0x00, 0x10, 0x09, 0x00, 0x00, 0x14, 0x40, 0x00, 0x00, 
0xe8, 0x00, 0x00, 0x00, 0x14, 0x01, 0x01, 0x81, 0x21, 0x01, 0x00, 0x00, 0x20, 0x01, 0x00, 0x00, 
0x22, 0x01, 0x00, 0x00, 0x16, 0x01, 0x03, 0x00, 0x15, 0x01, 0x03, 0x00, 0x17, 0x01, 0x7f, 0x00, 
0x2f, 0x01, 0x01, 0x00, 0x05, 0x00, 0x01, 0x00, 0x00, 0x40, 0x00, 0x00, 0xda, 0x00, 0x02, 0x00, 
0x0b, 0x01, 0x14, 0x00, 0x0c, 0x01, 0x14, 0x00, 0x0a, 0x01, 0x14, 0x00, 0x06, 0x40, 0x00, 0x00, 
0x01, 0x00, 0x00, 0x00, 0x05, 0x40, 0x00, 0x00, 0xf0, 0x13, 0x00, 0x00, 0x04, 0x40, 0x00, 0x00, 
0xe8, 0x00, 0x00, 0x00, 0x09, 0x01, 0x93, 0xff, 0x05, 0x01, 0x01, 0x00, 0x10, 0x40, 0x00, 0x00, 
0xc0, 0x11, 0x04, 0x00, 0x16, 0x40, 0x00, 0x00, 0xa0, 0x00, 0x00, 0x00, 0x15, 0x40, 0x00, 0x00, 
0xa0, 0x00, 0x00, 0x00, 0x14, 0x40, 0x00, 0x00, 0x10, 0x00, 0x00, 0x00, 0x14, 0x01, 0x41, 0x00, 
0x21, 0x01, 0x02, 0x00, 0x20, 0x01, 0x02, 0x00, 0x22, 0x01, 0x07, 0x00, 0x20, 0x40, 0x00, 0x00, 
0xe0, 0xd5, 0x00, 0x00, 0x22, 0x40, 0x00, 0x00, 0xd0, 0xd5, 0x00, 0x00, 0x16, 0x01, 0x05, 0x00, 
0x15, 0x01, 0x09, 0x00, 0x17, 0x01, 0x07, 0x00, 0x2f, 0x01, 0x03, 0x00, 0x02, 0x00, 0x00, 0x00, 
0x00, 0x40, 0x00, 0x00, 0xc0, 0x11, 0x04, 0x00, 0x0b, 0x01, 0x09, 0x00, 0x0c, 0x01, 0x09, 0x00, 
0x0a, 0x01, 0x09, 0x00, 0x06, 0x40, 0x00, 0x00, 0xa0, 0x00, 0x00, 0x00, 0x05, 0x40, 0x00, 0x00, 
0xa0, 0x00, 0x00, 0x00, 0x04, 0x40, 0x00, 0x00, 0x10, 0x00, 0x00, 0x00, 0x09, 0x01, 0xf3, 0xff, 
0x05, 0x01, 0x41, 0x00, 0x10, 0x40, 0x00, 0x00, 0x7a, 0xb7, 0x03, 0x00, 0x16, 0x40, 0x00, 0x00, 
0x01, 0x00, 0x00, 0x00, 0x15, 0x40, 0x00, 0x00, 0x10, 0x09, 0x00, 0x00, 0x14, 0x40, 0x00, 0x00, 
0xe8, 0x00, 0x00, 0x00, 0x14, 0x01, 0x01, 0x81, 0x21, 0x01, 0x00, 0x00, 0x20, 0x01, 0x00, 0x00, 
0x22, 0x01, 0x00, 0x00, 0x16, 0x01, 0x03, 0x00, 0x15, 0x01, 0x03, 0x00, 0x17, 0x01, 0x7f, 0x00, 
0x2f, 0x01, 0x01, 0x00, 0x05, 0x00, 0x01, 0x00, 0x00, 0x40, 0x00, 0x00, 0xdb, 0x00, 0x02, 0x00, 
0x0b, 0x01, 0x14, 0x00, 0x0c, 0x01, 0x14, 0x00, 0x0a, 0x01, 0x14, 0x00, 0x06, 0x40, 0x00, 0x00, 
0x01, 0x00, 0x00, 0x00, 0x05, 0x40, 0x00, 0x00, 0xf0, 0x13, 0x00, 0x00, 0x04, 0x40, 0x00, 0x00, 
0xe8, 0x00, 0x00, 0x00, 0x09, 0x01, 0x93, 0xff, 0x05, 0x01, 0x01, 0x00, 0x10, 0x40, 0x00, 0x00, 
0xc0, 0x11, 0x04, 0x00, 0x16, 0x40, 0x00, 0x00, 0xa0, 0x00, 0x00, 0x00, 0x15, 0x40, 0x00, 0x00, 
0xa0, 0x00, 0x00, 0x00, 0x14, 0x40, 0x00, 0x00, 0x10, 0x00, 0x00, 0x00, 0x14, 0x01, 0x41, 0x00, 
0x21, 0x01, 0x02, 0x00, 0x20, 0x01, 0x02, 0x00, 0x22, 0x01, 0x07, 0x00, 0x20, 0x40, 0x00, 0x00, 
0x20, 0xd6, 0x00, 0x00, 0x22, 0x40, 0x00, 0x00, 0x10, 0xd6, 0x00, 0x00, 0x16, 0x01, 0x05, 0x00, 
0x15, 0x01, 0x09, 0x00, 0x17, 0x01, 0x07, 0x00, 0x2f, 0x01, 0x03, 0x00, 0x02, 0x00, 0x00, 0x00, 
0x00, 0x40, 0x00, 0x00, 0xc0, 0x11, 0x04, 0x00, 0x0b, 0x01, 0x09, 0x00, 0x0c, 0x01, 0x09, 0x00, 
0x0a, 0x01, 0x09, 0x00, 0x06, 0x40, 0x00, 0x00, 0xa0, 0x00, 0x00, 0x00, 0x05, 0x40, 0x00, 0x00, 
0xa0, 0x00, 0x00, 0x00, 0x04, 0x40, 0x00, 0x00, 0x10, 0x00, 0x00, 0x00, 0x09, 0x01, 0xf3, 0xff, 
0x05, 0x01, 0x41, 0x00, 0x10, 0x40, 0x00, 0x00, 0x7b, 0xb7, 0x03, 0x00, 0x16, 0x40, 0x00, 0x00, 
0x01, 0x00, 0x00, 0x00, 0x15, 0x40, 0x00, 0x00, 0x10, 0x09, 0x00, 0x00, 0x14, 0x40, 0x00, 0x00, 
0xe8, 0x00, 0x00, 0x00, 0x14, 0x01, 0x01, 0x81, 0x21, 0x01, 0x00, 0x00, 0x20, 0x01, 0x00, 0x00, 
0x22, 0x01, 0x00, 0x00, 0x16, 0x01, 0x03, 0x00, 0x15, 0x01, 0x03, 0x00, 0x17, 0x01, 0x7f, 0x00, 
0x2f, 0x01, 0x01, 0x00, 0x05, 0x00, 0x01, 0x00, 0x00, 0x40, 0x00, 0x00, 0xdc, 0x00, 0x02, 0x00, 
0x0b, 0x01, 0x14, 0x00, 0x0c, 0x01, 0x14, 0x00, 0x0a, 0x01, 0x14, 0x00, 0x06, 0x40, 0x00, 0x00, 
0x01, 0x00, 0x00, 0x00, 0x05, 0x40, 0x00, 0x00, 0xf0, 0x13, 0x00, 0x00, 0x04, 0x40, 0x00, 0x00, 
0xe8, 0x00, 0x00, 0x00, 0x09, 0x01, 0x93, 0xff, 0x05, 0x01, 0x01, 0x00, 0x10, 0x40, 0x00, 0x00, 
0xc0, 0x11, 0x04, 0x00, 0x16, 0x40, 0x00, 0x00, 0xa0, 0x00, 0x00, 0x00, 0x15, 0x40, 0x00, 0x00, 
0xa0, 0x00, 0x00, 0x00, 0x14, 0x40, 0x00, 0x00, 0x10, 0x00, 0x00, 0x00, 0x14, 0x01, 0x41, 0x00, 
0x21, 0x01, 0x02, 0x00, 0x20, 0x01, 0x02, 0x00, 0x22, 0x01, 0x07, 0x00, 0x20, 0x40, 0x00, 0x00, 
0x60, 0xd6, 0x00, 0x00, 0x22, 0x40, 0x00, 0x00, 0x50, 0xd6, 0x00, 0x00, 0x16, 0x01, 0x05, 0x00, 
0x15, 0x01, 0x09, 0x00, 0x17, 0x01, 0x07, 0x00, 0x2f, 0x01, 0x03, 0x00, 0x02, 0x00, 0x00, 0x00, 
0x00, 0x40, 0x00, 0x00, 0xc0, 0x11, 0x04, 0x00, 0x0b, 0x01, 0x09, 0x00, 0x0c, 0x01, 0x09, 0x00, 
0x0a, 0x01, 0x09, 0x00, 0x06, 0x40, 0x00, 0x00, 0xa0, 0x00, 0x00, 0x00, 0x05, 0x40, 0x00, 0x00, 
0xa0, 0x00, 0x00, 0x00, 0x04, 0x40, 0x00, 0x00, 0x10, 0x00, 0x00, 0x00, 0x09, 0x01, 0xf3, 0xff, 
0x05, 0x01, 0x41, 0x00, 0x10, 0x40, 0x00, 0x00, 0x7c, 0xb7, 0x03, 0x00, 0x16, 0x40, 0x00, 0x00, 
0x01, 0x00, 0x00, 0x00, 0x15, 0x40, 0x00, 0x00, 0x10, 0x09, 0x00, 0x00, 0x14, 0x40, 0x00, 0x00, 
0xe8, 0x00, 0x00, 0x00, 0x14, 0x01, 0x01, 0x81, 0x21, 0x01, 0x00, 0x00, 0x20, 0x01, 0x00, 0x00, 
0x22, 0x01, 0x00, 0x00, 0x16, 0x01, 0x03, 0x00, 0x15, 0x01, 0x03, 0x00, 0x17, 0x01, 0x7f, 0x00, 
0x2f, 0x01, 0x01, 0x00, 0x05, 0x00, 0x01, 0x00, 0x00, 0x40, 0x00, 0x00, 0xdd, 0x00, 0x02, 0x00, 
0x0b, 0x01, 0x14, 0x00, 0x0c, 0x01, 0x14, 0x00, 0x0a, 0x01, 0x14, 0x00, 0x06, 0x40, 0x00, 0x00, 
0x01, 0x00, 0x00, 0x00, 0x05, 0x40, 0x00, 0x00, 0xf0, 0x13, 0x00, 0x00, 0x04, 0x40, 0x00, 0x00, 
0xe8, 0x00, 0x00, 0x00, 0x09, 0x01, 0x93, 0xff, 0x05, 0x01, 0x01, 0x00, 0x10, 0x40, 0x00, 0x00, 
0xc0, 0x11, 0x04, 0x00, 0x16, 0x40, 0x00, 0x00, 0xa0, 0x00, 0x00, 0x00, 0x15, 0x40, 0x00, 0x00, 
0xa0, 0x00, 0x00, 0x00, 0x14, 0x40, 0x00, 0x00, 0x10, 0x00, 0x00, 0x00, 0x14, 0x01, 0x41, 0x00, 
0x21, 0x01, 0x02, 0x00, 0x20, 0x01, 0x02, 0x00, 0x22, 0x01, 0x07, 0x00, 0x20, 0x40, 0x00, 0x00, 
0xa0, 0xd6, 0x00, 0x00, 0x22, 0x40, 0x00, 0x00, 0x90, 0xd6, 0x00, 0x00, 0x16, 0x01, 0x05, 0x00, 
0x15, 0x01, 0x09, 0x00, 0x17, 0x01, 0x07, 0x00, 0x2f, 0x01, 0x03, 0x00, 0x02, 0x00, 0x00, 0x00, 
0x00, 0x40, 0x00, 0x00, 0xc0, 0x11, 0x04, 0x00, 0x0b, 0x01, 0x09, 0x00, 0x0c, 0x01, 0x09, 0x00, 
0x0a, 0x01, 0x09, 0x00, 0x06, 0x40, 0x00, 0x00, 0xa0, 0x00, 0x00, 0x00, 0x05, 0x40, 0x00, 0x00, 
0xa0, 0x00, 0x00, 0x00, 0x04, 0x40, 0x00, 0x00, 0x10, 0x00, 0x00, 0x00, 0x09, 0x01, 0xf3, 0xff, 
0x05, 0x01, 0x41, 0x00, 0x10, 0x40, 0x00, 0x00, 0x7d, 0xb7, 0x03, 0x00, 0x16, 0x40, 0x00, 0x00, 
0x01, 0x00, 0x00, 0x00, 0x15, 0x40, 0x00, 0x00, 0x10, 0x09, 0x00, 0x00, 0x14, 0x40, 0x00, 0x00, 
0xe8, 0x00, 0x00, 0x00, 0x14, 0x01, 0x01, 0x81, 0x21, 0x01, 0x00, 0x00, 0x20, 0x01, 0x00, 0x00, 
0x22, 0x01, 0x00, 0x00, 0x16, 0x01, 0x03, 0x00, 0x15, 0x01, 0x03, 0x00, 0x17, 0x01, 0x7f, 0x00, 
0x2f, 0x01, 0x01, 0x00, 0x05, 0x00, 0x01, 0x00, 0x00, 0x40, 0x00, 0x00, 0xde, 0x00, 0x02, 0x00, 
0x0b, 0x01, 0x14, 0x00, 0x0c, 0x01, 0x14, 0x00, 0x0a, 0x01, 0x14, 0x00, 0x06, 0x40, 0x00, 0x00, 
0x01, 0x00, 0x00, 0x00, 0x05, 0x40, 0x00, 0x00, 0xf0, 0x13, 0x00, 0x00, 0x04, 0x40, 0x00, 0x00, 
0xe8, 0x00, 0x00, 0x00, 0x09, 0x01, 0x93, 0xff, 0x05, 0x01, 0x01, 0x00, 0x10, 0x40, 0x00, 0x00, 
0xc0, 0x11, 0x04, 0x00, 0x16, 0x40, 0x00, 0x00, 0xa0, 0x00, 0x00, 0x00, 0x15, 0x40, 0x00, 0x00, 
0xa0, 0x00, 0x00, 0x00, 0x14, 0x40, 0x00, 0x00, 0x10, 0x00, 0x00, 0x00, 0x14, 0x01, 0x41, 0x00, 
0x21, 0x01, 0x02, 0x00, 0x20, 0x01, 0x02, 0x00, 0x22, 0x01, 0x07, 0x00, 0x20, 0x40, 0x00, 0x00, 
0xe0, 0xd6, 0x00, 0x00, 0x22, 0x40, 0x00, 0x00, 0xd0, 0xd6, 0x00, 0x00, 0x16, 0x01, 0x05, 0x00, 
0x15, 0x01, 0x09, 0x00, 0x17, 0x01, 0x07, 0x00, 0x2f, 0x01, 0x03, 0x00, 0x02, 0x00, 0x00, 0x00, 
0x00, 0x40, 0x00, 0x00, 0xc0, 0x11, 0x04, 0x00, 0x0b, 0x01, 0x09, 0x00, 0x0c, 0x01, 0x09, 0x00, 
0x0a, 0x01, 0x09, 0x00, 0x06, 0x40, 0x00, 0x00, 0xa0, 0x00, 0x00, 0x00, 0x05, 0x40, 0x00, 0x00, 
0xa0, 0x00, 0x00, 0x00, 0x04, 0x40, 0x00, 0x00, 0x10, 0x00, 0x00, 0x00, 0x09, 0x01, 0xf3, 0xff, 
0x05, 0x01, 0x41, 0x00, 0x10, 0x40, 0x00, 0x00, 0x7e, 0xb7, 0x03, 0x00, 0x16, 0x40, 0x00, 0x00, 
0x01, 0x00, 0x00, 0x00, 0x15, 0x40, 0x00, 0x00, 0x10, 0x09, 0x00, 0x00, 0x14, 0x40, 0x00, 0x00, 
0xe8, 0x00, 0x00, 0x00, 0x14, 0x01, 0x01, 0x81, 0x21, 0x01, 0x00, 0x00, 0x20, 0x01, 0x00, 0x00, 
0x22, 0x01, 0x00, 0x00, 0x16, 0x01, 0x03, 0x00, 0x15, 0x01, 0x03, 0x00, 0x17, 0x01, 0x7f, 0x00, 
0x2f, 0x01, 0x01, 0x00, 0x05, 0x00, 0x01, 0x00, 0x00, 0x40, 0x00, 0x00, 0xdf, 0x00, 0x02, 0x00, 
0x0b, 0x01, 0x14, 0x00, 0x0c, 0x01, 0x14, 0x00, 0x0a, 0x01, 0x14, 0x00, 0x06, 0x40, 0x00, 0x00, 
0x01, 0x00, 0x00, 0x00, 0x05, 0x40, 0x00, 0x00, 0xf0, 0x13, 0x00, 0x00, 0x04, 0x40, 0x00, 0x00, 
0xe8, 0x00, 0x00, 0x00, 0x09, 0x01, 0x93, 0xff, 0x05, 0x01, 0x01, 0x00, 0x10, 0x40, 0x00, 0x00, 
0xc0, 0x11, 0x04, 0x00, 0x16, 0x40, 0x00, 0x00, 0xa0, 0x00, 0x00, 0x00, 0x15, 0x40, 0x00, 0x00, 
0xa0, 0x00, 0x00, 0x00, 0x14, 0x40, 0x00, 0x00, 0x10, 0x00, 0x00, 0x00, 0x14, 0x01, 0x41, 0x00, 
0x21, 0x01, 0x02, 0x00, 0x20, 0x01, 0x02, 0x00, 0x22, 0x01, 0x07, 0x00, 0x20, 0x40, 0x00, 0x00, 
0x20, 0xd7, 0x00, 0x00, 0x22, 0x40, 0x00, 0x00, 0x10, 0xd7, 0x00, 0x00, 0x16, 0x01, 0x05, 0x00, 
0x15, 0x01, 0x09, 0x00, 0x17, 0x01, 0x07, 0x00, 0x2f, 0x01, 0x03, 0x00, 0x02, 0x00, 0x00, 0x00, 
0x00, 0x40, 0x00, 0x00, 0xc0, 0x11, 0x04, 0x00, 0x0b, 0x01, 0x09, 0x00, 0x0c, 0x01, 0x09, 0x00, 
0x0a, 0x01, 0x09, 0x00, 0x06, 0x40, 0x00, 0x00, 0xa0, 0x00, 0x00, 0x00, 0x05, 0x40, 0x00, 0x00, 
0xa0, 0x00, 0x00, 0x00, 0x04, 0x40, 0x00, 0x00, 0x10, 0x00, 0x00, 0x00, 0x09, 0x01, 0xf3, 0xff, 
0x05, 0x01, 0x41, 0x00, 0x10, 0x40, 0x00, 0x00, 0x7f, 0xb7, 0x03, 0x00, 0x16, 0x40, 0x00, 0x00, 
0x01, 0x00, 0x00, 0x00, 0x15, 0x40, 0x00, 0x00, 0x10, 0x09, 0x00, 0x00, 0x14, 0x40, 0x00, 0x00, 
0xe8, 0x00, 0x00, 0x00, 0x14, 0x01, 0x01, 0x81, 0x21, 0x01, 0x00, 0x00, 0x20, 0x01, 0x00, 0x00, 
0x22, 0x01, 0x00, 0x00, 0x16, 0x01, 0x03, 0x00, 0x15, 0x01, 0x03, 0x00, 0x17, 0x01, 0x7f, 0x00, 
0x2f, 0x01, 0x01, 0x00, 0x05, 0x00, 0x01, 0x00, 0x00, 0x40, 0x00, 0x00, 0xe0, 0x00, 0x02, 0x00, 
0x0b, 0x01, 0x14, 0x00, 0x0c, 0x01, 0x14, 0x00, 0x0a, 0x01, 0x14, 0x00, 0x06, 0x40, 0x00, 0x00, 
0x01, 0x00, 0x00, 0x00, 0x05, 0x40, 0x00, 0x00, 0xf0, 0x13, 0x00, 0x00, 0x04, 0x40, 0x00, 0x00, 
0xe8, 0x00, 0x00, 0x00, 0x09, 0x01, 0x93, 0xff, 0x05, 0x01, 0x01, 0x00, 0x10, 0x40, 0x00, 0x00, 
0xc0, 0x11, 0x04, 0x00, 0x16, 0x40, 0x00, 0x00, 0xa0, 0x00, 0x00, 0x00, 0x15, 0x40, 0x00, 0x00, 
0xa0, 0x00, 0x00, 0x00, 0x14, 0x40, 0x00, 0x00, 0x10, 0x00, 0x00, 0x00, 0x14, 0x01, 0x41, 0x00, 
0x21, 0x01, 0x02, 0x00, 0x20, 0x01, 0x02, 0x00, 0x22, 0x01, 0x07, 0x00, 0x20, 0x40, 0x00, 0x00, 
0x60, 0xd7, 0x00, 0x00, 0x22, 0x40, 0x00, 0x00, 0x50, 0xd7, 0x00, 0x00, 0x16, 0x01, 0x05, 0x00, 
0x15, 0x01, 0x09, 0x00, 0x17, 0x01, 0x07, 0x00, 0x2f, 0x01, 0x03, 0x00, 0x02, 0x00, 0x00, 0x00, 
0x00, 0x40, 0x00, 0x00, 0xc0, 0x11, 0x04, 0x00, 0x0b, 0x01, 0x09, 0x00, 0x0c, 0x01, 0x09, 0x00, 
0x0a, 0x01, 0x09, 0x00, 0x06, 0x40, 0x00, 0x00, 0xa0, 0x00, 0x00, 0x00, 0x05, 0x40, 0x00, 0x00, 
0xa0, 0x00, 0x00, 0x00, 0x04, 0x40, 0x00, 0x00, 0x10, 0x00, 0x00, 0x00, 0x09, 0x01, 0xf3, 0xff, 
0x05, 0x01, 0x41, 0x00, 0x10, 0x40, 0x00, 0x00, 0x80, 0xb7, 0x03, 0x00, 0x16, 0x40, 0x00, 0x00, 
0x01, 0x00, 0x00, 0x00, 0x15, 0x40, 0x00, 0x00, 0x10, 0x09, 0x00, 0x00, 0x14, 0x40, 0x00, 0x00, 
0xe8, 0x00, 0x00, 0x00, 0x14, 0x01, 0x01, 0x81, 0x21, 0x01, 0x00, 0x00, 0x20, 0x01, 0x00, 0x00, 
0x22, 0x01, 0x00, 0x00, 0x16, 0x01, 0x03, 0x00, 0x15, 0x01, 0x03, 0x00, 0x17, 0x01, 0x7f, 0x00, 
0x2f, 0x01, 0x01, 0x00, 0x05, 0x00, 0x01, 0x00, 0x00, 0x40, 0x00, 0x00, 0xe1, 0x00, 0x02, 0x00, 
0x0b, 0x01, 0x14, 0x00, 0x0c, 0x01, 0x14, 0x00, 0x0a, 0x01, 0x14, 0x00, 0x06, 0x40, 0x00, 0x00, 
0x01, 0x00, 0x00, 0x00, 0x05, 0x40, 0x00, 0x00, 0xf0, 0x13, 0x00, 0x00, 0x04, 0x40, 0x00, 0x00, 
0xe8, 0x00, 0x00, 0x00, 0x09, 0x01, 0x93, 0xff, 0x05, 0x01, 0x01, 0x00, 0x10, 0x40, 0x00, 0x00, 
0xc0, 0x11, 0x04, 0x00, 0x16, 0x40, 0x00, 0x00, 0xa0, 0x00, 0x00, 0x00, 0x15, 0x40, 0x00, 0x00, 
0xa0, 0x00, 0x00, 0x00, 0x14, 0x40, 0x00, 0x00, 0x10, 0x00, 0x00, 0x00, 0x14, 0x01, 0x41, 0x00, 
0x21, 0x01, 0x02, 0x00, 0x20, 0x01, 0x02, 0x00, 0x22, 0x01, 0x07, 0x00, 0x20, 0x40, 0x00, 0x00, 
0xa0, 0xd7, 0x00, 0x00, 0x22, 0x40, 0x00, 0x00, 0x90, 0xd7, 0x00, 0x00, 0x16, 0x01, 0x05, 0x00, 
0x15, 0x01, 0x09, 0x00, 0x17, 0x01, 0x07, 0x00, 0x2f, 0x01, 0x03, 0x00, 0x02, 0x00, 0x00, 0x00, 
0x00, 0x40, 0x00, 0x00, 0xc0, 0x11, 0x04, 0x00, 0x0b, 0x01, 0x09, 0x00, 0x0c, 0x01, 0x09, 0x00, 
0x0a, 0x01, 0x09, 0x00, 0x06, 0x40, 0x00, 0x00, 0xa0, 0x00, 0x00, 0x00, 0x05, 0x40, 0x00, 0x00, 
0xa0, 0x00, 0x00, 0x00, 0x04, 0x40, 0x00, 0x00, 0x10, 0x00, 0x00, 0x00, 0x09, 0x01, 0xf3, 0xff, 
0x05, 0x01, 0x41, 0x00, 0x10, 0x40, 0x00, 0x00, 0x81, 0xb7, 0x03, 0x00, 0x16, 0x40, 0x00, 0x00, 
0x01, 0x00, 0x00, 0x00, 0x15, 0x40, 0x00, 0x00, 0x10, 0x09, 0x00, 0x00, 0x14, 0x40, 0x00, 0x00, 
0xe8, 0x00, 0x00, 0x00, 0x14, 0x01, 0x01, 0x81, 0x21, 0x01, 0x00, 0x00, 0x20, 0x01, 0x00, 0x00, 
0x22, 0x01, 0x00, 0x00, 0x16, 0x01, 0x03, 0x00, 0x15, 0x01, 0x03, 0x00, 0x17, 0x01, 0x7f, 0x00, 
0x2f, 0x01, 0x01, 0x00, 0x05, 0x00, 0x01, 0x00, 0x00, 0x40, 0x00, 0x00, 0xe2, 0x00, 0x02, 0x00, 
0x0b, 0x01, 0x14, 0x00, 0x0c, 0x01, 0x14, 0x00, 0x0a, 0x01, 0x14, 0x00, 0x06, 0x40, 0x00, 0x00, 
0x01, 0x00, 0x00, 0x00, 0x05, 0x40, 0x00, 0x00, 0xf0, 0x13, 0x00, 0x00, 0x04, 0x40, 0x00, 0x00, 
0xe8, 0x00, 0x00, 0x00, 0x09, 0x01, 0x93, 0xff, 0x05, 0x01, 0x01, 0x00, 0x10, 0x40, 0x00, 0x00, 
0xc0, 0x11, 0x04, 0x00, 0x16, 0x40, 0x00, 0x00, 0xa0, 0x00, 0x00, 0x00, 0x15, 0x40, 0x00, 0x00, 
0xa0, 0x00, 0x00, 0x00, 0x14, 0x40, 0x00, 0x00, 0x10, 0x00, 0x00, 0x00, 0x14, 0x01, 0x41, 0x00, 
0x21, 0x01, 0x02, 0x00, 0x20, 0x01, 0x02, 0x00, 0x22, 0x01, 0x07, 0x00, 0x20, 0x40, 0x00, 0x00, 
0xe0, 0xd7, 0x00, 0x00, 0x22, 0x40, 0x00, 0x00, 0xd0, 0xd7, 0x00, 0x00, 0x16, 0x01, 0x05, 0x00, 
0x15, 0x01, 0x09, 0x00, 0x17, 0x01, 0x07, 0x00, 0x2f, 0x01, 0x03, 0x00, 0x02, 0x00, 0x00, 0x00, 
0x00, 0x40, 0x00, 0x00, 0xc0, 0x11, 0x04, 0x00, 0x0b, 0x01, 0x09, 0x00, 0x0c, 0x01, 0x09, 0x00, 
0x0a, 0x01, 0x09, 0x00, 0x06, 0x40, 0x00, 0x00, 0xa0, 0x00, 0x00, 0x00, 0x05, 0x40, 0x00, 0x00, 
0xa0, 0x00, 0x00, 0x00, 0x04, 0x40, 0x00, 0x00, 0x10, 0x00, 0x00, 0x00, 0x09, 0x01, 0xf3, 0xff, 
0x05, 0x01, 0x41, 0x00, 0x10, 0x40, 0x00, 0x00, 0x82, 0xb7, 0x03, 0x00, 0x16, 0x40, 0x00, 0x00, 
0x01, 0x00, 0x00, 0x00, 0x15, 0x40, 0x00, 0x00, 0x10, 0x09, 0x00, 0x00, 0x14, 0x40, 0x00, 0x00, 
0xe8, 0x00, 0x00, 0x00, 0x14, 0x01, 0x01, 0x81, 0x21, 0x01, 0x00, 0x00, 0x20, 0x01, 0x00, 0x00, 
0x22, 0x01, 0x00, 0x00, 0x16, 0x01, 0x03, 0x00, 0x15, 0x01, 0x03, 0x00, 0x17, 0x01, 0x7f, 0x00, 
0x2f, 0x01, 0x01, 0x00, 0x05, 0x00, 0x01, 0x00, 0x00, 0x40, 0x00, 0x00, 0xe3, 0x00, 0x02, 0x00, 
0x0b, 0x01, 0x14, 0x00, 0x0c, 0x01, 0x14, 0x00, 0x0a, 0x01, 0x14, 0x00, 0x06, 0x40, 0x00, 0x00, 
0x01, 0x00, 0x00, 0x00, 0x05, 0x40, 0x00, 0x00, 0xf0, 0x13, 0x00, 0x00, 0x04, 0x40, 0x00, 0x00, 
0xe8, 0x00, 0x00, 0x00, 0x09, 0x01, 0x93, 0xff, 0x05, 0x01, 0x01, 0x00, 0x10, 0x40, 0x00, 0x00, 
0xc0, 0x11, 0x04, 0x00, 0x16, 0x40, 0x00, 0x00, 0xa0, 0x00, 0x00, 0x00, 0x15, 0x40, 0x00, 0x00, 
0xa0, 0x00, 0x00, 0x00, 0x14, 0x40, 0x00, 0x00, 0x10, 0x00, 0x00, 0x00, 0x14, 0x01, 0x41, 0x00, 
0x21, 0x01, 0x02, 0x00, 0x20, 0x01, 0x02, 0x00, 0x22, 0x01, 0x07, 0x00, 0x20, 0x40, 0x00, 0x00, 
0x20, 0xd8, 0x00, 0x00, 0x22, 0x40, 0x00, 0x00, 0x10, 0xd8, 0x00, 0x00, 0x16, 0x01, 0x05, 0x00, 
0x15, 0x01, 0x09, 0x00, 0x17, 0x01, 0x07, 0x00, 0x2f, 0x01, 0x03, 0x00, 0x02, 0x00, 0x00, 0x00, 
0x00, 0x40, 0x00, 0x00, 0xc0, 0x11, 0x04, 0x00, 0x0b, 0x01, 0x09, 0x00, 0x0c, 0x01, 0x09, 0x00, 
0x0a, 0x01, 0x09, 0x00, 0x06, 0x40, 0x00, 0x00, 0xa0, 0x00, 0x00, 0x00, 0x05, 0x40, 0x00, 0x00, 
0xa0, 0x00, 0x00, 0x00, 0x04, 0x40, 0x00, 0x00, 0x10, 0x00, 0x00, 0x00, 0x09, 0x01, 0xf3, 0xff, 
0x05, 0x01, 0x41, 0x00, 0x10, 0x40, 0x00, 0x00, 0x83, 0xb7, 0x03, 0x00, 0x16, 0x40, 0x00, 0x00, 
0x01, 0x00, 0x00, 0x00, 0x15, 0x40, 0x00, 0x00, 0x10, 0x09, 0x00, 0x00, 0x14, 0x40, 0x00, 0x00, 
0xe8, 0x00, 0x00, 0x00, 0x14, 0x01, 0x01, 0x81, 0x21, 0x01, 0x00, 0x00, 0x20, 0x01, 0x00, 0x00, 
0x22, 0x01, 0x00, 0x00, 0x16, 0x01, 0x03, 0x00, 0x15, 0x01, 0x03, 0x00, 0x17, 0x01, 0x7f, 0x00, 
0x2f, 0x01, 0x01, 0x00, 0x05, 0x00, 0x01, 0x00, 0x00, 0x40, 0x00, 0x00, 0xe4, 0x00, 0x02, 0x00, 
0x0b, 0x01, 0x14, 0x00, 0x0c, 0x01, 0x14, 0x00, 0x0a, 0x01, 0x14, 0x00, 0x06, 0x40, 0x00, 0x00, 
0x01, 0x00, 0x00, 0x00, 0x05, 0x40, 0x00, 0x00, 0xf0, 0x13, 0x00, 0x00, 0x04, 0x40, 0x00, 0x00, 
0xe8, 0x00, 0x00, 0x00, 0x09, 0x01, 0x93, 0xff, 0x05, 0x01, 0x01, 0x00, 0x10, 0x40, 0x00, 0x00, 
0xc0, 0x11, 0x04, 0x00, 0x16, 0x40, 0x00, 0x00, 0xa0, 0x00, 0x00, 0x00, 0x15, 0x40, 0x00, 0x00, 
0xa0, 0x00, 0x00, 0x00, 0x14, 0x40, 0x00, 0x00, 0x10, 0x00, 0x00, 0x00, 0x14, 0x01, 0x41, 0x00, 
0x21, 0x01, 0x02, 0x00, 0x20, 0x01, 0x02, 0x00, 0x22, 0x01, 0x07, 0x00, 0x20, 0x40, 0x00, 0x00, 
0x60, 0xd8, 0x00, 0x00, 0x22, 0x40, 0x00, 0x00, 0x50, 0xd8, 0x00, 0x00, 0x16, 0x01, 0x05, 0x00, 
0x15, 0x01, 0x09, 0x00, 0x17, 0x01, 0x07, 0x00, 0x2f, 0x01, 0x03, 0x00, 0x02, 0x00, 0x00, 0x00, 
0x00, 0x40, 0x00, 0x00, 0xc0, 0x11, 0x04, 0x00, 0x0b, 0x01, 0x09, 0x00, 0x0c, 0x01, 0x09, 0x00, 
0x0a, 0x01, 0x09, 0x00, 0x06, 0x40, 0x00, 0x00, 0xa0, 0x00, 0x00, 0x00, 0x05, 0x40, 0x00, 0x00, 
0xa0, 0x00, 0x00, 0x00, 0x04, 0x40, 0x00, 0x00, 0x10, 0x00, 0x00, 0x00, 0x09, 0x01, 0xf3, 0xff, 
0x05, 0x01, 0x41, 0x00, 0x10, 0x40, 0x00, 0x00, 0x84, 0xb7, 0x03, 0x00, 0x16, 0x40, 0x00, 0x00, 
0x01, 0x00, 0x00, 0x00, 0x15, 0x40, 0x00, 0x00, 0x10, 0x09, 0x00, 0x00, 0x14, 0x40, 0x00, 0x00, 
0xe8, 0x00, 0x00, 0x00, 0x14, 0x01, 0x01, 0x81, 0x21, 0x01, 0x00, 0x00, 0x20, 0x01, 0x00, 0x00, 
0x22, 0x01, 0x00, 0x00, 0x16, 0x01, 0x03, 0x00, 0x15, 0x01, 0x03, 0x00, 0x17, 0x01, 0x7f, 0x00, 
0x2f, 0x01, 0x01, 0x00, 0x05, 0x00, 0x01, 0x00, 0x00, 0x40, 0x00, 0x00, 0xe5, 0x00, 0x02, 0x00, 
0x0b, 0x01, 0x14, 0x00, 0x0c, 0x01, 0x14, 0x00, 0x0a, 0x01, 0x14, 0x00, 0x06, 0x40, 0x00, 0x00, 
0x01, 0x00, 0x00, 0x00, 0x05, 0x40, 0x00, 0x00, 0xf0, 0x13, 0x00, 0x00, 0x04, 0x40, 0x00, 0x00, 
0xe8, 0x00, 0x00, 0x00, 0x09, 0x01, 0x93, 0xff, 0x05, 0x01, 0x01, 0x00, 0x10, 0x40, 0x00, 0x00, 
0xc0, 0x11, 0x04, 0x00, 0x16, 0x40, 0x00, 0x00, 0xa0, 0x00, 0x00, 0x00, 0x15, 0x40, 0x00, 0x00, 
0xa0, 0x00, 0x00, 0x00, 0x14, 0x40, 0x00, 0x00, 0x10, 0x00, 0x00, 0x00, 0x14, 0x01, 0x41, 0x00, 
0x21, 0x01, 0x02, 0x00, 0x20, 0x01, 0x02, 0x00, 0x22, 0x01, 0x07, 0x00, 0x20, 0x40, 0x00, 0x00, 
0xa0, 0xd8, 0x00, 0x00, 0x22, 0x40, 0x00, 0x00, 0x90, 0xd8, 0x00, 0x00, 0x16, 0x01, 0x05, 0x00, 
0x15, 0x01, 0x09, 0x00, 0x17, 0x01, 0x07, 0x00, 0x2f, 0x01, 0x03, 0x00, 0x02, 0x00, 0x00, 0x00, 
0x00, 0x40, 0x00, 0x00, 0xc0, 0x11, 0x04, 0x00, 0x0b, 0x01, 0x09, 0x00, 0x0c, 0x01, 0x09, 0x00, 
0x0a, 0x01, 0x09, 0x00, 0x06, 0x40, 0x00, 0x00, 0xa0, 0x00, 0x00, 0x00, 0x05, 0x40, 0x00, 0x00, 
0xa0, 0x00, 0x00, 0x00, 0x04, 0x40, 0x00, 0x00, 0x10, 0x00, 0x00, 0x00, 0x09, 0x01, 0xf3, 0xff, 
0x05, 0x01, 0x41, 0x00, 0x10, 0x40, 0x00, 0x00, 0x85, 0xb7, 0x03, 0x00, 0x16, 0x40, 0x00, 0x00, 
0x01, 0x00, 0x00, 0x00, 0x15, 0x40, 0x00, 0x00, 0x10, 0x09, 0x00, 0x00, 0x14, 0x40, 0x00, 0x00, 
0xe8, 0x00, 0x00, 0x00, 0x14, 0x01, 0x01, 0x81, 0x21, 0x01, 0x00, 0x00, 0x20, 0x01, 0x00, 0x00, 
0x22, 0x01, 0x00, 0x00, 0x16, 0x01, 0x03, 0x00, 0x15, 0x01, 0x03, 0x00, 0x17, 0x01, 0x7f, 0x00, 
0x2f, 0x01, 0x01, 0x00, 0x05, 0x00, 0x01, 0x00, 0x00, 0x40, 0x00, 0x00, 0xe6, 0x00, 0x02, 0x00, 
0x0b, 0x01, 0x14, 0x00, 0x0c, 0x01, 0x14, 0x00, 0x0a, 0x01, 0x14, 0x00, 0x06, 0x40, 0x00, 0x00, 
0x01, 0x00, 0x00, 0x00, 0x05, 0x40, 0x00, 0x00, 0xf0, 0x13, 0x00, 0x00, 0x04, 0x40, 0x00, 0x00, 
0xe8, 0x00, 0x00, 0x00, 0x09, 0x01, 0x93, 0xff, 0x05, 0x01, 0x01, 0x00, 0x10, 0x40, 0x00, 0x00, 
0xc0, 0x11, 0x04, 0x00, 0x16, 0x40, 0x00, 0x00, 0xa0, 0x00, 0x00, 0x00, 0x15, 0x40, 0x00, 0x00, 
0xa0, 0x00, 0x00, 0x00, 0x14, 0x40, 0x00, 0x00, 0x10, 0x00, 0x00, 0x00, 0x14, 0x01, 0x41, 0x00, 
0x21, 0x01, 0x02, 0x00, 0x20, 0x01, 0x02, 0x00, 0x22, 0x01, 0x07, 0x00, 0x20, 0x40, 0x00, 0x00, 
0xe0, 0xd8, 0x00, 0x00, 0x22, 0x40, 0x00, 0x00, 0xd0, 0xd8, 0x00, 0x00, 0x16, 0x01, 0x05, 0x00, 
0x15, 0x01, 0x09, 0x00, 0x17, 0x01, 0x07, 0x00, 0x2f, 0x01, 0x03, 0x00, 0x02, 0x00, 0x00, 0x00, 
0x00, 0x40, 0x00, 0x00, 0xc0, 0x11, 0x04, 0x00, 0x0b, 0x01, 0x09, 0x00, 0x0c, 0x01, 0x09, 0x00, 
0x0a, 0x01, 0x09, 0x00, 0x06, 0x40, 0x00, 0x00, 0xa0, 0x00, 0x00, 0x00, 0x05, 0x40, 0x00, 0x00, 
0xa0, 0x00, 0x00, 0x00, 0x04, 0x40, 0x00, 0x00, 0x10, 0x00, 0x00, 0x00, 0x09, 0x01, 0xf3, 0xff, 
0x05, 0x01, 0x41, 0x00, 0x10, 0x40, 0x00, 0x00, 0x86, 0xb7, 0x03, 0x00, 0x16, 0x40, 0x00, 0x00, 
0x01, 0x00, 0x00, 0x00, 0x15, 0x40, 0x00, 0x00, 0x10, 0x09, 0x00, 0x00, 0x14, 0x40, 0x00, 0x00, 
0xe8, 0x00, 0x00, 0x00, 0x14, 0x01, 0x01, 0x81, 0x21, 0x01, 0x00, 0x00, 0x20, 0x01, 0x00, 0x00, 
0x22, 0x01, 0x00, 0x00, 0x16, 0x01, 0x03, 0x00, 0x15, 0x01, 0x03, 0x00, 0x17, 0x01, 0x7f, 0x00, 
0x2f, 0x01, 0x01, 0x00, 0x05, 0x00, 0x01, 0x00, 0x00, 0x40, 0x00, 0x00, 0xe7, 0x00, 0x02, 0x00, 
0x0b, 0x01, 0x14, 0x00, 0x0c, 0x01, 0x14, 0x00, 0x0a, 0x01, 0x14, 0x00, 0x06, 0x40, 0x00, 0x00, 
0x01, 0x00, 0x00, 0x00, 0x05, 0x40, 0x00, 0x00, 0xf0, 0x13, 0x00, 0x00, 0x04, 0x40, 0x00, 0x00, 
0xe8, 0x00, 0x00, 0x00, 0x09, 0x01, 0x93, 0xff, 0x05, 0x01, 0x01, 0x00, 0x10, 0x40, 0x00, 0x00, 
0xc0, 0x11, 0x04, 0x00, 0x16, 0x40, 0x00, 0x00, 0xa0, 0x00, 0x00, 0x00, 0x15, 0x40, 0x00, 0x00, 
0xa0, 0x00, 0x00, 0x00, 0x14, 0x40, 0x00, 0x00, 0x10, 0x00, 0x00, 0x00, 0x14, 0x01, 0x41, 0x00, 
0x21, 0x01, 0x02, 0x00, 0x20, 0x01, 0x02, 0x00, 0x22, 0x01, 0x07, 0x00, 0x20, 0x40, 0x00, 0x00, 
0x20, 0xd9, 0x00, 0x00, 0x22, 0x40, 0x00, 0x00, 0x10, 0xd9, 0x00, 0x00, 0x16, 0x01, 0x05, 0x00, 
0x15, 0x01, 0x09, 0x00, 0x17, 0x01, 0x07, 0x00, 0x2f, 0x01, 0x03, 0x00, 0x02, 0x00, 0x00, 0x00, 
0x00, 0x40, 0x00, 0x00, 0xc0, 0x11, 0x04, 0x00, 0x0b, 0x01, 0x09, 0x00, 0x0c, 0x01, 0x09, 0x00, 
0x0a, 0x01, 0x09, 0x00, 0x06, 0x40, 0x00, 0x00, 0xa0, 0x00, 0x00, 0x00, 0x05, 0x40, 0x00, 0x00, 
0xa0, 0x00, 0x00, 0x00, 0x04, 0x40, 0x00, 0x00, 0x10, 0x00, 0x00, 0x00, 0x09, 0x01, 0xf3, 0xff, 
0x05, 0x01, 0x41, 0x00, 0x10, 0x40, 0x00, 0x00, 0x87, 0xb7, 0x03, 0x00, 0x16, 0x40, 0x00, 0x00, 
0x01, 0x00, 0x00, 0x00, 0x15, 0x40, 0x00, 0x00, 0x10, 0x09, 0x00, 0x00, 0x14, 0x40, 0x00, 0x00, 
0xe8, 0x00, 0x00, 0x00, 0x14, 0x01, 0x01, 0x81, 0x21, 0x01, 0x00, 0x00, 0x20, 0x01, 0x00, 0x00, 
0x22, 0x01, 0x00, 0x00, 0x16, 0x01, 0x03, 0x00, 0x15, 0x01, 0x03, 0x00, 0x17, 0x01, 0x7f, 0x00, 
0x2f, 0x01, 0x01, 0x00, 0x05, 0x00, 0x01, 0x00, 0x00, 0x40, 0x00, 0x00, 0xe8, 0x00, 0x02, 0x00, 
0x0b, 0x01, 0x14, 0x00, 0x0c, 0x01, 0x14, 0x00, 0x0a, 0x01, 0x14, 0x00, 0x06, 0x40, 0x00, 0x00, 
0x01, 0x00, 0x00, 0x00, 0x05, 0x40, 0x00, 0x00, 0xf0, 0x13, 0x00, 0x00, 0x04, 0x40, 0x00, 0x00, 
0xe8, 0x00, 0x00, 0x00, 0x09, 0x01, 0x93, 0xff, 0x05, 0x01, 0x01, 0x00, 0x10, 0x40, 0x00, 0x00, 
0xc0, 0x11, 0x04, 0x00, 0x16, 0x40, 0x00, 0x00, 0xa0, 0x00, 0x00, 0x00, 0x15, 0x40, 0x00, 0x00, 
0xa0, 0x00, 0x00, 0x00, 0x14, 0x40, 0x00, 0x00, 0x10, 0x00, 0x00, 0x00, 0x14, 0x01, 0x41, 0x00, 
0x21, 0x01, 0x02, 0x00, 0x20, 0x01, 0x02, 0x00, 0x22, 0x01, 0x07, 0x00, 0x20, 0x40, 0x00, 0x00, 
0x60, 0xd9, 0x00, 0x00, 0x22, 0x40, 0x00, 0x00, 0x50, 0xd9, 0x00, 0x00, 0x16, 0x01, 0x05, 0x00, 
0x15, 0x01, 0x09, 0x00, 0x17, 0x01, 0x07, 0x00, 0x2f, 0x01, 0x03, 0x00, 0x02, 0x00, 0x00, 0x00, 
0x00, 0x40, 0x00, 0x00, 0xc0, 0x11, 0x04, 0x00, 0x0b, 0x01, 0x09, 0x00, 0x0c, 0x01, 0x09, 0x00, 
0x0a, 0x01, 0x09, 0x00, 0x06, 0x40, 0x00, 0x00, 0xa0, 0x00, 0x00, 0x00, 0x05, 0x40, 0x00, 0x00, 
0xa0, 0x00, 0x00, 0x00, 0x04, 0x40, 0x00, 0x00, 0x10, 0x00, 0x00, 0x00, 0x09, 0x01, 0xf3, 0xff, 
0x05, 0x01, 0x41, 0x00, 0x10, 0x40, 0x00, 0x00, 0x88, 0xb7, 0x03, 0x00, 0x16, 0x40, 0x00, 0x00, 
0x01, 0x00, 0x00, 0x00, 0x15, 0x40, 0x00, 0x00, 0x10, 0x09, 0x00, 0x00, 0x14, 0x40, 0x00, 0x00, 
0xe8, 0x00, 0x00, 0x00, 0x14, 0x01, 0x01, 0x81, 0x21, 0x01, 0x00, 0x00, 0x20, 0x01, 0x00, 0x00, 
0x22, 0x01, 0x00, 0x00, 0x16, 0x01, 0x03, 0x00, 0x15, 0x01, 0x03, 0x00, 0x17, 0x01, 0x7f, 0x00, 
0x2f, 0x01, 0x01, 0x00, 0x05, 0x00, 0x01, 0x00, 0x00, 0x40, 0x00, 0x00, 0xe9, 0x00, 0x02, 0x00, 
0x0b, 0x01, 0x14, 0x00, 0x0c, 0x01, 0x14, 0x00, 0x0a, 0x01, 0x14, 0x00, 0x06, 0x40, 0x00, 0x00, 
0x01, 0x00, 0x00, 0x00, 0x05, 0x40, 0x00, 0x00, 0xf0, 0x13, 0x00, 0x00, 0x04, 0x40, 0x00, 0x00, 
0xe8, 0x00, 0x00, 0x00, 0x09, 0x01, 0x93, 0xff, 0x05, 0x01, 0x01, 0x00, 0x10, 0x40, 0x00, 0x00, 
0xc0, 0x11, 0x04, 0x00, 0x16, 0x40, 0x00, 0x00, 0xa0, 0x00, 0x00, 0x00, 0x15, 0x40, 0x00, 0x00, 
0xa0, 0x00, 0x00, 0x00, 0x14, 0x40, 0x00, 0x00, 0x10, 0x00, 0x00, 0x00, 0x14, 0x01, 0x41, 0x00, 
0x21, 0x01, 0x02, 0x00, 0x20, 0x01, 0x02, 0x00, 0x22, 0x01, 0x07, 0x00, 0x20, 0x40, 0x00, 0x00, 
0xa0, 0xd9, 0x00, 0x00, 0x22, 0x40, 0x00, 0x00, 0x90, 0xd9, 0x00, 0x00, 0x16, 0x01, 0x05, 0x00, 
0x15, 0x01, 0x09, 0x00, 0x17, 0x01, 0x07, 0x00, 0x2f, 0x01, 0x03, 0x00, 0x02, 0x00, 0x00, 0x00, 
0x00, 0x40, 0x00, 0x00, 0xc0, 0x11, 0x04, 0x00, 0x0b, 0x01, 0x09, 0x00, 0x0c, 0x01, 0x09, 0x00, 
0x0a, 0x01, 0x09, 0x00, 0x06, 0x40, 0x00, 0x00, 0xa0, 0x00, 0x00, 0x00, 0x05, 0x40, 0x00, 0x00, 
0xa0, 0x00, 0x00, 0x00, 0x04, 0x40, 0x00, 0x00, 0x10, 0x00, 0x00, 0x00, 0x09, 0x01, 0xf3, 0xff, 
0x05, 0x01, 0x41, 0x00, 0x10, 0x40, 0x00, 0x00, 0x89, 0xb7, 0x03, 0x00, 0x16, 0x40, 0x00, 0x00, 
0x01, 0x00, 0x00, 0x00, 0x15, 0x40, 0x00, 0x00, 0x10, 0x09, 0x00, 0x00, 0x14, 0x40, 0x00, 0x00, 
0xe8, 0x00, 0x00, 0x00, 0x14, 0x01, 0x01, 0x81, 0x21, 0x01, 0x00, 0x00, 0x20, 0x01, 0x00, 0x00, 
0x22, 0x01, 0x00, 0x00, 0x16, 0x01, 0x03, 0x00, 0x15, 0x01, 0x03, 0x00, 0x17, 0x01, 0x7f, 0x00, 
0x2f, 0x01, 0x01, 0x00, 0x05, 0x00, 0x01, 0x00, 0x00, 0x40, 0x00, 0x00, 0xea, 0x00, 0x02, 0x00, 
0x0b, 0x01, 0x14, 0x00, 0x0c, 0x01, 0x14, 0x00, 0x0a, 0x01, 0x14, 0x00, 0x06, 0x40, 0x00, 0x00, 
0x01, 0x00, 0x00, 0x00, 0x05, 0x40, 0x00, 0x00, 0xf0, 0x13, 0x00, 0x00, 0x04, 0x40, 0x00, 0x00, 
0xe8, 0x00, 0x00, 0x00, 0x09, 0x01, 0x93, 0xff, 0x05, 0x01, 0x01, 0x00, 0x10, 0x40, 0x00, 0x00, 
0xc0, 0x11, 0x04, 0x00, 0x16, 0x40, 0x00, 0x00, 0xa0, 0x00, 0x00, 0x00, 0x15, 0x40, 0x00, 0x00, 
0xa0, 0x00, 0x00, 0x00, 0x14, 0x40, 0x00, 0x00, 0x10, 0x00, 0x00, 0x00, 0x14, 0x01, 0x41, 0x00, 
0x21, 0x01, 0x02, 0x00, 0x20, 0x01, 0x02, 0x00, 0x22, 0x01, 0x07, 0x00, 0x20, 0x40, 0x00, 0x00, 
0xe0, 0xd9, 0x00, 0x00, 0x22, 0x40, 0x00, 0x00, 0xd0, 0xd9, 0x00, 0x00, 0x16, 0x01, 0x05, 0x00, 
0x15, 0x01, 0x09, 0x00, 0x17, 0x01, 0x07, 0x00, 0x2f, 0x01, 0x03, 0x00, 0x02, 0x00, 0x00, 0x00, 
0x00, 0x40, 0x00, 0x00, 0xc0, 0x11, 0x04, 0x00, 0x0b, 0x01, 0x09, 0x00, 0x0c, 0x01, 0x09, 0x00, 
0x0a, 0x01, 0x09, 0x00, 0x06, 0x40, 0x00, 0x00, 0xa0, 0x00, 0x00, 0x00, 0x05, 0x40, 0x00, 0x00, 
0xa0, 0x00, 0x00, 0x00, 0x04, 0x40, 0x00, 0x00, 0x10, 0x00, 0x00, 0x00, 0x09, 0x01, 0xf3, 0xff, 
0x05, 0x01, 0x41, 0x00, 0x10, 0x40, 0x00, 0x00, 0x8a, 0xb7, 0x03, 0x00, 0x16, 0x40, 0x00, 0x00, 
0x01, 0x00, 0x00, 0x00, 0x15, 0x40, 0x00, 0x00, 0x10, 0x09, 0x00, 0x00, 0x14, 0x40, 0x00, 0x00, 
0xe8, 0x00, 0x00, 0x00, 0x14, 0x01, 0x01, 0x81, 0x21, 0x01, 0x00, 0x00, 0x20, 0x01, 0x00, 0x00, 
0x22, 0x01, 0x00, 0x00, 0x16, 0x01, 0x03, 0x00, 0x15, 0x01, 0x03, 0x00, 0x17, 0x01, 0x7f, 0x00, 
0x2f, 0x01, 0x01, 0x00, 0x05, 0x00, 0x01, 0x00, 0x00, 0x40, 0x00, 0x00, 0xeb, 0x00, 0x02, 0x00, 
0x0b, 0x01, 0x14, 0x00, 0x0c, 0x01, 0x14, 0x00, 0x0a, 0x01, 0x14, 0x00, 0x06, 0x40, 0x00, 0x00, 
0x01, 0x00, 0x00, 0x00, 0x05, 0x40, 0x00, 0x00, 0xf0, 0x13, 0x00, 0x00, 0x04, 0x40, 0x00, 0x00, 
0xe8, 0x00, 0x00, 0x00, 0x09, 0x01, 0x93, 0xff, 0x05, 0x01, 0x01, 0x00, 0x10, 0x40, 0x00, 0x00, 
0xc0, 0x11, 0x04, 0x00, 0x16, 0x40, 0x00, 0x00, 0xa0, 0x00, 0x00, 0x00, 0x15, 0x40, 0x00, 0x00, 
0xa0, 0x00, 0x00, 0x00, 0x14, 0x40, 0x00, 0x00, 0x10, 0x00, 0x00, 0x00, 0x14, 0x01, 0x41, 0x00, 
0x21, 0x01, 0x02, 0x00, 0x20, 0x01, 0x02, 0x00, 0x22, 0x01, 0x07, 0x00, 0x20, 0x40, 0x00, 0x00, 
0x20, 0xda, 0x00, 0x00, 0x22, 0x40, 0x00, 0x00, 0x10, 0xda, 0x00, 0x00, 0x16, 0x01, 0x05, 0x00, 
0x15, 0x01, 0x09, 0x00, 0x17, 0x01, 0x07, 0x00, 0x2f, 0x01, 0x03, 0x00, 0x02, 0x00, 0x00, 0x00, 
0x00, 0x40, 0x00, 0x00, 0xc0, 0x11, 0x04, 0x00, 0x0b, 0x01, 0x09, 0x00, 0x0c, 0x01, 0x09, 0x00, 
0x0a, 0x01, 0x09, 0x00, 0x06, 0x40, 0x00, 0x00, 0xa0, 0x00, 0x00, 0x00, 0x05, 0x40, 0x00, 0x00, 
0xa0, 0x00, 0x00, 0x00, 0x04, 0x40, 0x00, 0x00, 0x10, 0x00, 0x00, 0x00, 0x09, 0x01, 0xf3, 0xff, 
0x05, 0x01, 0x41, 0x00, 0x10, 0x40, 0x00, 0x00, 0x8b, 0xb7, 0x03, 0x00, 0x16, 0x40, 0x00, 0x00, 
0x01, 0x00, 0x00, 0x00, 0x15, 0x40, 0x00, 0x00, 0x10, 0x09, 0x00, 0x00, 0x14, 0x40, 0x00, 0x00, 
0xe8, 0x00, 0x00, 0x00, 0x14, 0x01, 0x01, 0x81, 0x21, 0x01, 0x00, 0x00, 0x20, 0x01, 0x00, 0x00, 
0x22, 0x01, 0x00, 0x00, 0x16, 0x01, 0x03, 0x00, 0x15, 0x01, 0x03, 0x00, 0x17, 0x01, 0x7f, 0x00, 
0x2f, 0x01, 0x01, 0x00, 0x05, 0x00, 0x01, 0x00, 0x00, 0x40, 0x00, 0x00, 0xec, 0x00, 0x02, 0x00, 
0x0b, 0x01, 0x14, 0x00, 0x0c, 0x01, 0x14, 0x00, 0x0a, 0x01, 0x14, 0x00, 0x06, 0x40, 0x00, 0x00, 
0x01, 0x00, 0x00, 0x00, 0x05, 0x40, 0x00, 0x00, 0xf0, 0x13, 0x00, 0x00, 0x04, 0x40, 0x00, 0x00, 
0xe8, 0x00, 0x00, 0x00, 0x09, 0x01, 0x93, 0xff, 0x05, 0x01, 0x01, 0x00, 0x10, 0x40, 0x00, 0x00, 
0xc0, 0x11, 0x04, 0x00, 0x16, 0x40, 0x00, 0x00, 0xa0, 0x00, 0x00, 0x00, 0x15, 0x40, 0x00, 0x00, 
0xa0, 0x00, 0x00, 0x00, 0x14, 0x40, 0x00, 0x00, 0x10, 0x00, 0x00, 0x00, 0x14, 0x01, 0x41, 0x00, 
0x21, 0x01, 0x02, 0x00, 0x20, 0x01, 0x02, 0x00, 0x22, 0x01, 0x07, 0x00, 0x20, 0x40, 0x00, 0x00, 
0x60, 0xda, 0x00, 0x00, 0x22, 0x40, 0x00, 0x00, 0x50, 0xda, 0x00, 0x00, 0x16, 0x01, 0x05, 0x00, 
0x15, 0x01, 0x09, 0x00, 0x17, 0x01, 0x07, 0x00, 0x2f, 0x01, 0x03, 0x00, 0x02, 0x00, 0x00, 0x00, 
0x00, 0x40, 0x00, 0x00, 0xc0, 0x11, 0x04, 0x00, 0x0b, 0x01, 0x09, 0x00, 0x0c, 0x01, 0x09, 0x00, 
0x0a, 0x01, 0x09, 0x00, 0x06, 0x40, 0x00, 0x00, 0xa0, 0x00, 0x00, 0x00, 0x05, 0x40, 0x00, 0x00, 
0xa0, 0x00, 0x00, 0x00, 0x04, 0x40, 0x00, 0x00, 0x10, 0x00, 0x00, 0x00, 0x09, 0x01, 0xf3, 0xff, 
0x05, 0x01, 0x41, 0x00, 0x10, 0x40, 0x00, 0x00, 0x8c, 0xb7, 0x03, 0x00, 0x16, 0x40, 0x00, 0x00, 
0x01, 0x00, 0x00, 0x00, 0x15, 0x40, 0x00, 0x00, 0x10, 0x09, 0x00, 0x00, 0x14, 0x40, 0x00, 0x00, 
0xe8, 0x00, 0x00, 0x00, 0x14, 0x01, 0x01, 0x81, 0x21, 0x01, 0x00, 0x00, 0x20, 0x01, 0x00, 0x00, 
0x22, 0x01, 0x00, 0x00, 0x16, 0x01, 0x03, 0x00, 0x15, 0x01, 0x03, 0x00, 0x17, 0x01, 0x7f, 0x00, 
0x2f, 0x01, 0x01, 0x00, 0x05, 0x00, 0x01, 0x00, 0x00, 0x40, 0x00, 0x00, 0xed, 0x00, 0x02, 0x00, 
0x0b, 0x01, 0x14, 0x00, 0x0c, 0x01, 0x14, 0x00, 0x0a, 0x01, 0x14, 0x00, 0x06, 0x40, 0x00, 0x00, 
0x01, 0x00, 0x00, 0x00, 0x05, 0x40, 0x00, 0x00, 0xf0, 0x13, 0x00, 0x00, 0x04, 0x40, 0x00, 0x00, 
0xe8, 0x00, 0x00, 0x00, 0x09, 0x01, 0x93, 0xff, 0x05, 0x01, 0x01, 0x00, 0x10, 0x40, 0x00, 0x00, 
0xc0, 0x11, 0x04, 0x00, 0x16, 0x40, 0x00, 0x00, 0xa0, 0x00, 0x00, 0x00, 0x15, 0x40, 0x00, 0x00, 
0xa0, 0x00, 0x00, 0x00, 0x14, 0x40, 0x00, 0x00, 0x10, 0x00, 0x00, 0x00, 0x14, 0x01, 0x41, 0x00, 
0x21, 0x01, 0x02, 0x00, 0x20, 0x01, 0x02, 0x00, 0x22, 0x01, 0x07, 0x00, 0x20, 0x40, 0x00, 0x00, 
0xa0, 0xda, 0x00, 0x00, 0x22, 0x40, 0x00, 0x00, 0x90, 0xda, 0x00, 0x00, 0x16, 0x01, 0x05, 0x00, 
0x15, 0x01, 0x09, 0x00, 0x17, 0x01, 0x07, 0x00, 0x2f, 0x01, 0x03, 0x00, 0x02, 0x00, 0x00, 0x00, 
0x00, 0x40, 0x00, 0x00, 0xc0, 0x11, 0x04, 0x00, 0x0b, 0x01, 0x09, 0x00, 0x0c, 0x01, 0x09, 0x00, 
0x0a, 0x01, 0x09, 0x00, 0x06, 0x40, 0x00, 0x00, 0xa0, 0x00, 0x00, 0x00, 0x05, 0x40, 0x00, 0x00, 
0xa0, 0x00, 0x00, 0x00, 0x04, 0x40, 0x00, 0x00, 0x10, 0x00, 0x00, 0x00, 0x09, 0x01, 0xf3, 0xff, 
0x05, 0x01, 0x41, 0x00, 0x10, 0x40, 0x00, 0x00, 0x8d, 0xb7, 0x03, 0x00, 0x16, 0x40, 0x00, 0x00, 
0x01, 0x00, 0x00, 0x00, 0x15, 0x40, 0x00, 0x00, 0x10, 0x09, 0x00, 0x00, 0x14, 0x40, 0x00, 0x00, 
0xe8, 0x00, 0x00, 0x00, 0x14, 0x01, 0x01, 0x81, 0x21, 0x01, 0x00, 0x00, 0x20, 0x01, 0x00, 0x00, 
0x22, 0x01, 0x00, 0x00, 0x16, 0x01, 0x03, 0x00, 0x15, 0x01, 0x03, 0x00, 0x17, 0x01, 0x7f, 0x00, 
0x2f, 0x01, 0x01, 0x00, 0x05, 0x00, 0x01, 0x00, 0x00, 0x40, 0x00, 0x00, 0xee, 0x00, 0x02, 0x00, 
0x0b, 0x01, 0x14, 0x00, 0x0c, 0x01, 0x14, 0x00, 0x0a, 0x01, 0x14, 0x00, 0x06, 0x40, 0x00, 0x00, 
0x01, 0x00, 0x00, 0x00, 0x05, 0x40, 0x00, 0x00, 0xf0, 0x13, 0x00, 0x00, 0x04, 0x40, 0x00, 0x00, 
0xe8, 0x00, 0x00, 0x00, 0x09, 0x01, 0x93, 0xff, 0x05, 0x01, 0x01, 0x00, 0x10, 0x40, 0x00, 0x00, 
0xc0, 0x11, 0x04, 0x00, 0x16, 0x40, 0x00, 0x00, 0xa0, 0x00, 0x00, 0x00, 0x15, 0x40, 0x00, 0x00, 
0xa0, 0x00, 0x00, 0x00, 0x14, 0x40, 0x00, 0x00, 0x10, 0x00, 0x00, 0x00, 0x14, 0x01, 0x41, 0x00, 
0x21, 0x01, 0x02, 0x00, 0x20, 0x01, 0x02, 0x00, 0x22, 0x01, 0x07, 0x00, 0x20, 0x40, 0x00, 0x00, 
0xe0, 0xda, 0x00, 0x00, 0x22, 0x40, 0x00, 0x00, 0xd0, 0xda, 0x00, 0x00, 0x16, 0x01, 0x05, 0x00, 
0x15, 0x01, 0x09, 0x00, 0x17, 0x01, 0x07, 0x00, 0x2f, 0x01, 0x03, 0x00, 0x02, 0x00, 0x00, 0x00, 
0x00, 0x40, 0x00, 0x00, 0xc0, 0x11, 0x04, 0x00, 0x0b, 0x01, 0x09, 0x00, 0x0c, 0x01, 0x09, 0x00, 
0x0a, 0x01, 0x09, 0x00, 0x06, 0x40, 0x00, 0x00, 0xa0, 0x00, 0x00, 0x00, 0x05, 0x40, 0x00, 0x00, 
0xa0, 0x00, 0x00, 0x00, 0x04, 0x40, 0x00, 0x00, 0x10, 0x00, 0x00, 0x00, 0x09, 0x01, 0xf3, 0xff, 
0x05, 0x01, 0x41, 0x00, 0x10, 0x40, 0x00, 0x00, 0x8e, 0xb7, 0x03, 0x00, 0x16, 0x40, 0x00, 0x00, 
0x01, 0x00, 0x00, 0x00, 0x15, 0x40, 0x00, 0x00, 0x10, 0x09, 0x00, 0x00, 0x14, 0x40, 0x00, 0x00, 
0xe8, 0x00, 0x00, 0x00, 0x14, 0x01, 0x01, 0x81, 0x21, 0x01, 0x00, 0x00, 0x20, 0x01, 0x00, 0x00, 
0x22, 0x01, 0x00, 0x00, 0x16, 0x01, 0x03, 0x00, 0x15, 0x01, 0x03, 0x00, 0x17, 0x01, 0x7f, 0x00, 
0x2f, 0x01, 0x01, 0x00, 0x05, 0x00, 0x01, 0x00, 0x00, 0x40, 0x00, 0x00, 0xef, 0x00, 0x02, 0x00, 
0x0b, 0x01, 0x14, 0x00, 0x0c, 0x01, 0x14, 0x00, 0x0a, 0x01, 0x14, 0x00, 0x06, 0x40, 0x00, 0x00, 
0x01, 0x00, 0x00, 0x00, 0x05, 0x40, 0x00, 0x00, 0xf0, 0x13, 0x00, 0x00, 0x04, 0x40, 0x00, 0x00, 
0xe8, 0x00, 0x00, 0x00, 0x09, 0x01, 0x93, 0xff, 0x05, 0x01, 0x01, 0x00, 0x10, 0x40, 0x00, 0x00, 
0xc0, 0x11, 0x04, 0x00, 0x16, 0x40, 0x00, 0x00, 0xa0, 0x00, 0x00, 0x00, 0x15, 0x40, 0x00, 0x00, 
0xa0, 0x00, 0x00, 0x00, 0x14, 0x40, 0x00, 0x00, 0x10, 0x00, 0x00, 0x00, 0x14, 0x01, 0x41, 0x00, 
0x21, 0x01, 0x02, 0x00, 0x20, 0x01, 0x02, 0x00, 0x22, 0x01, 0x07, 0x00, 0x20, 0x40, 0x00, 0x00, 
0x20, 0xdb, 0x00, 0x00, 0x22, 0x40, 0x00, 0x00, 0x10, 0xdb, 0x00, 0x00, 0x16, 0x01, 0x05, 0x00, 
0x15, 0x01, 0x09, 0x00, 0x17, 0x01, 0x07, 0x00, 0x2f, 0x01, 0x03, 0x00, 0x02, 0x00, 0x00, 0x00, 
0x00, 0x40, 0x00, 0x00, 0xc0, 0x11, 0x04, 0x00, 0x0b, 0x01, 0x09, 0x00, 0x0c, 0x01, 0x09, 0x00, 
0x0a, 0x01, 0x09, 0x00, 0x06, 0x40, 0x00, 0x00, 0xa0, 0x00, 0x00, 0x00, 0x05, 0x40, 0x00, 0x00, 
0xa0, 0x00, 0x00, 0x00, 0x04, 0x40, 0x00, 0x00, 0x10, 0x00, 0x00, 0x00, 0x09, 0x01, 0xf3, 0xff, 
0x05, 0x01, 0x41, 0x00, 0x10, 0x40, 0x00, 0x00, 0x8f, 0xb7, 0x03, 0x00, 0x16, 0x40, 0x00, 0x00, 
0x01, 0x00, 0x00, 0x00, 0x15, 0x40, 0x00, 0x00, 0x10, 0x09, 0x00, 0x00, 0x14, 0x40, 0x00, 0x00, 
0xe8, 0x00, 0x00, 0x00, 0x14, 0x01, 0x01, 0x81, 0x21, 0x01, 0x00, 0x00, 0x20, 0x01, 0x00, 0x00, 
0x22, 0x01, 0x00, 0x00, 0x16, 0x01, 0x03, 0x00, 0x15, 0x01, 0x03, 0x00, 0x17, 0x01, 0x7f, 0x00, 
0x2f, 0x01, 0x01, 0x00, 0x05, 0x00, 0x01, 0x00, 0x00, 0x40, 0x00, 0x00, 0xf0, 0x00, 0x02, 0x00, 
0x0b, 0x01, 0x14, 0x00, 0x0c, 0x01, 0x14, 0x00, 0x0a, 0x01, 0x14, 0x00, 0x06, 0x40, 0x00, 0x00, 
0x01, 0x00, 0x00, 0x00, 0x05, 0x40, 0x00, 0x00, 0xf0, 0x13, 0x00, 0x00, 0x04, 0x40, 0x00, 0x00, 
0xe8, 0x00, 0x00, 0x00, 0x09, 0x01, 0x93, 0xff, 0x05, 0x01, 0x01, 0x00, 0x10, 0x40, 0x00, 0x00, 
0xc0, 0x11, 0x04, 0x00, 0x16, 0x40, 0x00, 0x00, 0xa0, 0x00, 0x00, 0x00, 0x15, 0x40, 0x00, 0x00, 
0xa0, 0x00, 0x00, 0x00, 0x14, 0x40, 0x00, 0x00, 0x10, 0x00, 0x00, 0x00, 0x14, 0x01, 0x41, 0x00, 
0x21, 0x01, 0x02, 0x00, 0x20, 0x01, 0x02, 0x00, 0x22, 0x01, 0x07, 0x00, 0x20, 0x40, 0x00, 0x00, 
0x60, 0xdb, 0x00, 0x00, 0x22, 0x40, 0x00, 0x00, 0x50, 0xdb, 0x00, 0x00, 0x16, 0x01, 0x05, 0x00, 
0x15, 0x01, 0x09, 0x00, 0x17, 0x01, 0x07, 0x00, 0x2f, 0x01, 0x03, 0x00, 0x02, 0x00, 0x00, 0x00, 
0x00, 0x40, 0x00, 0x00, 0xc0, 0x11, 0x04, 0x00, 0x0b, 0x01, 0x09, 0x00, 0x0c, 0x01, 0x09, 0x00, 
0x0a, 0x01, 0x09, 0x00, 0x06, 0x40, 0x00, 0x00, 0xa0, 0x00, 0x00, 0x00, 0x05, 0x40, 0x00, 0x00, 
0xa0, 0x00, 0x00, 0x00, 0x04, 0x40, 0x00, 0x00, 0x10, 0x00, 0x00, 0x00, 0x09, 0x01, 0xf3, 0xff, 
0x05, 0x01, 0x41, 0x00, 0x10, 0x40, 0x00, 0x00, 0x90, 0xb7, 0x03, 0x00, 0x16, 0x40, 0x00, 0x00, 
0x01, 0x00, 0x00, 0x00, 0x15, 0x40, 0x00, 0x00, 0x10, 0x09, 0x00, 0x00, 0x14, 0x40, 0x00, 0x00, 
0xe8, 0x00, 0x00, 0x00, 0x14, 0x01, 0x01, 0x81, 0x21, 0x01, 0x00, 0x00, 0x20, 0x01, 0x00, 0x00, 
0x22, 0x01, 0x00, 0x00, 0x16, 0x01, 0x03, 0x00, 0x15, 0x01, 0x03, 0x00, 0x17, 0x01, 0x7f, 0x00, 
0x2f, 0x01, 0x01, 0x00, 0x05, 0x00, 0x01, 0x00, 0x00, 0x40, 0x00, 0x00, 0xf1, 0x00, 0x02, 0x00, 
0x0b, 0x01, 0x14, 0x00, 0x0c, 0x01, 0x14, 0x00, 0x0a, 0x01, 0x14, 0x00, 0x06, 0x40, 0x00, 0x00, 
0x01, 0x00, 0x00, 0x00, 0x05, 0x40, 0x00, 0x00, 0xf0, 0x13, 0x00, 0x00, 0x04, 0x40, 0x00, 0x00, 
0xe8, 0x00, 0x00, 0x00, 0x09, 0x01, 0x93, 0xff, 0x05, 0x01, 0x01, 0x00, 0x10, 0x40, 0x00, 0x00, 
0xc0, 0x11, 0x04, 0x00, 0x16, 0x40, 0x00, 0x00, 0xa0, 0x00, 0x00, 0x00, 0x15, 0x40, 0x00, 0x00, 
0xa0, 0x00, 0x00, 0x00, 0x14, 0x40, 0x00, 0x00, 0x10, 0x00, 0x00, 0x00, 0x14, 0x01, 0x41, 0x00, 
0x21, 0x01, 0x02, 0x00, 0x20, 0x01, 0x02, 0x00, 0x22, 0x01, 0x07, 0x00, 0x20, 0x40, 0x00, 0x00, 
0xa0, 0xdb, 0x00, 0x00, 0x22, 0x40, 0x00, 0x00, 0x90, 0xdb, 0x00, 0x00, 0x16, 0x01, 0x05, 0x00, 
0x15, 0x01, 0x09, 0x00, 0x17, 0x01, 0x07, 0x00, 0x2f, 0x01, 0x03, 0x00, 0x02, 0x00, 0x00, 0x00, 
0x00, 0x40, 0x00, 0x00, 0xc0, 0x11, 0x04, 0x00, 0x0b, 0x01, 0x09, 0x00, 0x0c, 0x01, 0x09, 0x00, 
0x0a, 0x01, 0x09, 0x00, 0x06, 0x40, 0x00, 0x00, 0xa0, 0x00, 0x00, 0x00, 0x05, 0x40, 0x00, 0x00, 
0xa0, 0x00, 0x00, 0x00, 0x04, 0x40, 0x00, 0x00, 0x10, 0x00, 0x00, 0x00, 0x09, 0x01, 0xf3, 0xff, 
0x05, 0x01, 0x41, 0x00, 0x10, 0x40, 0x00, 0x00, 0x91, 0xb7, 0x03, 0x00, 0x16, 0x40, 0x00, 0x00, 
0x01, 0x00, 0x00, 0x00, 0x15, 0x40, 0x00, 0x00, 0x10, 0x09, 0x00, 0x00, 0x14, 0x40, 0x00, 0x00, 
0xe8, 0x00, 0x00, 0x00, 0x14, 0x01, 0x01, 0x81, 0x21, 0x01, 0x00, 0x00, 0x20, 0x01, 0x00, 0x00, 
0x22, 0x01, 0x00, 0x00, 0x16, 0x01, 0x03, 0x00, 0x15, 0x01, 0x03, 0x00, 0x17, 0x01, 0x7f, 0x00, 
0x2f, 0x01, 0x01, 0x00, 0x05, 0x00, 0x01, 0x00, 0x00, 0x40, 0x00, 0x00, 0xf2, 0x00, 0x02, 0x00, 
0x0b, 0x01, 0x14, 0x00, 0x0c, 0x01, 0x14, 0x00, 0x0a, 0x01, 0x14, 0x00, 0x06, 0x40, 0x00, 0x00, 
0x01, 0x00, 0x00, 0x00, 0x05, 0x40, 0x00, 0x00, 0xf0, 0x13, 0x00, 0x00, 0x04, 0x40, 0x00, 0x00, 
0xe8, 0x00, 0x00, 0x00, 0x09, 0x01, 0x93, 0xff, 0x05, 0x01, 0x01, 0x00, 0x10, 0x40, 0x00, 0x00, 
0xc0, 0x11, 0x04, 0x00, 0x16, 0x40, 0x00, 0x00, 0xa0, 0x00, 0x00, 0x00, 0x15, 0x40, 0x00, 0x00, 
0xa0, 0x00, 0x00, 0x00, 0x14, 0x40, 0x00, 0x00, 0x10, 0x00, 0x00, 0x00, 0x14, 0x01, 0x41, 0x00, 
0x21, 0x01, 0x02, 0x00, 0x20, 0x01, 0x02, 0x00, 0x22, 0x01, 0x07, 0x00, 0x20, 0x40, 0x00, 0x00, 
0xe0, 0xdb, 0x00, 0x00, 0x22, 0x40, 0x00, 0x00, 0xd0, 0xdb, 0x00, 0x00, 0x16, 0x01, 0x05, 0x00, 
0x15, 0x01, 0x09, 0x00, 0x17, 0x01, 0x07, 0x00, 0x2f, 0x01, 0x03, 0x00, 0x02, 0x00, 0x00, 0x00, 
0x00, 0x40, 0x00, 0x00, 0xc0, 0x11, 0x04, 0x00, 0x0b, 0x01, 0x09, 0x00, 0x0c, 0x01, 0x09, 0x00, 
0x0a, 0x01, 0x09, 0x00, 0x06, 0x40, 0x00, 0x00, 0xa0, 0x00, 0x00, 0x00, 0x05, 0x40, 0x00, 0x00, 
0xa0, 0x00, 0x00, 0x00, 0x04, 0x40, 0x00, 0x00, 0x10, 0x00, 0x00, 0x00, 0x09, 0x01, 0xf3, 0xff, 
0x05, 0x01, 0x41, 0x00, 0x10, 0x40, 0x00, 0x00, 0x92, 0xb7, 0x03, 0x00, 0x16, 0x40, 0x00, 0x00, 
0x01, 0x00, 0x00, 0x00, 0x15, 0x40, 0x00, 0x00, 0x10, 0x09, 0x00, 0x00, 0x14, 0x40, 0x00, 0x00, 
0xe8, 0x00, 0x00, 0x00, 0x14, 0x01, 0x01, 0x81, 0x21, 0x01, 0x00, 0x00, 0x20, 0x01, 0x00, 0x00, 
0x22, 0x01, 0x00, 0x00, 0x16, 0x01, 0x03, 0x00, 0x15, 0x01, 0x03, 0x00, 0x17, 0x01, 0x7f, 0x00, 
0x2f, 0x01, 0x01, 0x00, 0x05, 0x00, 0x01, 0x00, 0x00, 0x40, 0x00, 0x00, 0xf3, 0x00, 0x02, 0x00, 
0x0b, 0x01, 0x14, 0x00, 0x0c, 0x01, 0x14, 0x00, 0x0a, 0x01, 0x14, 0x00, 0x06, 0x40, 0x00, 0x00, 
0x01, 0x00, 0x00, 0x00, 0x05, 0x40, 0x00, 0x00, 0xf0, 0x13, 0x00, 0x00, 0x04, 0x40, 0x00, 0x00, 
0xe8, 0x00, 0x00, 0x00, 0x09, 0x01, 0x93, 0xff, 0x05, 0x01, 0x01, 0x00, 0x10, 0x40, 0x00, 0x00, 
0xc0, 0x11, 0x04, 0x00, 0x16, 0x40, 0x00, 0x00, 0xa0, 0x00, 0x00, 0x00, 0x15, 0x40, 0x00, 0x00, 
0xa0, 0x00, 0x00, 0x00, 0x14, 0x40, 0x00, 0x00, 0x10, 0x00, 0x00, 0x00, 0x14, 0x01, 0x41, 0x00, 
0x21, 0x01, 0x02, 0x00, 0x20, 0x01, 0x02, 0x00, 0x22, 0x01, 0x07, 0x00, 0x20, 0x40, 0x00, 0x00, 
0x20, 0xdc, 0x00, 0x00, 0x22, 0x40, 0x00, 0x00, 0x10, 0xdc, 0x00, 0x00, 0x16, 0x01, 0x05, 0x00, 
0x15, 0x01, 0x09, 0x00, 0x17, 0x01, 0x07, 0x00, 0x2f, 0x01, 0x03, 0x00, 0x02, 0x00, 0x00, 0x00, 
0x00, 0x40, 0x00, 0x00, 0xc0, 0x11, 0x04, 0x00, 0x0b, 0x01, 0x09, 0x00, 0x0c, 0x01, 0x09, 0x00, 
0x0a, 0x01, 0x09, 0x00, 0x06, 0x40, 0x00, 0x00, 0xa0, 0x00, 0x00, 0x00, 0x05, 0x40, 0x00, 0x00, 
0xa0, 0x00, 0x00, 0x00, 0x04, 0x40, 0x00, 0x00, 0x10, 0x00, 0x00, 0x00, 0x09, 0x01, 0xf3, 0xff, 
0x05, 0x01, 0x41, 0x00, 0x10, 0x40, 0x00, 0x00, 0x93, 0xb7, 0x03, 0x00, 0x16, 0x40, 0x00, 0x00, 
0x01, 0x00, 0x00, 0x00, 0x15, 0x40, 0x00, 0x00, 0x10, 0x09, 0x00, 0x00, 0x14, 0x40, 0x00, 0x00, 
0xe8, 0x00, 0x00, 0x00, 0x14, 0x01, 0x01, 0x81, 0x21, 0x01, 0x00, 0x00, 0x20, 0x01, 0x00, 0x00, 
0x22, 0x01, 0x00, 0x00, 0x16, 0x01, 0x03, 0x00, 0x15, 0x01, 0x03, 0x00, 0x17, 0x01, 0x7f, 0x00, 
0x2f, 0x01, 0x01, 0x00, 0x05, 0x00, 0x01, 0x00, 0x00, 0x40, 0x00, 0x00, 0xf4, 0x00, 0x02, 0x00, 
0x0b, 0x01, 0x14, 0x00, 0x0c, 0x01, 0x14, 0x00, 0x0a, 0x01, 0x14, 0x00, 0x06, 0x40, 0x00, 0x00, 
0x01, 0x00, 0x00, 0x00, 0x05, 0x40, 0x00, 0x00, 0xf0, 0x13, 0x00, 0x00, 0x04, 0x40, 0x00, 0x00, 
0xe8, 0x00, 0x00, 0x00, 0x09, 0x01, 0x93, 0xff, 0x05, 0x01, 0x01, 0x00, 0x10, 0x40, 0x00, 0x00, 
0xc0, 0x11, 0x04, 0x00, 0x16, 0x40, 0x00, 0x00, 0xa0, 0x00, 0x00, 0x00, 0x15, 0x40, 0x00, 0x00, 
0xa0, 0x00, 0x00, 0x00, 0x14, 0x40, 0x00, 0x00, 0x10, 0x00, 0x00, 0x00, 0x14, 0x01, 0x41, 0x00, 
0x21, 0x01, 0x02, 0x00, 0x20, 0x01, 0x02, 0x00, 0x22, 0x01, 0x07, 0x00, 0x20, 0x40, 0x00, 0x00, 
0x60, 0xdc, 0x00, 0x00, 0x22, 0x40, 0x00, 0x00, 0x50, 0xdc, 0x00, 0x00, 0x16, 0x01, 0x05, 0x00, 
0x15, 0x01, 0x09, 0x00, 0x17, 0x01, 0x07, 0x00, 0x2f, 0x01, 0x03, 0x00, 0x02, 0x00, 0x00, 0x00, 
0x00, 0x40, 0x00, 0x00, 0xc0, 0x11, 0x04, 0x00, 0x0b, 0x01, 0x09, 0x00, 0x0c, 0x01, 0x09, 0x00, 
0x0a, 0x01, 0x09, 0x00, 0x06, 0x40, 0x00, 0x00, 0xa0, 0x00, 0x00, 0x00, 0x05, 0x40, 0x00, 0x00, 
0xa0, 0x00, 0x00, 0x00, 0x04, 0x40, 0x00, 0x00, 0x10, 0x00, 0x00, 0x00, 0x09, 0x01, 0xf3, 0xff, 
0x05, 0x01, 0x41, 0x00, 0x10, 0x40, 0x00, 0x00, 0x94, 0xb7, 0x03, 0x00, 0x16, 0x40, 0x00, 0x00, 
0x01, 0x00, 0x00, 0x00, 0x15, 0x40, 0x00, 0x00, 0x10, 0x09, 0x00, 0x00, 0x14, 0x40, 0x00, 0x00, 
0xe8, 0x00, 0x00, 0x00, 0x14, 0x01, 0x01, 0x81, 0x21, 0x01, 0x00, 0x00, 0x20, 0x01, 0x00, 0x00, 
0x22, 0x01, 0x00, 0x00, 0x16, 0x01, 0x03, 0x00, 0x15, 0x01, 0x03, 0x00, 0x17, 0x01, 0x7f, 0x00, 
0x2f, 0x01, 0x01, 0x00, 0x05, 0x00, 0x01, 0x00, 0x00, 0x40, 0x00, 0x00, 0xf5, 0x00, 0x02, 0x00, 
0x0b, 0x01, 0x14, 0x00, 0x0c, 0x01, 0x14, 0x00, 0x0a, 0x01, 0x14, 0x00, 0x06, 0x40, 0x00, 0x00, 
0x01, 0x00, 0x00, 0x00, 0x05, 0x40, 0x00, 0x00, 0xf0, 0x13, 0x00, 0x00, 0x04, 0x40, 0x00, 0x00, 
0xe8, 0x00, 0x00, 0x00, 0x09, 0x01, 0x93, 0xff, 0x05, 0x01, 0x01, 0x00, 0x10, 0x40, 0x00, 0x00, 
0xc0, 0x11, 0x04, 0x00, 0x16, 0x40, 0x00, 0x00, 0xa0, 0x00, 0x00, 0x00, 0x15, 0x40, 0x00, 0x00, 
0xa0, 0x00, 0x00, 0x00, 0x14, 0x40, 0x00, 0x00, 0x10, 0x00, 0x00, 0x00, 0x14, 0x01, 0x41, 0x00, 
0x21, 0x01, 0x02, 0x00, 0x20, 0x01, 0x02, 0x00, 0x22, 0x01, 0x07, 0x00, 0x20, 0x40, 0x00, 0x00, 
0xa0, 0xdc, 0x00, 0x00, 0x22, 0x40, 0x00, 0x00, 0x90, 0xdc, 0x00, 0x00, 0x16, 0x01, 0x05, 0x00, 
0x15, 0x01, 0x09, 0x00, 0x17, 0x01, 0x07, 0x00, 0x2f, 0x01, 0x03, 0x00, 0x02, 0x00, 0x00, 0x00, 
0x00, 0x40, 0x00, 0x00, 0xc0, 0x11, 0x04, 0x00, 0x0b, 0x01, 0x09, 0x00, 0x0c, 0x01, 0x09, 0x00, 
0x0a, 0x01, 0x09, 0x00, 0x06, 0x40, 0x00, 0x00, 0xa0, 0x00, 0x00, 0x00, 0x05, 0x40, 0x00, 0x00, 
0xa0, 0x00, 0x00, 0x00, 0x04, 0x40, 0x00, 0x00, 0x10, 0x00, 0x00, 0x00, 0x09, 0x01, 0xf3, 0xff, 
0x05, 0x01, 0x41, 0x00, 0x10, 0x40, 0x00, 0x00, 0x95, 0xb7, 0x03, 0x00, 0x16, 0x40, 0x00, 0x00, 
0x01, 0x00, 0x00, 0x00, 0x15, 0x40, 0x00, 0x00, 0x10, 0x09, 0x00, 0x00, 0x14, 0x40, 0x00, 0x00, 
0xe8, 0x00, 0x00, 0x00, 0x14, 0x01, 0x01, 0x81, 0x21, 0x01, 0x00, 0x00, 0x20, 0x01, 0x00, 0x00, 
0x22, 0x01, 0x00, 0x00, 0x16, 0x01, 0x03, 0x00, 0x15, 0x01, 0x03, 0x00, 0x17, 0x01, 0x7f, 0x00, 
0x2f, 0x01, 0x01, 0x00, 0x05, 0x00, 0x01, 0x00, 0x00, 0x40, 0x00, 0x00, 0xf6, 0x00, 0x02, 0x00, 
0x0b, 0x01, 0x14, 0x00, 0x0c, 0x01, 0x14, 0x00, 0x0a, 0x01, 0x14, 0x00, 0x06, 0x40, 0x00, 0x00, 
0x01, 0x00, 0x00, 0x00, 0x05, 0x40, 0x00, 0x00, 0xf0, 0x13, 0x00, 0x00, 0x04, 0x40, 0x00, 0x00, 
0xe8, 0x00, 0x00, 0x00, 0x09, 0x01, 0x93, 0xff, 0x05, 0x01, 0x01, 0x00, 0x10, 0x40, 0x00, 0x00, 
0xc0, 0x11, 0x04, 0x00, 0x16, 0x40, 0x00, 0x00, 0xa0, 0x00, 0x00, 0x00, 0x15, 0x40, 0x00, 0x00, 
0xa0, 0x00, 0x00, 0x00, 0x14, 0x40, 0x00, 0x00, 0x10, 0x00, 0x00, 0x00, 0x14, 0x01, 0x41, 0x00, 
0x21, 0x01, 0x02, 0x00, 0x20, 0x01, 0x02, 0x00, 0x22, 0x01, 0x07, 0x00, 0x20, 0x40, 0x00, 0x00, 
0xe0, 0xdc, 0x00, 0x00, 0x22, 0x40, 0x00, 0x00, 0xd0, 0xdc, 0x00, 0x00, 0x16, 0x01, 0x05, 0x00, 
0x15, 0x01, 0x09, 0x00, 0x17, 0x01, 0x07, 0x00, 0x2f, 0x01, 0x03, 0x00, 0x02, 0x00, 0x00, 0x00, 
0x00, 0x40, 0x00, 0x00, 0xc0, 0x11, 0x04, 0x00, 0x0b, 0x01, 0x09, 0x00, 0x0c, 0x01, 0x09, 0x00, 
0x0a, 0x01, 0x09, 0x00, 0x06, 0x40, 0x00, 0x00, 0xa0, 0x00, 0x00, 0x00, 0x05, 0x40, 0x00, 0x00, 
0xa0, 0x00, 0x00, 0x00, 0x04, 0x40, 0x00, 0x00, 0x10, 0x00, 0x00, 0x00, 0x09, 0x01, 0xf3, 0xff, 
0x05, 0x01, 0x41, 0x00, 0x10, 0x40, 0x00, 0x00, 0x96, 0xb7, 0x03, 0x00, 0x16, 0x40, 0x00, 0x00, 
0x01, 0x00, 0x00, 0x00, 0x15, 0x40, 0x00, 0x00, 0x10, 0x09, 0x00, 0x00, 0x14, 0x40, 0x00, 0x00, 
0xe8, 0x00, 0x00, 0x00, 0x14, 0x01, 0x01, 0x81, 0x21, 0x01, 0x00, 0x00, 0x20, 0x01, 0x00, 0x00, 
0x22, 0x01, 0x00, 0x00, 0x16, 0x01, 0x03, 0x00, 0x15, 0x01, 0x03, 0x00, 0x17, 0x01, 0x7f, 0x00, 
0x2f, 0x01, 0x01, 0x00, 0x05, 0x00, 0x01, 0x00, 0x00, 0x40, 0x00, 0x00, 0xf7, 0x00, 0x02, 0x00, 
0x0b, 0x01, 0x14, 0x00, 0x0c, 0x01, 0x14, 0x00, 0x0a, 0x01, 0x14, 0x00, 0x06, 0x40, 0x00, 0x00, 
0x01, 0x00, 0x00, 0x00, 0x05, 0x40, 0x00, 0x00, 0xf0, 0x13, 0x00, 0x00, 0x04, 0x40, 0x00, 0x00, 
0xe8, 0x00, 0x00, 0x00, 0x09, 0x01, 0x93, 0xff, 0x05, 0x01, 0x01, 0x00, 0x10, 0x40, 0x00, 0x00, 
0xc0, 0x11, 0x04, 0x00, 0x16, 0x40, 0x00, 0x00, 0xa0, 0x00, 0x00, 0x00, 0x15, 0x40, 0x00, 0x00, 
0xa0, 0x00, 0x00, 0x00, 0x14, 0x40, 0x00, 0x00, 0x10, 0x00, 0x00, 0x00, 0x14, 0x01, 0x41, 0x00, 
0x21, 0x01, 0x02, 0x00, 0x20, 0x01, 0x02, 0x00, 0x22, 0x01, 0x07, 0x00, 0x20, 0x40, 0x00, 0x00, 
0x20, 0xdd, 0x00, 0x00, 0x22, 0x40, 0x00, 0x00, 0x10, 0xdd, 0x00, 0x00, 0x16, 0x01, 0x05, 0x00, 
0x15, 0x01, 0x09, 0x00, 0x17, 0x01, 0x07, 0x00, 0x2f, 0x01, 0x03, 0x00, 0x02, 0x00, 0x00, 0x00, 
0x00, 0x40, 0x00, 0x00, 0xc0, 0x11, 0x04, 0x00, 0x0b, 0x01, 0x09, 0x00, 0x0c, 0x01, 0x09, 0x00, 
0x0a, 0x01, 0x09, 0x00, 0x06, 0x40, 0x00, 0x00, 0xa0, 0x00, 0x00, 0x00, 0x05, 0x40, 0x00, 0x00, 
0xa0, 0x00, 0x00, 0x00, 0x04, 0x40, 0x00, 0x00, 0x10, 0x00, 0x00, 0x00, 0x09, 0x01, 0xf3, 0xff, 
0x05, 0x01, 0x41, 0x00, 0x10, 0x40, 0x00, 0x00, 0x97, 0xb7, 0x03, 0x00, 0x16, 0x40, 0x00, 0x00, 
0x01, 0x00, 0x00, 0x00, 0x15, 0x40, 0x00, 0x00, 0x10, 0x09, 0x00, 0x00, 0x14, 0x40, 0x00, 0x00, 
0xe8, 0x00, 0x00, 0x00, 0x14, 0x01, 0x01, 0x81, 0x21, 0x01, 0x00, 0x00, 0x20, 0x01, 0x00, 0x00, 
0x22, 0x01, 0x00, 0x00, 0x16, 0x01, 0x03, 0x00, 0x15, 0x01, 0x03, 0x00, 0x17, 0x01, 0x7f, 0x00, 
0x2f, 0x01, 0x01, 0x00, 0x05, 0x00, 0x01, 0x00, 0x00, 0x40, 0x00, 0x00, 0xf8, 0x00, 0x02, 0x00, 
0x0b, 0x01, 0x14, 0x00, 0x0c, 0x01, 0x14, 0x00, 0x0a, 0x01, 0x14, 0x00, 0x06, 0x40, 0x00, 0x00, 
0x01, 0x00, 0x00, 0x00, 0x05, 0x40, 0x00, 0x00, 0xf0, 0x13, 0x00, 0x00, 0x04, 0x40, 0x00, 0x00, 
0xe8, 0x00, 0x00, 0x00, 0x09, 0x01, 0x93, 0xff, 0x05, 0x01, 0x01, 0x00, 0x10, 0x40, 0x00, 0x00, 
0xc0, 0x11, 0x04, 0x00, 0x16, 0x40, 0x00, 0x00, 0xa0, 0x00, 0x00, 0x00, 0x15, 0x40, 0x00, 0x00, 
0xa0, 0x00, 0x00, 0x00, 0x14, 0x40, 0x00, 0x00, 0x10, 0x00, 0x00, 0x00, 0x14, 0x01, 0x41, 0x00, 
0x21, 0x01, 0x02, 0x00, 0x20, 0x01, 0x02, 0x00, 0x22, 0x01, 0x07, 0x00, 0x20, 0x40, 0x00, 0x00, 
0x60, 0xdd, 0x00, 0x00, 0x22, 0x40, 0x00, 0x00, 0x50, 0xdd, 0x00, 0x00, 0x16, 0x01, 0x05, 0x00, 
0x15, 0x01, 0x09, 0x00, 0x17, 0x01, 0x07, 0x00, 0x2f, 0x01, 0x03, 0x00, 0x02, 0x00, 0x00, 0x00, 
0x00, 0x40, 0x00, 0x00, 0xc0, 0x11, 0x04, 0x00, 0x0b, 0x01, 0x09, 0x00, 0x0c, 0x01, 0x09, 0x00, 
0x0a, 0x01, 0x09, 0x00, 0x06, 0x40, 0x00, 0x00, 0xa0, 0x00, 0x00, 0x00, 0x05, 0x40, 0x00, 0x00, 
0xa0, 0x00, 0x00, 0x00, 0x04, 0x40, 0x00, 0x00, 0x10, 0x00, 0x00, 0x00, 0x09, 0x01, 0xf3, 0xff, 
0x05, 0x01, 0x41, 0x00, 0x10, 0x40, 0x00, 0x00, 0x98, 0xb7, 0x03, 0x00, 0x16, 0x40, 0x00, 0x00, 
0x01, 0x00, 0x00, 0x00, 0x15, 0x40, 0x00, 0x00, 0x10, 0x09, 0x00, 0x00, 0x14, 0x40, 0x00, 0x00, 
0xe8, 0x00, 0x00, 0x00, 0x14, 0x01, 0x01, 0x81, 0x21, 0x01, 0x00, 0x00, 0x20, 0x01, 0x00, 0x00, 
0x22, 0x01, 0x00, 0x00, 0x16, 0x01, 0x03, 0x00, 0x15, 0x01, 0x03, 0x00, 0x17, 0x01, 0x7f, 0x00, 
0x2f, 0x01, 0x01, 0x00, 0x05, 0x00, 0x01, 0x00, 0x00, 0x40, 0x00, 0x00, 0xf9, 0x00, 0x02, 0x00, 
0x0b, 0x01, 0x14, 0x00, 0x0c, 0x01, 0x14, 0x00, 0x0a, 0x01, 0x14, 0x00, 0x06, 0x40, 0x00, 0x00, 
0x01, 0x00, 0x00, 0x00, 0x05, 0x40, 0x00, 0x00, 0xf0, 0x13, 0x00, 0x00, 0x04, 0x40, 0x00, 0x00, 
0xe8, 0x00, 0x00, 0x00, 0x09, 0x01, 0x93, 0xff, 0x05, 0x01, 0x01, 0x00, 0x10, 0x40, 0x00, 0x00, 
0xc0, 0x11, 0x04, 0x00, 0x16, 0x40, 0x00, 0x00, 0xa0, 0x00, 0x00, 0x00, 0x15, 0x40, 0x00, 0x00, 
0xa0, 0x00, 0x00, 0x00, 0x14, 0x40, 0x00, 0x00, 0x10, 0x00, 0x00, 0x00, 0x14, 0x01, 0x41, 0x00, 
0x21, 0x01, 0x02, 0x00, 0x20, 0x01, 0x02, 0x00, 0x22, 0x01, 0x07, 0x00, 0x20, 0x40, 0x00, 0x00, 
0xa0, 0xdd, 0x00, 0x00, 0x22, 0x40, 0x00, 0x00, 0x90, 0xdd, 0x00, 0x00, 0x16, 0x01, 0x05, 0x00, 
0x15, 0x01, 0x09, 0x00, 0x17, 0x01, 0x07, 0x00, 0x2f, 0x01, 0x03, 0x00, 0x02, 0x00, 0x00, 0x00, 
0x00, 0x40, 0x00, 0x00, 0xc0, 0x11, 0x04, 0x00, 0x0b, 0x01, 0x09, 0x00, 0x0c, 0x01, 0x09, 0x00, 
0x0a, 0x01, 0x09, 0x00, 0x06, 0x40, 0x00, 0x00, 0xa0, 0x00, 0x00, 0x00, 0x05, 0x40, 0x00, 0x00, 
0xa0, 0x00, 0x00, 0x00, 0x04, 0x40, 0x00, 0x00, 0x10, 0x00, 0x00, 0x00, 0x09, 0x01, 0xf3, 0xff, 
0x05, 0x01, 0x41, 0x00, 0x10, 0x40, 0x00, 0x00, 0x99, 0xb7, 0x03, 0x00, 0x16, 0x40, 0x00, 0x00, 
0x01, 0x00, 0x00, 0x00, 0x15, 0x40, 0x00, 0x00, 0x10, 0x09, 0x00, 0x00, 0x14, 0x40, 0x00, 0x00, 
0xe8, 0x00, 0x00, 0x00, 0x14, 0x01, 0x01, 0x81, 0x21, 0x01, 0x00, 0x00, 0x20, 0x01, 0x00, 0x00, 
0x22, 0x01, 0x00, 0x00, 0x16, 0x01, 0x03, 0x00, 0x15, 0x01, 0x03, 0x00, 0x17, 0x01, 0x7f, 0x00, 
0x2f, 0x01, 0x01, 0x00, 0x05, 0x00, 0x01, 0x00, 0x00, 0x40, 0x00, 0x00, 0xfa, 0x00, 0x02, 0x00, 
0x0b, 0x01, 0x14, 0x00, 0x0c, 0x01, 0x14, 0x00, 0x0a, 0x01, 0x14, 0x00, 0x06, 0x40, 0x00, 0x00, 
0x01, 0x00, 0x00, 0x00, 0x05, 0x40, 0x00, 0x00, 0xf0, 0x13, 0x00, 0x00, 0x04, 0x40, 0x00, 0x00, 
0xe8, 0x00, 0x00, 0x00, 0x09, 0x01, 0x93, 0xff, 0x05, 0x01, 0x01, 0x00, 0x10, 0x40, 0x00, 0x00, 
0xc0, 0x11, 0x04, 0x00, 0x16, 0x40, 0x00, 0x00, 0xa0, 0x00, 0x00, 0x00, 0x15, 0x40, 0x00, 0x00, 
0xa0, 0x00, 0x00, 0x00, 0x14, 0x40, 0x00, 0x00, 0x10, 0x00, 0x00, 0x00, 0x14, 0x01, 0x41, 0x00, 
0x21, 0x01, 0x02, 0x00, 0x20, 0x01, 0x02, 0x00, 0x22, 0x01, 0x07, 0x00, 0x20, 0x40, 0x00, 0x00, 
0xe0, 0xdd, 0x00, 0x00, 0x22, 0x40, 0x00, 0x00, 0xd0, 0xdd, 0x00, 0x00, 0x16, 0x01, 0x05, 0x00, 
0x15, 0x01, 0x09, 0x00, 0x17, 0x01, 0x07, 0x00, 0x2f, 0x01, 0x03, 0x00, 0x02, 0x00, 0x00, 0x00, 
0x00, 0x40, 0x00, 0x00, 0xc0, 0x11, 0x04, 0x00, 0x0b, 0x01, 0x09, 0x00, 0x0c, 0x01, 0x09, 0x00, 
0x0a, 0x01, 0x09, 0x00, 0x06, 0x40, 0x00, 0x00, 0xa0, 0x00, 0x00, 0x00, 0x05, 0x40, 0x00, 0x00, 
0xa0, 0x00, 0x00, 0x00, 0x04, 0x40, 0x00, 0x00, 0x10, 0x00, 0x00, 0x00, 0x09, 0x01, 0xf3, 0xff, 
0x05, 0x01, 0x41, 0x00, 0x10, 0x40, 0x00, 0x00, 0x9a, 0xb7, 0x03, 0x00, 0x16, 0x40, 0x00, 0x00, 
0x01, 0x00, 0x00, 0x00, 0x15, 0x40, 0x00, 0x00, 0x10, 0x09, 0x00, 0x00, 0x14, 0x40, 0x00, 0x00, 
0xe8, 0x00, 0x00, 0x00, 0x14, 0x01, 0x01, 0x81, 0x21, 0x01, 0x00, 0x00, 0x20, 0x01, 0x00, 0x00, 
0x22, 0x01, 0x00, 0x00, 0x16, 0x01, 0x03, 0x00, 0x15, 0x01, 0x03, 0x00, 0x17, 0x01, 0x7f, 0x00, 
0x2f, 0x01, 0x01, 0x00, 0x05, 0x00, 0x01, 0x00, 0x00, 0x40, 0x00, 0x00, 0xfb, 0x00, 0x02, 0x00, 
0x0b, 0x01, 0x14, 0x00, 0x0c, 0x01, 0x14, 0x00, 0x0a, 0x01, 0x14, 0x00, 0x06, 0x40, 0x00, 0x00, 
0x01, 0x00, 0x00, 0x00, 0x05, 0x40, 0x00, 0x00, 0xf0, 0x13, 0x00, 0x00, 0x04, 0x40, 0x00, 0x00, 
0xe8, 0x00, 0x00, 0x00, 0x09, 0x01, 0x93, 0xff, 0x05, 0x01, 0x01, 0x00, 0x10, 0x40, 0x00, 0x00, 
0xc0, 0x11, 0x04, 0x00, 0x16, 0x40, 0x00, 0x00, 0xa0, 0x00, 0x00, 0x00, 0x15, 0x40, 0x00, 0x00, 
0xa0, 0x00, 0x00, 0x00, 0x14, 0x40, 0x00, 0x00, 0x10, 0x00, 0x00, 0x00, 0x14, 0x01, 0x41, 0x00, 
0x21, 0x01, 0x02, 0x00, 0x20, 0x01, 0x02, 0x00, 0x22, 0x01, 0x07, 0x00, 0x20, 0x40, 0x00, 0x00, 
0x20, 0xde, 0x00, 0x00, 0x22, 0x40, 0x00, 0x00, 0x10, 0xde, 0x00, 0x00, 0x16, 0x01, 0x05, 0x00, 
0x15, 0x01, 0x09, 0x00, 0x17, 0x01, 0x07, 0x00, 0x2f, 0x01, 0x03, 0x00, 0x02, 0x00, 0x00, 0x00, 
0x00, 0x40, 0x00, 0x00, 0xc0, 0x11, 0x04, 0x00, 0x0b, 0x01, 0x09, 0x00, 0x0c, 0x01, 0x09, 0x00, 
0x0a, 0x01, 0x09, 0x00, 0x06, 0x40, 0x00, 0x00, 0xa0, 0x00, 0x00, 0x00, 0x05, 0x40, 0x00, 0x00, 
0xa0, 0x00, 0x00, 0x00, 0x04, 0x40, 0x00, 0x00, 0x10, 0x00, 0x00, 0x00, 0x09, 0x01, 0xf3, 0xff, 
0x05, 0x01, 0x41, 0x00, 0x10, 0x40, 0x00, 0x00, 0x9b, 0xb7, 0x03, 0x00, 0x16, 0x40, 0x00, 0x00, 
0x01, 0x00, 0x00, 0x00, 0x15, 0x40, 0x00, 0x00, 0x10, 0x09, 0x00, 0x00, 0x14, 0x40, 0x00, 0x00, 
0xe8, 0x00, 0x00, 0x00, 0x14, 0x01, 0x01, 0x81, 0x21, 0x01, 0x00, 0x00, 0x20, 0x01, 0x00, 0x00, 
0x22, 0x01, 0x00, 0x00, 0x16, 0x01, 0x03, 0x00, 0x15, 0x01, 0x03, 0x00, 0x17, 0x01, 0x7f, 0x00, 
0x2f, 0x01, 0x01, 0x00, 0x05, 0x00, 0x01, 0x00, 0x00, 0x40, 0x00, 0x00, 0xfc, 0x00, 0x02, 0x00, 
0x0b, 0x01, 0x14, 0x00, 0x0c, 0x01, 0x14, 0x00, 0x0a, 0x01, 0x14, 0x00, 0x06, 0x40, 0x00, 0x00, 
0x01, 0x00, 0x00, 0x00, 0x05, 0x40, 0x00, 0x00, 0xf0, 0x13, 0x00, 0x00, 0x04, 0x40, 0x00, 0x00, 
0xe8, 0x00, 0x00, 0x00, 0x09, 0x01, 0x93, 0xff, 0x05, 0x01, 0x01, 0x00, 0x10, 0x40, 0x00, 0x00, 
0xc0, 0x11, 0x04, 0x00, 0x16, 0x40, 0x00, 0x00, 0xa0, 0x00, 0x00, 0x00, 0x15, 0x40, 0x00, 0x00, 
0xa0, 0x00, 0x00, 0x00, 0x14, 0x40, 0x00, 0x00, 0x10, 0x00, 0x00, 0x00, 0x14, 0x01, 0x41, 0x00, 
0x21, 0x01, 0x02, 0x00, 0x20, 0x01, 0x02, 0x00, 0x22, 0x01, 0x07, 0x00, 0x20, 0x40, 0x00, 0x00, 
0x60, 0xde, 0x00, 0x00, 0x22, 0x40, 0x00, 0x00, 0x50, 0xde, 0x00, 0x00, 0x16, 0x01, 0x05, 0x00, 
0x15, 0x01, 0x09, 0x00, 0x17, 0x01, 0x07, 0x00, 0x2f, 0x01, 0x03, 0x00, 0x02, 0x00, 0x00, 0x00, 
0x00, 0x40, 0x00, 0x00, 0xc0, 0x11, 0x04, 0x00, 0x0b, 0x01, 0x09, 0x00, 0x0c, 0x01, 0x09, 0x00, 
0x0a, 0x01, 0x09, 0x00, 0x06, 0x40, 0x00, 0x00, 0xa0, 0x00, 0x00, 0x00, 0x05, 0x40, 0x00, 0x00, 
0xa0, 0x00, 0x00, 0x00, 0x04, 0x40, 0x00, 0x00, 0x10, 0x00, 0x00, 0x00, 0x09, 0x01, 0xf3, 0xff, 
0x05, 0x01, 0x41, 0x00, 0x10, 0x40, 0x00, 0x00, 0x9c, 0xb7, 0x03, 0x00, 0x16, 0x40, 0x00, 0x00, 
0x01, 0x00, 0x00, 0x00, 0x15, 0x40, 0x00, 0x00, 0x10, 0x09, 0x00, 0x00, 0x14, 0x40, 0x00, 0x00, 
0xe8, 0x00, 0x00, 0x00, 0x14, 0x01, 0x01, 0x81, 0x21, 0x01, 0x00, 0x00, 0x20, 0x01, 0x00, 0x00, 
0x22, 0x01, 0x00, 0x00, 0x16, 0x01, 0x03, 0x00, 0x15, 0x01, 0x03, 0x00, 0x17, 0x01, 0x7f, 0x00, 
0x2f, 0x01, 0x01, 0x00, 0x05, 0x00, 0x01, 0x00, 0x00, 0x40, 0x00, 0x00, 0xfd, 0x00, 0x02, 0x00, 
0x0b, 0x01, 0x14, 0x00, 0x0c, 0x01, 0x14, 0x00, 0x0a, 0x01, 0x14, 0x00, 0x06, 0x40, 0x00, 0x00, 
0x01, 0x00, 0x00, 0x00, 0x05, 0x40, 0x00, 0x00, 0xf0, 0x13, 0x00, 0x00, 0x04, 0x40, 0x00, 0x00, 
0xe8, 0x00, 0x00, 0x00, 0x09, 0x01, 0x93, 0xff, 0x05, 0x01, 0x01, 0x00, 0x10, 0x40, 0x00, 0x00, 
0xc0, 0x11, 0x04, 0x00, 0x16, 0x40, 0x00, 0x00, 0xa0, 0x00, 0x00, 0x00, 0x15, 0x40, 0x00, 0x00, 
0xa0, 0x00, 0x00, 0x00, 0x14, 0x40, 0x00, 0x00, 0x10, 0x00, 0x00, 0x00, 0x14, 0x01, 0x41, 0x00, 
0x21, 0x01, 0x02, 0x00, 0x20, 0x01, 0x02, 0x00, 0x22, 0x01, 0x07, 0x00, 0x20, 0x40, 0x00, 0x00, 
0xa0, 0xde, 0x00, 0x00, 0x22, 0x40, 0x00, 0x00, 0x90, 0xde, 0x00, 0x00, 0x16, 0x01, 0x05, 0x00, 
0x15, 0x01, 0x09, 0x00, 0x17, 0x01, 0x07, 0x00, 0x2f, 0x01, 0x03, 0x00, 0x02, 0x00, 0x00, 0x00, 
0x00, 0x40, 0x00, 0x00, 0xc0, 0x11, 0x04, 0x00, 0x0b, 0x01, 0x09, 0x00, 0x0c, 0x01, 0x09, 0x00, 
0x0a, 0x01, 0x09, 0x00, 0x06, 0x40, 0x00, 0x00, 0xa0, 0x00, 0x00, 0x00, 0x05, 0x40, 0x00, 0x00, 
0xa0, 0x00, 0x00, 0x00, 0x04, 0x40, 0x00, 0x00, 0x10, 0x00, 0x00, 0x00, 0x09, 0x01, 0xf3, 0xff, 
0x05, 0x01, 0x41, 0x00, 0x10, 0x40, 0x00, 0x00, 0x9d, 0xb7, 0x03, 0x00, 0x16, 0x40, 0x00, 0x00, 
0x01, 0x00, 0x00, 0x00, 0x15, 0x40, 0x00, 0x00, 0x10, 0x09, 0x00, 0x00, 0x14, 0x40, 0x00, 0x00, 
0xe8, 0x00, 0x00, 0x00, 0x14, 0x01, 0x01, 0x81, 0x21, 0x01, 0x00, 0x00, 0x20, 0x01, 0x00, 0x00, 
0x22, 0x01, 0x00, 0x00, 0x16, 0x01, 0x03, 0x00, 0x15, 0x01, 0x03, 0x00, 0x17, 0x01, 0x7f, 0x00, 
0x2f, 0x01, 0x01, 0x00, 0x05, 0x00, 0x01, 0x00, 0x00, 0x40, 0x00, 0x00, 0xfe, 0x00, 0x02, 0x00, 
0x0b, 0x01, 0x14, 0x00, 0x0c, 0x01, 0x14, 0x00, 0x0a, 0x01, 0x14, 0x00, 0x06, 0x40, 0x00, 0x00, 
0x01, 0x00, 0x00, 0x00, 0x05, 0x40, 0x00, 0x00, 0xf0, 0x13, 0x00, 0x00, 0x04, 0x40, 0x00, 0x00, 
0xe8, 0x00, 0x00, 0x00, 0x09, 0x01, 0x93, 0xff, 0x05, 0x01, 0x01, 0x00, 0x10, 0x40, 0x00, 0x00, 
0xc0, 0x11, 0x04, 0x00, 0x16, 0x40, 0x00, 0x00, 0xa0, 0x00, 0x00, 0x00, 0x15, 0x40, 0x00, 0x00, 
0xa0, 0x00, 0x00, 0x00, 0x14, 0x40, 0x00, 0x00, 0x10, 0x00, 0x00, 0x00, 0x14, 0x01, 0x41, 0x00, 
0x21, 0x01, 0x02, 0x00, 0x20, 0x01, 0x02, 0x00, 0x22, 0x01, 0x07, 0x00, 0x20, 0x40, 0x00, 0x00, 
0xe0, 0xde, 0x00, 0x00, 0x22, 0x40, 0x00, 0x00, 0xd0, 0xde, 0x00, 0x00, 0x16, 0x01, 0x05, 0x00, 
0x15, 0x01, 0x09, 0x00, 0x17, 0x01, 0x07, 0x00, 0x2f, 0x01, 0x03, 0x00, 0x02, 0x00, 0x00, 0x00, 
0x00, 0x40, 0x00, 0x00, 0xc0, 0x11, 0x04, 0x00, 0x0b, 0x01, 0x09, 0x00, 0x0c, 0x01, 0x09, 0x00, 
0x0a, 0x01, 0x09, 0x00, 0x06, 0x40, 0x00, 0x00, 0xa0, 0x00, 0x00, 0x00, 0x05, 0x40, 0x00, 0x00, 
0xa0, 0x00, 0x00, 0x00, 0x04, 0x40, 0x00, 0x00, 0x10, 0x00, 0x00, 0x00, 0x09, 0x01, 0xf3, 0xff, 
0x05, 0x01, 0x41, 0x00, 0x10, 0x40, 0x00, 0x00, 0x9e, 0xb7, 0x03, 0x00, 0x16, 0x40, 0x00, 0x00, 
0x01, 0x00, 0x00, 0x00, 0x15, 0x40, 0x00, 0x00, 0x10, 0x09, 0x00, 0x00, 0x14, 0x40, 0x00, 0x00, 
0xe8, 0x00, 0x00, 0x00, 0x14, 0x01, 0x01, 0x81, 0x21, 0x01, 0x00, 0x00, 0x20, 0x01, 0x00, 0x00, 
0x22, 0x01, 0x00, 0x00, 0x16, 0x01, 0x03, 0x00, 0x15, 0x01, 0x03, 0x00, 0x17, 0x01, 0x7f, 0x00, 
0x2f, 0x01, 0x01, 0x00, 0x05, 0x00, 0x01, 0x00, 0x00, 0x40, 0x00, 0x00, 0xff, 0x00, 0x02, 0x00, 
0x0b, 0x01, 0x14, 0x00, 0x0c, 0x01, 0x14, 0x00, 0x0a, 0x01, 0x14, 0x00, 0x06, 0x40, 0x00, 0x00, 
0x01, 0x00, 0x00, 0x00, 0x05, 0x40, 0x00, 0x00, 0xf0, 0x13, 0x00, 0x00, 0x04, 0x40, 0x00, 0x00, 
0xe8, 0x00, 0x00, 0x00, 0x09, 0x01, 0x93, 0xff, 0x05, 0x01, 0x01, 0x00, 0x10, 0x40, 0x00, 0x00, 
0xc0, 0x11, 0x04, 0x00, 0x16, 0x40, 0x00, 0x00, 0xa0, 0x00, 0x00, 0x00, 0x15, 0x40, 0x00, 0x00, 
0xa0, 0x00, 0x00, 0x00, 0x14, 0x40, 0x00, 0x00, 0x10, 0x00, 0x00, 0x00, 0x14, 0x01, 0x41, 0x00, 
0x21, 0x01, 0x02, 0x00, 0x20, 0x01, 0x02, 0x00, 0x22, 0x01, 0x07, 0x00, 0x20, 0x40, 0x00, 0x00, 
0x20, 0xdf, 0x00, 0x00, 0x22, 0x40, 0x00, 0x00, 0x10, 0xdf, 0x00, 0x00, 0x16, 0x01, 0x05, 0x00, 
0x15, 0x01, 0x09, 0x00, 0x17, 0x01, 0x07, 0x00, 0x2f, 0x01, 0x03, 0x00, 0x02, 0x00, 0x00, 0x00, 
0x00, 0x40, 0x00, 0x00, 0xc0, 0x11, 0x04, 0x00, 0x0b, 0x01, 0x09, 0x00, 0x0c, 0x01, 0x09, 0x00, 
0x0a, 0x01, 0x09, 0x00, 0x06, 0x40, 0x00, 0x00, 0xa0, 0x00, 0x00, 0x00, 0x05, 0x40, 0x00, 0x00, 
0xa0, 0x00, 0x00, 0x00, 0x04, 0x40, 0x00, 0x00, 0x10, 0x00, 0x00, 0x00, 0x09, 0x01, 0xf3, 0xff, 
0x05, 0x01, 0x41, 0x00, 0x10, 0x40, 0x00, 0x00, 0x9f, 0xb7, 0x03, 0x00, 0x16, 0x40, 0x00, 0x00, 
0x01, 0x00, 0x00, 0x00, 0x15, 0x40, 0x00, 0x00, 0x10, 0x09, 0x00, 0x00, 0x14, 0x40, 0x00, 0x00, 
0xe8, 0x00, 0x00, 0x00, 0x14, 0x01, 0x01, 0x81, 0x21, 0x01, 0x00, 0x00, 0x20, 0x01, 0x00, 0x00, 
0x22, 0x01, 0x00, 0x00, 0x16, 0x01, 0x03, 0x00, 0x15, 0x01, 0x03, 0x00, 0x17, 0x01, 0x7f, 0x00, 
0x2f, 0x01, 0x01, 0x00, 0x05, 0x00, 0x01, 0x00, 0x00, 0x40, 0x00, 0x00, 0x00, 0x01, 0x02, 0x00, 
0x0b, 0x01, 0x14, 0x00, 0x0c, 0x01, 0x14, 0x00, 0x0a, 0x01, 0x14, 0x00, 0x06, 0x40, 0x00, 0x00, 
0x01, 0x00, 0x00, 0x00, 0x05, 0x40, 0x00, 0x00, 0xf0, 0x13, 0x00, 0x00, 0x04, 0x40, 0x00, 0x00, 
0xe8, 0x00, 0x00, 0x00, 0x09, 0x01, 0x93, 0xff, 0x05, 0x01, 0x01, 0x00, 0x10, 0x40, 0x00, 0x00, 
0xc0, 0x11, 0x04, 0x00, 0x16, 0x40, 0x00, 0x00, 0xa0, 0x00, 0x00, 0x00, 0x15, 0x40, 0x00, 0x00, 
0xa0, 0x00, 0x00, 0x00, 0x14, 0x40, 0x00, 0x00, 0x10, 0x00, 0x00, 0x00, 0x14, 0x01, 0x41, 0x00, 
0x21, 0x01, 0x02, 0x00, 0x20, 0x01, 0x02, 0x00, 0x22, 0x01, 0x07, 0x00, 0x20, 0x40, 0x00, 0x00, 
0x60, 0xdf, 0x00, 0x00, 0x22, 0x40, 0x00, 0x00, 0x50, 0xdf, 0x00, 0x00, 0x16, 0x01, 0x05, 0x00, 
0x15, 0x01, 0x09, 0x00, 0x17, 0x01, 0x07, 0x00, 0x2f, 0x01, 0x03, 0x00, 0x02, 0x00, 0x00, 0x00, 
0x00, 0x40, 0x00, 0x00, 0xc0, 0x11, 0x04, 0x00, 0x0b, 0x01, 0x09, 0x00, 0x0c, 0x01, 0x09, 0x00, 
0x0a, 0x01, 0x09, 0x00, 0x06, 0x40, 0x00, 0x00, 0xa0, 0x00, 0x00, 0x00, 0x05, 0x40, 0x00, 0x00, 
0xa0, 0x00, 0x00, 0x00, 0x04, 0x40, 0x00, 0x00, 0x10, 0x00, 0x00, 0x00, 0x09, 0x01, 0xf3, 0xff, 
0x05, 0x01, 0x41, 0x00, 0x10, 0x40, 0x00, 0x00, 0xa0, 0xb7, 0x03, 0x00, 0x16, 0x40, 0x00, 0x00, 
0x01, 0x00, 0x00, 0x00, 0x15, 0x40, 0x00, 0x00, 0x10, 0x09, 0x00, 0x00, 0x14, 0x40, 0x00, 0x00, 
0xe8, 0x00, 0x00, 0x00, 0x14, 0x01, 0x01, 0x81, 0x21, 0x01, 0x00, 0x00, 0x20, 0x01, 0x00, 0x00, 
0x22, 0x01, 0x00, 0x00, 0x16, 0x01, 0x03, 0x00, 0x15, 0x01, 0x03, 0x00, 0x17, 0x01, 0x7f, 0x00, 
0x2f, 0x01, 0x01, 0x00, 0x05, 0x00, 0x01, 0x00, 0x00, 0x40, 0x00, 0x00, 0x01, 0x01, 0x02, 0x00, 
0x0b, 0x01, 0x14, 0x00, 0x0c, 0x01, 0x14, 0x00, 0x0a, 0x01, 0x14, 0x00, 0x06, 0x40, 0x00, 0x00, 
0x01, 0x00, 0x00, 0x00, 0x05, 0x40, 0x00, 0x00, 0xf0, 0x13, 0x00, 0x00, 0x04, 0x40, 0x00, 0x00, 
0xe8, 0x00, 0x00, 0x00, 0x09, 0x01, 0x93, 0xff, 0x05, 0x01, 0x01, 0x00, 0x10, 0x40, 0x00, 0x00, 
0xc0, 0x11, 0x04, 0x00, 0x16, 0x40, 0x00, 0x00, 0xa0, 0x00, 0x00, 0x00, 0x15, 0x40, 0x00, 0x00, 
0xa0, 0x00, 0x00, 0x00, 0x14, 0x40, 0x00, 0x00, 0x10, 0x00, 0x00, 0x00, 0x14, 0x01, 0x41, 0x00, 
0x21, 0x01, 0x02, 0x00, 0x20, 0x01, 0x02, 0x00, 0x22, 0x01, 0x07, 0x00, 0x20, 0x40, 0x00, 0x00, 
0xa0, 0xdf, 0x00, 0x00, 0x22, 0x40, 0x00, 0x00, 0x90, 0xdf, 0x00, 0x00, 0x16, 0x01, 0x05, 0x00, 
0x15, 0x01, 0x09, 0x00, 0x17, 0x01, 0x07, 0x00, 0x2f, 0x01, 0x03, 0x00, 0x02, 0x00, 0x00, 0x00, 
0x00, 0x40, 0x00, 0x00, 0xc0, 0x11, 0x04, 0x00, 0x0b, 0x01, 0x09, 0x00, 0x0c, 0x01, 0x09, 0x00, 
0x0a, 0x01, 0x09, 0x00, 0x06, 0x40, 0x00, 0x00, 0xa0, 0x00, 0x00, 0x00, 0x05, 0x40, 0x00, 0x00, 
0xa0, 0x00, 0x00, 0x00, 0x04, 0x40, 0x00, 0x00, 0x10, 0x00, 0x00, 0x00, 0x09, 0x01, 0xf3, 0xff, 
0x05, 0x01, 0x41, 0x00, 0x10, 0x40, 0x00, 0x00, 0xa1, 0xb7, 0x03, 0x00, 0x16, 0x40, 0x00, 0x00, 
0x01, 0x00, 0x00, 0x00, 0x15, 0x40, 0x00, 0x00, 0x10, 0x09, 0x00, 0x00, 0x14, 0x40, 0x00, 0x00, 
0xe8, 0x00, 0x00, 0x00, 0x14, 0x01, 0x01, 0x81, 0x21, 0x01, 0x00, 0x00, 0x20, 0x01, 0x00, 0x00, 
0x22, 0x01, 0x00, 0x00, 0x16, 0x01, 0x03, 0x00, 0x15, 0x01, 0x03, 0x00, 0x17, 0x01, 0x7f, 0x00, 
0x2f, 0x01, 0x01, 0x00, 0x05, 0x00, 0x01, 0x00, 0x00, 0x40, 0x00, 0x00, 0x02, 0x01, 0x02, 0x00, 
0x0b, 0x01, 0x14, 0x00, 0x0c, 0x01, 0x14, 0x00, 0x0a, 0x01, 0x14, 0x00, 0x06, 0x40, 0x00, 0x00, 
0x01, 0x00, 0x00, 0x00, 0x05, 0x40, 0x00, 0x00, 0xf0, 0x13, 0x00, 0x00, 0x04, 0x40, 0x00, 0x00, 
0xe8, 0x00, 0x00, 0x00, 0x09, 0x01, 0x93, 0xff, 0x05, 0x01, 0x01, 0x00, 0x10, 0x40, 0x00, 0x00, 
0xc0, 0x11, 0x04, 0x00, 0x16, 0x40, 0x00, 0x00, 0xa0, 0x00, 0x00, 0x00, 0x15, 0x40, 0x00, 0x00, 
0xa0, 0x00, 0x00, 0x00, 0x14, 0x40, 0x00, 0x00, 0x10, 0x00, 0x00, 0x00, 0x14, 0x01, 0x41, 0x00, 
0x21, 0x01, 0x02, 0x00, 0x20, 0x01, 0x02, 0x00, 0x22, 0x01, 0x07, 0x00, 0x20, 0x40, 0x00, 0x00, 
0xe0, 0xdf, 0x00, 0x00, 0x22, 0x40, 0x00, 0x00, 0xd0, 0xdf, 0x00, 0x00, 0x16, 0x01, 0x05, 0x00, 
0x15, 0x01, 0x09, 0x00, 0x17, 0x01, 0x07, 0x00, 0x2f, 0x01, 0x03, 0x00, 0x02, 0x00, 0x00, 0x00, 
0x00, 0x40, 0x00, 0x00, 0xc0, 0x11, 0x04, 0x00, 0x0b, 0x01, 0x09, 0x00, 0x0c, 0x01, 0x09, 0x00, 
0x0a, 0x01, 0x09, 0x00, 0x06, 0x40, 0x00, 0x00, 0xa0, 0x00, 0x00, 0x00, 0x05, 0x40, 0x00, 0x00, 
0xa0, 0x00, 0x00, 0x00, 0x04, 0x40, 0x00, 0x00, 0x10, 0x00, 0x00, 0x00, 0x09, 0x01, 0xf3, 0xff, 
0x05, 0x01, 0x41, 0x00, 0x10, 0x40, 0x00, 0x00, 0xa2, 0xb7, 0x03, 0x00, 0x16, 0x40, 0x00, 0x00, 
0x01, 0x00, 0x00, 0x00, 0x15, 0x40, 0x00, 0x00, 0x10, 0x09, 0x00, 0x00, 0x14, 0x40, 0x00, 0x00, 
0xe8, 0x00, 0x00, 0x00, 0x14, 0x01, 0x01, 0x81, 0x21, 0x01, 0x00, 0x00, 0x20, 0x01, 0x00, 0x00, 
0x22, 0x01, 0x00, 0x00, 0x16, 0x01, 0x03, 0x00, 0x15, 0x01, 0x03, 0x00, 0x17, 0x01, 0x7f, 0x00, 
0x2f, 0x01, 0x01, 0x00, 0x05, 0x00, 0x01, 0x00, 0x00, 0x40, 0x00, 0x00, 0x03, 0x01, 0x02, 0x00, 
0x0b, 0x01, 0x14, 0x00, 0x0c, 0x01, 0x14, 0x00, 0x0a, 0x01, 0x14, 0x00, 0x06, 0x40, 0x00, 0x00, 
0x01, 0x00, 0x00, 0x00, 0x05, 0x40, 0x00, 0x00, 0xf0, 0x13, 0x00, 0x00, 0x04, 0x40, 0x00, 0x00, 
0xe8, 0x00, 0x00, 0x00, 0x09, 0x01, 0x93, 0xff, 0x05, 0x01, 0x01, 0x00, 0x10, 0x40, 0x00, 0x00, 
0xc0, 0x11, 0x04, 0x00, 0x16, 0x40, 0x00, 0x00, 0xa0, 0x00, 0x00, 0x00, 0x15, 0x40, 0x00, 0x00, 
0xa0, 0x00, 0x00, 0x00, 0x14, 0x40, 0x00, 0x00, 0x10, 0x00, 0x00, 0x00, 0x14, 0x01, 0x41, 0x00, 
0x21, 0x01, 0x02, 0x00, 0x20, 0x01, 0x02, 0x00, 0x22, 0x01, 0x07, 0x00, 0x20, 0x40, 0x00, 0x00, 
0x20, 0xe0, 0x00, 0x00, 0x22, 0x40, 0x00, 0x00, 0x10, 0xe0, 0x00, 0x00, 0x16, 0x01, 0x05, 0x00, 
0x15, 0x01, 0x09, 0x00, 0x17, 0x01, 0x07, 0x00, 0x2f, 0x01, 0x03, 0x00, 0x02, 0x00, 0x00, 0x00, 
0x00, 0x40, 0x00, 0x00, 0xc0, 0x11, 0x04, 0x00, 0x0b, 0x01, 0x09, 0x00, 0x0c, 0x01, 0x09, 0x00, 
0x0a, 0x01, 0x09, 0x00, 0x06, 0x40, 0x00, 0x00, 0xa0, 0x00, 0x00, 0x00, 0x05, 0x40, 0x00, 0x00, 
0xa0, 0x00, 0x00, 0x00, 0x04, 0x40, 0x00, 0x00, 0x10, 0x00, 0x00, 0x00, 0x09, 0x01, 0xf3, 0xff, 
0x05, 0x01, 0x41, 0x00, 0x10, 0x40, 0x00, 0x00, 0xa3, 0xb7, 0x03, 0x00, 0x16, 0x40, 0x00, 0x00, 
0x01, 0x00, 0x00, 0x00, 0x15, 0x40, 0x00, 0x00, 0x10, 0x09, 0x00, 0x00, 0x14, 0x40, 0x00, 0x00, 
0xe8, 0x00, 0x00, 0x00, 0x14, 0x01, 0x01, 0x81, 0x21, 0x01, 0x00, 0x00, 0x20, 0x01, 0x00, 0x00, 
0x22, 0x01, 0x00, 0x00, 0x16, 0x01, 0x03, 0x00, 0x15, 0x01, 0x03, 0x00, 0x17, 0x01, 0x7f, 0x00, 
0x2f, 0x01, 0x01, 0x00, 0x05, 0x00, 0x01, 0x00, 0x00, 0x40, 0x00, 0x00, 0x04, 0x01, 0x02, 0x00, 
0x0b, 0x01, 0x14, 0x00, 0x0c, 0x01, 0x14, 0x00, 0x0a, 0x01, 0x14, 0x00, 0x06, 0x40, 0x00, 0x00, 
0x01, 0x00, 0x00, 0x00, 0x05, 0x40, 0x00, 0x00, 0xf0, 0x13, 0x00, 0x00, 0x04, 0x40, 0x00, 0x00, 
0xe8, 0x00, 0x00, 0x00, 0x09, 0x01, 0x93, 0xff, 0x05, 0x01, 0x01, 0x00, 0x10, 0x40, 0x00, 0x00, 
0xc0, 0x11, 0x04, 0x00, 0x16, 0x40, 0x00, 0x00, 0xa0, 0x00, 0x00, 0x00, 0x15, 0x40, 0x00, 0x00, 
0xa0, 0x00, 0x00, 0x00, 0x14, 0x40, 0x00, 0x00, 0x10, 0x00, 0x00, 0x00, 0x14, 0x01, 0x41, 0x00, 
0x21, 0x01, 0x02, 0x00, 0x20, 0x01, 0x02, 0x00, 0x22, 0x01, 0x07, 0x00, 0x20, 0x40, 0x00, 0x00, 
0x60, 0xe0, 0x00, 0x00, 0x21, 0x40, 0x00, 0x00, 0x20, 0x00, 0x00, 0x00, 0x22, 0x40, 0x00, 0x00, 
0x50, 0xe0, 0x00, 0x00, 0x16, 0x01, 0x05, 0x00, 0x15, 0x01, 0x09, 0x00, 0x17, 0x01, 0x07, 0x00, 
0x2f, 0x01, 0x03, 0x00, 0x02, 0x00, 0x00, 0x00, 0x00, 0x40, 0x00, 0x00, 0xc0, 0x11, 0x04, 0x00, 
0x0b, 0x01, 0x09, 0x00, 0x0c, 0x01, 0x09, 0x00, 0x0a, 0x01, 0x09, 0x00, 0x06, 0x40, 0x00, 0x00, 
0xa0, 0x00, 0x00, 0x00, 0x05, 0x40, 0x00, 0x00, 0xa0, 0x00, 0x00, 0x00, 0x04, 0x40, 0x00, 0x00, 
0x10, 0x00, 0x00, 0x00, 0x09, 0x01, 0xf3, 0xff, 0x05, 0x01, 0x41, 0x00, 0x10, 0x40, 0x00, 0x00, 
0xa4, 0xb7, 0x03, 0x00, 0x16, 0x40, 0x00, 0x00, 0x01, 0x00, 0x00, 0x00, 0x15, 0x40, 0x00, 0x00, 
0x10, 0x09, 0x00, 0x00, 0x14, 0x40, 0x00, 0x00, 0xe8, 0x00, 0x00, 0x00, 0x14, 0x01, 0x01, 0x81, 
0x21, 0x01, 0x00, 0x00, 0x20, 0x01, 0x00, 0x00, 0x22, 0x01, 0x00, 0x00, 0x16, 0x01, 0x03, 0x00, 
0x15, 0x01, 0x03, 0x00, 0x17, 0x01, 0x7f, 0x00, 0x2f, 0x01, 0x01, 0x00, 0x05, 0x00, 0x01, 0x00, 
0x00, 0x40, 0x00, 0x00, 0x05, 0x01, 0x02, 0x00, 0x0b, 0x01, 0x14, 0x00, 0x0c, 0x01, 0x14, 0x00, 
0x0a, 0x01, 0x14, 0x00, 0x06, 0x40, 0x00, 0x00, 0x01, 0x00, 0x00, 0x00, 0x05, 0x40, 0x00, 0x00, 
0xf0, 0x13, 0x00, 0x00, 0x04, 0x40, 0x00, 0x00, 0xe8, 0x00, 0x00, 0x00, 0x09, 0x01, 0x93, 0xff, 
0x05, 0x01, 0x01, 0x00, 0x10, 0x40, 0x00, 0x00, 0xc0, 0x11, 0x04, 0x00, 0x16, 0x40, 0x00, 0x00, 
0xa0, 0x00, 0x00, 0x00, 0x15, 0x40, 0x00, 0x00, 0xa0, 0x00, 0x00, 0x00, 0x14, 0x40, 0x00, 0x00, 
0x10, 0x00, 0x00, 0x00, 0x14, 0x01, 0x41, 0x00, 0x21, 0x01, 0x02, 0x00, 0x20, 0x01, 0x02, 0x00, 
0x22, 0x01, 0x07, 0x00, 0x20, 0x40, 0x00, 0x00, 0x90, 0xe0, 0x00, 0x00, 0x21, 0x40, 0x00, 0x00, 
0x30, 0x00, 0x00, 0x00, 0x22, 0x40, 0x00, 0x00, 0x80, 0xe0, 0x00, 0x00, 0x16, 0x01, 0x05, 0x00, 
0x15, 0x01, 0x09, 0x00, 0x17, 0x01, 0x07, 0x00, 0x2f, 0x01, 0x03, 0x00, 0x02, 0x00, 0x00, 0x00, 
0x00, 0x40, 0x00, 0x00, 0xc0, 0x11, 0x04, 0x00, 0x0b, 0x01, 0x09, 0x00, 0x0c, 0x01, 0x09, 0x00, 
0x0a, 0x01, 0x09, 0x00, 0x06, 0x40, 0x00, 0x00, 0xa0, 0x00, 0x00, 0x00, 0x05, 0x40, 0x00, 0x00, 
0xa0, 0x00, 0x00, 0x00, 0x04, 0x40, 0x00, 0x00, 0x10, 0x00, 0x00, 0x00, 0x09, 0x01, 0xf3, 0xff, 
0x05, 0x01, 0x41, 0x00, 0x10, 0x40, 0x00, 0x00, 0xa5, 0xb7, 0x03, 0x00, 0x16, 0x40, 0x00, 0x00, 
0x01, 0x00, 0x00, 0x00, 0x15, 0x40, 0x00, 0x00, 0x10, 0x09, 0x00, 0x00, 0x14, 0x40, 0x00, 0x00, 
0xe8, 0x00, 0x00, 0x00, 0x14, 0x01, 0x01, 0x81, 0x21, 0x01, 0x00, 0x00, 0x20, 0x01, 0x00, 0x00, 
0x22, 0x01, 0x00, 0x00, 0x16, 0x01, 0x03, 0x00, 0x15, 0x01, 0x03, 0x00, 0x17, 0x01, 0x7f, 0x00, 
0x2f, 0x01, 0x01, 0x00, 0x05, 0x00, 0x01, 0x00, 0x00, 0x40, 0x00, 0x00, 0x06, 0x01, 0x02, 0x00, 
0x0b, 0x01, 0x14, 0x00, 0x0c, 0x01, 0x14, 0x00, 0x0a, 0x01, 0x14, 0x00, 0x06, 0x40, 0x00, 0x00, 
0x01, 0x00, 0x00, 0x00, 0x05, 0x40, 0x00, 0x00, 0xf0, 0x13, 0x00, 0x00, 0x04, 0x40, 0x00, 0x00, 
0xe8, 0x00, 0x00, 0x00, 0x09, 0x01, 0x93, 0xff, 0x05, 0x01, 0x01, 0x00, 0x10, 0x40, 0x00, 0x00, 
0xc0, 0x11, 0x04, 0x00, 0x16, 0x40, 0x00, 0x00, 0xa0, 0x00, 0x00, 0x00, 0x15, 0x40, 0x00, 0x00, 
0xa0, 0x00, 0x00, 0x00, 0x14, 0x40, 0x00, 0x00, 0x10, 0x00, 0x00, 0x00, 0x14, 0x01, 0x41, 0x00, 
0x21, 0x01, 0x02, 0x00, 0x20, 0x01, 0x02, 0x00, 0x22, 0x01, 0x07, 0x00, 0x20, 0x40, 0x00, 0x00, 
0xd0, 0xe0, 0x00, 0x00, 0x22, 0x40, 0x00, 0x00, 0xc0, 0xe0, 0x00, 0x00, 0x16, 0x01, 0x05, 0x00, 
0x15, 0x01, 0x09, 0x00, 0x17, 0x01, 0x07, 0x00, 0x2f, 0x01, 0x03, 0x00, 0x02, 0x00, 0x00, 0x00, 
0x00, 0x40, 0x00, 0x00, 0xc0, 0x11, 0x04, 0x00, 0x0b, 0x01, 0x09, 0x00, 0x0c, 0x01, 0x09, 0x00, 
0x0a, 0x01, 0x09, 0x00, 0x06, 0x40, 0x00, 0x00, 0xa0, 0x00, 0x00, 0x00, 0x05, 0x40, 0x00, 0x00, 
0xa0, 0x00, 0x00, 0x00, 0x04, 0x40, 0x00, 0x00, 0x10, 0x00, 0x00, 0x00, 0x09, 0x01, 0xf3, 0xff, 
0x05, 0x01, 0x41, 0x00, 0x10, 0x40, 0x00, 0x00, 0xa6, 0xb7, 0x03, 0x00, 0x16, 0x40, 0x00, 0x00, 
0x01, 0x00, 0x00, 0x00, 0x15, 0x40, 0x00, 0x00, 0x10, 0x09, 0x00, 0x00, 0x14, 0x40, 0x00, 0x00, 
0xe8, 0x00, 0x00, 0x00, 0x14, 0x01, 0x01, 0x81, 0x21, 0x01, 0x00, 0x00, 0x20, 0x01, 0x00, 0x00, 
0x22, 0x01, 0x00, 0x00, 0x16, 0x01, 0x03, 0x00, 0x15, 0x01, 0x03, 0x00, 0x17, 0x01, 0x7f, 0x00, 
0x2f, 0x01, 0x01, 0x00, 0x05, 0x00, 0x01, 0x00, 0x00, 0x40, 0x00, 0x00, 0x07, 0x01, 0x02, 0x00, 
0x0b, 0x01, 0x14, 0x00, 0x0c, 0x01, 0x14, 0x00, 0x0a, 0x01, 0x14, 0x00, 0x06, 0x40, 0x00, 0x00, 
0x01, 0x00, 0x00, 0x00, 0x05, 0x40, 0x00, 0x00, 0xf0, 0x13, 0x00, 0x00, 0x04, 0x40, 0x00, 0x00, 
0xe8, 0x00, 0x00, 0x00, 0x09, 0x01, 0x93, 0xff, 0x05, 0x01, 0x01, 0x00, 0x10, 0x40, 0x00, 0x00, 
0xc0, 0x11, 0x04, 0x00, 0x16, 0x40, 0x00, 0x00, 0xa0, 0x00, 0x00, 0x00, 0x15, 0x40, 0x00, 0x00, 
0xa0, 0x00, 0x00, 0x00, 0x14, 0x40, 0x00, 0x00, 0x10, 0x00, 0x00, 0x00, 0x14, 0x01, 0x41, 0x00, 
0x21, 0x01, 0x02, 0x00, 0x20, 0x01, 0x02, 0x00, 0x22, 0x01, 0x07, 0x00, 0x20, 0x40, 0x00, 0x00, 
0x10, 0xe1, 0x00, 0x00, 0x22, 0x40, 0x00, 0x00, 0x00, 0xe1, 0x00, 0x00, 0x16, 0x01, 0x05, 0x00, 
0x15, 0x01, 0x09, 0x00, 0x17, 0x01, 0x07, 0x00, 0x2f, 0x01, 0x03, 0x00, 0x02, 0x00, 0x00, 0x00, 
0x00, 0x40, 0x00, 0x00, 0xc0, 0x11, 0x04, 0x00, 0x0b, 0x01, 0x09, 0x00, 0x0c, 0x01, 0x09, 0x00, 
0x0a, 0x01, 0x09, 0x00, 0x06, 0x40, 0x00, 0x00, 0xa0, 0x00, 0x00, 0x00, 0x05, 0x40, 0x00, 0x00, 
0xa0, 0x00, 0x00, 0x00, 0x04, 0x40, 0x00, 0x00, 0x10, 0x00, 0x00, 0x00, 0x09, 0x01, 0xf3, 0xff, 
0x05, 0x01, 0x41, 0x00, 0x10, 0x40, 0x00, 0x00, 0xa7, 0xb7, 0x03, 0x00, 0x16, 0x40, 0x00, 0x00, 
0x01, 0x00, 0x00, 0x00, 0x15, 0x40, 0x00, 0x00, 0x10, 0x09, 0x00, 0x00, 0x14, 0x40, 0x00, 0x00, 
0xe8, 0x00, 0x00, 0x00, 0x14, 0x01, 0x01, 0x81, 0x21, 0x01, 0x00, 0x00, 0x20, 0x01, 0x00, 0x00, 
0x22, 0x01, 0x00, 0x00, 0x16, 0x01, 0x03, 0x00, 0x15, 0x01, 0x03, 0x00, 0x17, 0x01, 0x7f, 0x00, 
0x2f, 0x01, 0x01, 0x00, 0x05, 0x00, 0x01, 0x00, 0x00, 0x40, 0x00, 0x00, 0x08, 0x01, 0x02, 0x00, 
0x0b, 0x01, 0x14, 0x00, 0x0c, 0x01, 0x14, 0x00, 0x0a, 0x01, 0x14, 0x00, 0x06, 0x40, 0x00, 0x00, 
0x01, 0x00, 0x00, 0x00, 0x05, 0x40, 0x00, 0x00, 0xf0, 0x13, 0x00, 0x00, 0x04, 0x40, 0x00, 0x00, 
0xe8, 0x00, 0x00, 0x00, 0x09, 0x01, 0x93, 0xff, 0x05, 0x01, 0x01, 0x00, 0x10, 0x40, 0x00, 0x00, 
0xc0, 0x11, 0x04, 0x00, 0x16, 0x40, 0x00, 0x00, 0xa0, 0x00, 0x00, 0x00, 0x15, 0x40, 0x00, 0x00, 
0xa0, 0x00, 0x00, 0x00, 0x14, 0x40, 0x00, 0x00, 0x10, 0x00, 0x00, 0x00, 0x14, 0x01, 0x41, 0x00, 
0x21, 0x01, 0x02, 0x00, 0x20, 0x01, 0x02, 0x00, 0x22, 0x01, 0x07, 0x00, 0x20, 0x40, 0x00, 0x00, 
0x50, 0xe1, 0x00, 0x00, 0x22, 0x40, 0x00, 0x00, 0x40, 0xe1, 0x00, 0x00, 0x16, 0x01, 0x05, 0x00, 
0x15, 0x01, 0x09, 0x00, 0x17, 0x01, 0x07, 0x00, 0x2f, 0x01, 0x03, 0x00, 0x02, 0x00, 0x00, 0x00, 
0x00, 0x40, 0x00, 0x00, 0xc0, 0x11, 0x04, 0x00, 0x0b, 0x01, 0x09, 0x00, 0x0c, 0x01, 0x09, 0x00, 
0x0a, 0x01, 0x09, 0x00, 0x06, 0x40, 0x00, 0x00, 0xa0, 0x00, 0x00, 0x00, 0x05, 0x40, 0x00, 0x00, 
0xa0, 0x00, 0x00, 0x00, 0x04, 0x40, 0x00, 0x00, 0x10, 0x00, 0x00, 0x00, 0x09, 0x01, 0xf3, 0xff, 
0x05, 0x01, 0x41, 0x00, 0x10, 0x40, 0x00, 0x00, 0xa8, 0xb7, 0x03, 0x00, 0x16, 0x40, 0x00, 0x00, 
0x01, 0x00, 0x00, 0x00, 0x15, 0x40, 0x00, 0x00, 0x10, 0x09, 0x00, 0x00, 0x14, 0x40, 0x00, 0x00, 
0xe8, 0x00, 0x00, 0x00, 0x14, 0x01, 0x01, 0x81, 0x21, 0x01, 0x00, 0x00, 0x20, 0x01, 0x00, 0x00, 
0x22, 0x01, 0x00, 0x00, 0x16, 0x01, 0x03, 0x00, 0x15, 0x01, 0x03, 0x00, 0x17, 0x01, 0x7f, 0x00, 
0x2f, 0x01, 0x01, 0x00, 0x05, 0x00, 0x01, 0x00, 0x00, 0x40, 0x00, 0x00, 0x09, 0x01, 0x02, 0x00, 
0x0b, 0x01, 0x14, 0x00, 0x0c, 0x01, 0x14, 0x00, 0x0a, 0x01, 0x14, 0x00, 0x06, 0x40, 0x00, 0x00, 
0x01, 0x00, 0x00, 0x00, 0x05, 0x40, 0x00, 0x00, 0xf0, 0x13, 0x00, 0x00, 0x04, 0x40, 0x00, 0x00, 
0xe8, 0x00, 0x00, 0x00, 0x09, 0x01, 0x93, 0xff, 0x05, 0x01, 0x01, 0x00, 0x10, 0x40, 0x00, 0x00, 
0xc0, 0x11, 0x04, 0x00, 0x16, 0x40, 0x00, 0x00, 0xa0, 0x00, 0x00, 0x00, 0x15, 0x40, 0x00, 0x00, 
0xa0, 0x00, 0x00, 0x00, 0x14, 0x40, 0x00, 0x00, 0x10, 0x00, 0x00, 0x00, 0x14, 0x01, 0x41, 0x00, 
0x21, 0x01, 0x02, 0x00, 0x20, 0x01, 0x02, 0x00, 0x22, 0x01, 0x07, 0x00, 0x20, 0x40, 0x00, 0x00, 
0x90, 0xe1, 0x00, 0x00, 0x22, 0x40, 0x00, 0x00, 0x80, 0xe1, 0x00, 0x00, 0x16, 0x01, 0x05, 0x00, 
0x15, 0x01, 0x09, 0x00, 0x17, 0x01, 0x07, 0x00, 0x2f, 0x01, 0x03, 0x00, 0x02, 0x00, 0x00, 0x00, 
0x00, 0x40, 0x00, 0x00, 0xc0, 0x11, 0x04, 0x00, 0x0b, 0x01, 0x09, 0x00, 0x0c, 0x01, 0x09, 0x00, 
0x0a, 0x01, 0x09, 0x00, 0x06, 0x40, 0x00, 0x00, 0xa0, 0x00, 0x00, 0x00, 0x05, 0x40, 0x00, 0x00, 
0xa0, 0x00, 0x00, 0x00, 0x04, 0x40, 0x00, 0x00, 0x10, 0x00, 0x00, 0x00, 0x09, 0x01, 0xf3, 0xff, 
0x05, 0x01, 0x41, 0x00, 0x10, 0x40, 0x00, 0x00, 0xa9, 0xb7, 0x03, 0x00, 0x16, 0x40, 0x00, 0x00, 
0x01, 0x00, 0x00, 0x00, 0x15, 0x40, 0x00, 0x00, 0x10, 0x09, 0x00, 0x00, 0x14, 0x40, 0x00, 0x00, 
0xe8, 0x00, 0x00, 0x00, 0x14, 0x01, 0x01, 0x81, 0x21, 0x01, 0x00, 0x00, 0x20, 0x01, 0x00, 0x00, 
0x22, 0x01, 0x00, 0x00, 0x16, 0x01, 0x03, 0x00, 0x15, 0x01, 0x03, 0x00, 0x17, 0x01, 0x7f, 0x00, 
0x2f, 0x01, 0x01, 0x00, 0x05, 0x00, 0x01, 0x00, 0x00, 0x40, 0x00, 0x00, 0x0a, 0x01, 0x02, 0x00, 
0x0b, 0x01, 0x14, 0x00, 0x0c, 0x01, 0x14, 0x00, 0x0a, 0x01, 0x14, 0x00, 0x06, 0x40, 0x00, 0x00, 
0x01, 0x00, 0x00, 0x00, 0x05, 0x40, 0x00, 0x00, 0xf0, 0x13, 0x00, 0x00, 0x04, 0x40, 0x00, 0x00, 
0xe8, 0x00, 0x00, 0x00, 0x09, 0x01, 0x93, 0xff, 0x05, 0x01, 0x01, 0x00, 0x10, 0x40, 0x00, 0x00, 
0xc0, 0x11, 0x04, 0x00, 0x16, 0x40, 0x00, 0x00, 0xa0, 0x00, 0x00, 0x00, 0x15, 0x40, 0x00, 0x00, 
0xa0, 0x00, 0x00, 0x00, 0x14, 0x40, 0x00, 0x00, 0x10, 0x00, 0x00, 0x00, 0x14, 0x01, 0x41, 0x00, 
0x21, 0x01, 0x02, 0x00, 0x20, 0x01, 0x02, 0x00, 0x22, 0x01, 0x07, 0x00, 0x20, 0x40, 0x00, 0x00, 
0xd0, 0xe1, 0x00, 0x00, 0x21, 0x40, 0x00, 0x00, 0x20, 0x00, 0x00, 0x00, 0x22, 0x40, 0x00, 0x00, 
0xc0, 0xe1, 0x00, 0x00, 0x16, 0x01, 0x05, 0x00, 0x15, 0x01, 0x09, 0x00, 0x17, 0x01, 0x07, 0x00, 
0x2f, 0x01, 0x03, 0x00, 0x02, 0x00, 0x00, 0x00, 0x00, 0x40, 0x00, 0x00, 0xc0, 0x11, 0x04, 0x00, 
0x0b, 0x01, 0x09, 0x00, 0x0c, 0x01, 0x09, 0x00, 0x0a, 0x01, 0x09, 0x00, 0x06, 0x40, 0x00, 0x00, 
0xa0, 0x00, 0x00, 0x00, 0x05, 0x40, 0x00, 0x00, 0xa0, 0x00, 0x00, 0x00, 0x04, 0x40, 0x00, 0x00, 
0x10, 0x00, 0x00, 0x00, 0x09, 0x01, 0xf3, 0xff, 0x05, 0x01, 0x41, 0x00, 0x10, 0x40, 0x00, 0x00, 
0xaa, 0xb7, 0x03, 0x00, 0x16, 0x40, 0x00, 0x00, 0x01, 0x00, 0x00, 0x00, 0x15, 0x40, 0x00, 0x00, 
0x10, 0x09, 0x00, 0x00, 0x14, 0x40, 0x00, 0x00, 0xe8, 0x00, 0x00, 0x00, 0x14, 0x01, 0x01, 0x81, 
0x21, 0x01, 0x00, 0x00, 0x20, 0x01, 0x00, 0x00, 0x22, 0x01, 0x00, 0x00, 0x16, 0x01, 0x03, 0x00, 
0x15, 0x01, 0x03, 0x00, 0x17, 0x01, 0x7f, 0x00, 0x2f, 0x01, 0x01, 0x00, 0x05, 0x00, 0x01, 0x00, 
0x00, 0x40, 0x00, 0x00, 0x0b, 0x01, 0x02, 0x00, 0x0b, 0x01, 0x14, 0x00, 0x0c, 0x01, 0x14, 0x00, 
0x0a, 0x01, 0x14, 0x00, 0x06, 0x40, 0x00, 0x00, 0x01, 0x00, 0x00, 0x00, 0x05, 0x40, 0x00, 0x00, 
0xf0, 0x13, 0x00, 0x00, 0x04, 0x40, 0x00, 0x00, 0xe8, 0x00, 0x00, 0x00, 0x09, 0x01, 0x93, 0xff, 
0x05, 0x01, 0x01, 0x00, 0x10, 0x40, 0x00, 0x00, 0xc0, 0x11, 0x04, 0x00, 0x16, 0x40, 0x00, 0x00, 
0xa0, 0x00, 0x00, 0x00, 0x15, 0x40, 0x00, 0x00, 0xa0, 0x00, 0x00, 0x00, 0x14, 0x40, 0x00, 0x00, 
0x10, 0x00, 0x00, 0x00, 0x14, 0x01, 0x41, 0x00, 0x21, 0x01, 0x02, 0x00, 0x20, 0x01, 0x02, 0x00, 
0x22, 0x01, 0x07, 0x00, 0x20, 0x40, 0x00, 0x00, 0x00, 0xe2, 0x00, 0x00, 0x21, 0x40, 0x00, 0x00, 
0x30, 0x00, 0x00, 0x00, 0x22, 0x40, 0x00, 0x00, 0xf0, 0xe1, 0x00, 0x00, 0x16, 0x01, 0x05, 0x00, 
0x15, 0x01, 0x09, 0x00, 0x17, 0x01, 0x07, 0x00, 0x2f, 0x01, 0x03, 0x00, 0x02, 0x00, 0x00, 0x00, 
0x00, 0x40, 0x00, 0x00, 0xc0, 0x11, 0x04, 0x00, 0x0b, 0x01, 0x09, 0x00, 0x0c, 0x01, 0x09, 0x00, 
0x0a, 0x01, 0x09, 0x00, 0x06, 0x40, 0x00, 0x00, 0xa0, 0x00, 0x00, 0x00, 0x05, 0x40, 0x00, 0x00, 
0xa0, 0x00, 0x00, 0x00, 0x04, 0x40, 0x00, 0x00, 0x10, 0x00, 0x00, 0x00, 0x09, 0x01, 0xf3, 0xff, 
0x05, 0x01, 0x41, 0x00, 0x10, 0x40, 0x00, 0x00, 0xab, 0xb7, 0x03, 0x00, 0x16, 0x40, 0x00, 0x00, 
0x01, 0x00, 0x00, 0x00, 0x15, 0x40, 0x00, 0x00, 0x10, 0x09, 0x00, 0x00, 0x14, 0x40, 0x00, 0x00, 
0xe8, 0x00, 0x00, 0x00, 0x14, 0x01, 0x01, 0x81, 0x21, 0x01, 0x00, 0x00, 0x20, 0x01, 0x00, 0x00, 
0x22, 0x01, 0x00, 0x00, 0x16, 0x01, 0x03, 0x00, 0x15, 0x01, 0x03, 0x00, 0x17, 0x01, 0x7f, 0x00, 
0x2f, 0x01, 0x01, 0x00, 0x05, 0x00, 0x01, 0x00, 0x00, 0x40, 0x00, 0x00, 0x0c, 0x01, 0x02, 0x00, 
0x0b, 0x01, 0x14, 0x00, 0x0c, 0x01, 0x14, 0x00, 0x0a, 0x01, 0x14, 0x00, 0x06, 0x40, 0x00, 0x00, 
0x01, 0x00, 0x00, 0x00, 0x05, 0x40, 0x00, 0x00, 0xf0, 0x13, 0x00, 0x00, 0x04, 0x40, 0x00, 0x00, 
0xe8, 0x00, 0x00, 0x00, 0x09, 0x01, 0x93, 0xff, 0x05, 0x01, 0x01, 0x00, 0x10, 0x40, 0x00, 0x00, 
0xc0, 0x11, 0x04, 0x00, 0x16, 0x40, 0x00, 0x00, 0xa0, 0x00, 0x00, 0x00, 0x15, 0x40, 0x00, 0x00, 
0xa0, 0x00, 0x00, 0x00, 0x14, 0x40, 0x00, 0x00, 0x10, 0x00, 0x00, 0x00, 0x14, 0x01, 0x41, 0x00, 
0x21, 0x01, 0x02, 0x00, 0x20, 0x01, 0x02, 0x00, 0x22, 0x01, 0x07, 0x00, 0x20, 0x40, 0x00, 0x00, 
0x40, 0xe2, 0x00, 0x00, 0x22, 0x40, 0x00, 0x00, 0x30, 0xe2, 0x00, 0x00, 0x16, 0x01, 0x05, 0x00, 
0x15, 0x01, 0x09, 0x00, 0x17, 0x01, 0x07, 0x00, 0x2f, 0x01, 0x03, 0x00, 0x02, 0x00, 0x00, 0x00, 
0x00, 0x40, 0x00, 0x00, 0xc0, 0x11, 0x04, 0x00, 0x0b, 0x01, 0x09, 0x00, 0x0c, 0x01, 0x09, 0x00, 
0x0a, 0x01, 0x09, 0x00, 0x06, 0x40, 0x00, 0x00, 0xa0, 0x00, 0x00, 0x00, 0x05, 0x40, 0x00, 0x00, 
0xa0, 0x00, 0x00, 0x00, 0x04, 0x40, 0x00, 0x00, 0x10, 0x00, 0x00, 0x00, 0x09, 0x01, 0xf3, 0xff, 
0x05, 0x01, 0x41, 0x00, 0x10, 0x40, 0x00, 0x00, 0xac, 0xb7, 0x03, 0x00, 0x16, 0x40, 0x00, 0x00, 
0x01, 0x00, 0x00, 0x00, 0x15, 0x40, 0x00, 0x00, 0x10, 0x09, 0x00, 0x00, 0x14, 0x40, 0x00, 0x00, 
0xe8, 0x00, 0x00, 0x00, 0x14, 0x01, 0x01, 0x81, 0x21, 0x01, 0x00, 0x00, 0x20, 0x01, 0x00, 0x00, 
0x22, 0x01, 0x00, 0x00, 0x16, 0x01, 0x03, 0x00, 0x15, 0x01, 0x03, 0x00, 0x17, 0x01, 0x7f, 0x00, 
0x2f, 0x01, 0x01, 0x00, 0x05, 0x00, 0x01, 0x00, 0x00, 0x40, 0x00, 0x00, 0x0d, 0x01, 0x02, 0x00, 
0x0b, 0x01, 0x14, 0x00, 0x0c, 0x01, 0x14, 0x00, 0x0a, 0x01, 0x14, 0x00, 0x06, 0x40, 0x00, 0x00, 
0x01, 0x00, 0x00, 0x00, 0x05, 0x40, 0x00, 0x00, 0xf0, 0x13, 0x00, 0x00, 0x04, 0x40, 0x00, 0x00, 
0xe8, 0x00, 0x00, 0x00, 0x09, 0x01, 0x93, 0xff, 0x05, 0x01, 0x01, 0x00, 0x10, 0x40, 0x00, 0x00, 
0xc0, 0x11, 0x04, 0x00, 0x16, 0x40, 0x00, 0x00, 0xa0, 0x00, 0x00, 0x00, 0x15, 0x40, 0x00, 0x00, 
0xa0, 0x00, 0x00, 0x00, 0x14, 0x40, 0x00, 0x00, 0x10, 0x00, 0x00, 0x00, 0x14, 0x01, 0x41, 0x00, 
0x21, 0x01, 0x02, 0x00, 0x20, 0x01, 0x02, 0x00, 0x22, 0x01, 0x07, 0x00, 0x20, 0x40, 0x00, 0x00, 
0x80, 0xe2, 0x00, 0x00, 0x22, 0x40, 0x00, 0x00, 0x70, 0xe2, 0x00, 0x00, 0x16, 0x01, 0x05, 0x00, 
0x15, 0x01, 0x09, 0x00, 0x17, 0x01, 0x07, 0x00, 0x2f, 0x01, 0x03, 0x00, 0x02, 0x00, 0x00, 0x00, 
0x00, 0x40, 0x00, 0x00, 0xc0, 0x11, 0x04, 0x00, 0x0b, 0x01, 0x09, 0x00, 0x0c, 0x01, 0x09, 0x00, 
0x0a, 0x01, 0x09, 0x00, 0x06, 0x40, 0x00, 0x00, 0xa0, 0x00, 0x00, 0x00, 0x05, 0x40, 0x00, 0x00, 
0xa0, 0x00, 0x00, 0x00, 0x04, 0x40, 0x00, 0x00, 0x10, 0x00, 0x00, 0x00, 0x09, 0x01, 0xf3, 0xff, 
0x05, 0x01, 0x41, 0x00, 0x10, 0x40, 0x00, 0x00, 0xad, 0xb7, 0x03, 0x00, 0x16, 0x40, 0x00, 0x00, 
0x01, 0x00, 0x00, 0x00, 0x15, 0x40, 0x00, 0x00, 0x10, 0x09, 0x00, 0x00, 0x14, 0x40, 0x00, 0x00, 
0xe8, 0x00, 0x00, 0x00, 0x14, 0x01, 0x01, 0x81, 0x21, 0x01, 0x00, 0x00, 0x20, 0x01, 0x00, 0x00, 
0x22, 0x01, 0x00, 0x00, 0x16, 0x01, 0x03, 0x00, 0x15, 0x01, 0x03, 0x00, 0x17, 0x01, 0x7f, 0x00, 
0x2f, 0x01, 0x01, 0x00, 0x05, 0x00, 0x01, 0x00, 0x00, 0x40, 0x00, 0x00, 0x0e, 0x01, 0x02, 0x00, 
0x0b, 0x01, 0x14, 0x00, 0x0c, 0x01, 0x14, 0x00, 0x0a, 0x01, 0x14, 0x00, 0x06, 0x40, 0x00, 0x00, 
0x01, 0x00, 0x00, 0x00, 0x05, 0x40, 0x00, 0x00, 0xf0, 0x13, 0x00, 0x00, 0x04, 0x40, 0x00, 0x00, 
0xe8, 0x00, 0x00, 0x00, 0x09, 0x01, 0x93, 0xff, 0x05, 0x01, 0x01, 0x00, 0x10, 0x40, 0x00, 0x00, 
0xc0, 0x11, 0x04, 0x00, 0x16, 0x40, 0x00, 0x00, 0xa0, 0x00, 0x00, 0x00, 0x15, 0x40, 0x00, 0x00, 
0xa0, 0x00, 0x00, 0x00, 0x14, 0x40, 0x00, 0x00, 0x10, 0x00, 0x00, 0x00, 0x14, 0x01, 0x41, 0x00, 
0x21, 0x01, 0x02, 0x00, 0x20, 0x01, 0x02, 0x00, 0x22, 0x01, 0x07, 0x00, 0x20, 0x40, 0x00, 0x00, 
0xc0, 0xe2, 0x00, 0x00, 0x22, 0x40, 0x00, 0x00, 0xb0, 0xe2, 0x00, 0x00, 0x16, 0x01, 0x05, 0x00, 
0x15, 0x01, 0x09, 0x00, 0x17, 0x01, 0x07, 0x00, 0x2f, 0x01, 0x03, 0x00, 0x02, 0x00, 0x00, 0x00, 
0x00, 0x40, 0x00, 0x00, 0xc0, 0x11, 0x04, 0x00, 0x0b, 0x01, 0x09, 0x00, 0x0c, 0x01, 0x09, 0x00, 
0x0a, 0x01, 0x09, 0x00, 0x06, 0x40, 0x00, 0x00, 0xa0, 0x00, 0x00, 0x00, 0x05, 0x40, 0x00, 0x00, 
0xa0, 0x00, 0x00, 0x00, 0x04, 0x40, 0x00, 0x00, 0x10, 0x00, 0x00, 0x00, 0x09, 0x01, 0xf3, 0xff, 
0x05, 0x01, 0x41, 0x00, 0x10, 0x40, 0x00, 0x00, 0xae, 0xb7, 0x03, 0x00, 0x16, 0x40, 0x00, 0x00, 
0x01, 0x00, 0x00, 0x00, 0x15, 0x40, 0x00, 0x00, 0x10, 0x09, 0x00, 0x00, 0x14, 0x40, 0x00, 0x00, 
0xe8, 0x00, 0x00, 0x00, 0x14, 0x01, 0x01, 0x81, 0x21, 0x01, 0x00, 0x00, 0x20, 0x01, 0x00, 0x00, 
0x22, 0x01, 0x00, 0x00, 0x16, 0x01, 0x03, 0x00, 0x15, 0x01, 0x03, 0x00, 0x17, 0x01, 0x7f, 0x00, 
0x2f, 0x01, 0x01, 0x00, 0x05, 0x00, 0x01, 0x00, 0x00, 0x40, 0x00, 0x00, 0x0f, 0x01, 0x02, 0x00, 
0x0b, 0x01, 0x14, 0x00, 0x0c, 0x01, 0x14, 0x00, 0x0a, 0x01, 0x14, 0x00, 0x06, 0x40, 0x00, 0x00, 
0x01, 0x00, 0x00, 0x00, 0x05, 0x40, 0x00, 0x00, 0xf0, 0x13, 0x00, 0x00, 0x04, 0x40, 0x00, 0x00, 
0xe8, 0x00, 0x00, 0x00, 0x09, 0x01, 0x93, 0xff, 0x05, 0x01, 0x01, 0x00, 0x10, 0x40, 0x00, 0x00, 
0xc0, 0x11, 0x04, 0x00, 0x16, 0x40, 0x00, 0x00, 0xa0, 0x00, 0x00, 0x00, 0x15, 0x40, 0x00, 0x00, 
0xa0, 0x00, 0x00, 0x00, 0x14, 0x40, 0x00, 0x00, 0x10, 0x00, 0x00, 0x00, 0x14, 0x01, 0x41, 0x00, 
0x21, 0x01, 0x02, 0x00, 0x20, 0x01, 0x02, 0x00, 0x22, 0x01, 0x07, 0x00, 0x20, 0x40, 0x00, 0x00, 
0x00, 0xe3, 0x00, 0x00, 0x22, 0x40, 0x00, 0x00, 0xf0, 0xe2, 0x00, 0x00, 0x16, 0x01, 0x05, 0x00, 
0x15, 0x01, 0x09, 0x00, 0x17, 0x01, 0x07, 0x00, 0x2f, 0x01, 0x03, 0x00, 0x02, 0x00, 0x00, 0x00, 
0x00, 0x40, 0x00, 0x00, 0xc0, 0x11, 0x04, 0x00, 0x0b, 0x01, 0x09, 0x00, 0x0c, 0x01, 0x09, 0x00, 
0x0a, 0x01, 0x09, 0x00, 0x06, 0x40, 0x00, 0x00, 0xa0, 0x00, 0x00, 0x00, 0x05, 0x40, 0x00, 0x00, 
0xa0, 0x00, 0x00, 0x00, 0x04, 0x40, 0x00, 0x00, 0x10, 0x00, 0x00, 0x00, 0x09, 0x01, 0xf3, 0xff, 
0x05, 0x01, 0x41, 0x00, 0x10, 0x40, 0x00, 0x00, 0xaf, 0xb7, 0x03, 0x00, 0x16, 0x40, 0x00, 0x00, 
0x01, 0x00, 0x00, 0x00, 0x15, 0x40, 0x00, 0x00, 0x10, 0x09, 0x00, 0x00, 0x14, 0x40, 0x00, 0x00, 
0xe8, 0x00, 0x00, 0x00, 0x14, 0x01, 0x01, 0x81, 0x21, 0x01, 0x00, 0x00, 0x20, 0x01, 0x00, 0x00, 
0x22, 0x01, 0x00, 0x00, 0x16, 0x01, 0x03, 0x00, 0x15, 0x01, 0x03, 0x00, 0x17, 0x01, 0x7f, 0x00, 
0x2f, 0x01, 0x01, 0x00, 0x05, 0x00, 0x01, 0x00, 0x00, 0x40, 0x00, 0x00, 0x10, 0x01, 0x02, 0x00, 
0x0b, 0x01, 0x14, 0x00, 0x0c, 0x01, 0x14, 0x00, 0x0a, 0x01, 0x14, 0x00, 0x06, 0x40, 0x00, 0x00, 
0x01, 0x00, 0x00, 0x00, 0x05, 0x40, 0x00, 0x00, 0xf0, 0x13, 0x00, 0x00, 0x04, 0x40, 0x00, 0x00, 
0xe8, 0x00, 0x00, 0x00, 0x09, 0x01, 0x93, 0xff, 0x05, 0x01, 0x01, 0x00, 0x10, 0x40, 0x00, 0x00, 
0xc0, 0x11, 0x04, 0x00, 0x16, 0x40, 0x00, 0x00, 0xa0, 0x00, 0x00, 0x00, 0x15, 0x40, 0x00, 0x00, 
0xa0, 0x00, 0x00, 0x00, 0x14, 0x40, 0x00, 0x00, 0x10, 0x00, 0x00, 0x00, 0x14, 0x01, 0x41, 0x00, 
0x21, 0x01, 0x02, 0x00, 0x20, 0x01, 0x02, 0x00, 0x22, 0x01, 0x07, 0x00, 0x20, 0x40, 0x00, 0x00, 
0x40, 0xe3, 0x00, 0x00, 0x22, 0x40, 0x00, 0x00, 0x30, 0xe3, 0x00, 0x00, 0x16, 0x01, 0x05, 0x00, 
0x15, 0x01, 0x09, 0x00, 0x17, 0x01, 0x07, 0x00, 0x2f, 0x01, 0x03, 0x00, 0x02, 0x00, 0x00, 0x00, 
0x00, 0x40, 0x00, 0x00, 0xc0, 0x11, 0x04, 0x00, 0x0b, 0x01, 0x09, 0x00, 0x0c, 0x01, 0x09, 0x00, 
0x0a, 0x01, 0x09, 0x00, 0x06, 0x40, 0x00, 0x00, 0xa0, 0x00, 0x00, 0x00, 0x05, 0x40, 0x00, 0x00, 
0xa0, 0x00, 0x00, 0x00, 0x04, 0x40, 0x00, 0x00, 0x10, 0x00, 0x00, 0x00, 0x09, 0x01, 0xf3, 0xff, 
0x05, 0x01, 0x41, 0x00, 0x10, 0x40, 0x00, 0x00, 0xb0, 0xb7, 0x03, 0x00, 0x16, 0x40, 0x00, 0x00, 
0x01, 0x00, 0x00, 0x00, 0x15, 0x40, 0x00, 0x00, 0x10, 0x09, 0x00, 0x00, 0x14, 0x40, 0x00, 0x00, 
0xe8, 0x00, 0x00, 0x00, 0x14, 0x01, 0x01, 0x81, 0x21, 0x01, 0x00, 0x00, 0x20, 0x01, 0x00, 0x00, 
0x22, 0x01, 0x00, 0x00, 0x16, 0x01, 0x03, 0x00, 0x15, 0x01, 0x03, 0x00, 0x17, 0x01, 0x7f, 0x00, 
0x2f, 0x01, 0x01, 0x00, 0x05, 0x00, 0x01, 0x00, 0x00, 0x40, 0x00, 0x00, 0x11, 0x01, 0x02, 0x00, 
0x0b, 0x01, 0x14, 0x00, 0x0c, 0x01, 0x14, 0x00, 0x0a, 0x01, 0x14, 0x00, 0x06, 0x40, 0x00, 0x00, 
0x01, 0x00, 0x00, 0x00, 0x05, 0x40, 0x00, 0x00, 0xf0, 0x13, 0x00, 0x00, 0x04, 0x40, 0x00, 0x00, 
0xe8, 0x00, 0x00, 0x00, 0x09, 0x01, 0x93, 0xff, 0x05, 0x01, 0x01, 0x00, 0x10, 0x40, 0x00, 0x00, 
0xc0, 0x11, 0x04, 0x00, 0x16, 0x40, 0x00, 0x00, 0xa0, 0x00, 0x00, 0x00, 0x15, 0x40, 0x00, 0x00, 
0xa0, 0x00, 0x00, 0x00, 0x14, 0x40, 0x00, 0x00, 0x10, 0x00, 0x00, 0x00, 0x14, 0x01, 0x41, 0x00, 
0x21, 0x01, 0x02, 0x00, 0x20, 0x01, 0x02, 0x00, 0x22, 0x01, 0x07, 0x00, 0x20, 0x40, 0x00, 0x00, 
0x80, 0xe3, 0x00, 0x00, 0x22, 0x40, 0x00, 0x00, 0x70, 0xe3, 0x00, 0x00, 0x16, 0x01, 0x05, 0x00, 
0x15, 0x01, 0x09, 0x00, 0x17, 0x01, 0x07, 0x00, 0x2f, 0x01, 0x03, 0x00, 0x02, 0x00, 0x00, 0x00, 
0x00, 0x40, 0x00, 0x00, 0xc0, 0x11, 0x04, 0x00, 0x0b, 0x01, 0x09, 0x00, 0x0c, 0x01, 0x09, 0x00, 
0x0a, 0x01, 0x09, 0x00, 0x06, 0x40, 0x00, 0x00, 0xa0, 0x00, 0x00, 0x00, 0x05, 0x40, 0x00, 0x00, 
0xa0, 0x00, 0x00, 0x00, 0x04, 0x40, 0x00, 0x00, 0x10, 0x00, 0x00, 0x00, 0x09, 0x01, 0xf3, 0xff, 
0x05, 0x01, 0x41, 0x00, 0x10, 0x40, 0x00, 0x00, 0xb1, 0xb7, 0x03, 0x00, 0x16, 0x40, 0x00, 0x00, 
0x01, 0x00, 0x00, 0x00, 0x15, 0x40, 0x00, 0x00, 0x10, 0x09, 0x00, 0x00, 0x14, 0x40, 0x00, 0x00, 
0xe8, 0x00, 0x00, 0x00, 0x14, 0x01, 0x01, 0x81, 0x21, 0x01, 0x00, 0x00, 0x20, 0x01, 0x00, 0x00, 
0x22, 0x01, 0x00, 0x00, 0x16, 0x01, 0x03, 0x00, 0x15, 0x01, 0x03, 0x00, 0x17, 0x01, 0x7f, 0x00, 
0x2f, 0x01, 0x01, 0x00, 0x05, 0x00, 0x01, 0x00, 0x00, 0x40, 0x00, 0x00, 0x12, 0x01, 0x02, 0x00, 
0x0b, 0x01, 0x14, 0x00, 0x0c, 0x01, 0x14, 0x00, 0x0a, 0x01, 0x14, 0x00, 0x06, 0x40, 0x00, 0x00, 
0x01, 0x00, 0x00, 0x00, 0x05, 0x40, 0x00, 0x00, 0xf0, 0x13, 0x00, 0x00, 0x04, 0x40, 0x00, 0x00, 
0xe8, 0x00, 0x00, 0x00, 0x09, 0x01, 0x93, 0xff, 0x05, 0x01, 0x01, 0x00, 0x10, 0x40, 0x00, 0x00, 
0xc0, 0x11, 0x04, 0x00, 0x16, 0x40, 0x00, 0x00, 0xa0, 0x00, 0x00, 0x00, 0x15, 0x40, 0x00, 0x00, 
0xa0, 0x00, 0x00, 0x00, 0x14, 0x40, 0x00, 0x00, 0x10, 0x00, 0x00, 0x00, 0x14, 0x01, 0x41, 0x00, 
0x21, 0x01, 0x02, 0x00, 0x20, 0x01, 0x02, 0x00, 0x22, 0x01, 0x07, 0x00, 0x20, 0x40, 0x00, 0x00, 
0xc0, 0xe3, 0x00, 0x00, 0x22, 0x40, 0x00, 0x00, 0xb0, 0xe3, 0x00, 0x00, 0x16, 0x01, 0x05, 0x00, 
0x15, 0x01, 0x09, 0x00, 0x17, 0x01, 0x07, 0x00, 0x2f, 0x01, 0x03, 0x00, 0x02, 0x00, 0x00, 0x00, 
0x00, 0x40, 0x00, 0x00, 0xc0, 0x11, 0x04, 0x00, 0x0b, 0x01, 0x09, 0x00, 0x0c, 0x01, 0x09, 0x00, 
0x0a, 0x01, 0x09, 0x00, 0x06, 0x40, 0x00, 0x00, 0xa0, 0x00, 0x00, 0x00, 0x05, 0x40, 0x00, 0x00, 
0xa0, 0x00, 0x00, 0x00, 0x04, 0x40, 0x00, 0x00, 0x10, 0x00, 0x00, 0x00, 0x09, 0x01, 0xf3, 0xff, 
0x05, 0x01, 0x41, 0x00, 0x10, 0x40, 0x00, 0x00, 0xb2, 0xb7, 0x03, 0x00, 0x16, 0x40, 0x00, 0x00, 
0x01, 0x00, 0x00, 0x00, 0x15, 0x40, 0x00, 0x00, 0x10, 0x09, 0x00, 0x00, 0x14, 0x40, 0x00, 0x00, 
0xe8, 0x00, 0x00, 0x00, 0x14, 0x01, 0x01, 0x81, 0x21, 0x01, 0x00, 0x00, 0x20, 0x01, 0x00, 0x00, 
0x22, 0x01, 0x00, 0x00, 0x16, 0x01, 0x03, 0x00, 0x15, 0x01, 0x03, 0x00, 0x17, 0x01, 0x7f, 0x00, 
0x2f, 0x01, 0x01, 0x00, 0x05, 0x00, 0x01, 0x00, 0x00, 0x40, 0x00, 0x00, 0x13, 0x01, 0x02, 0x00, 
0x0b, 0x01, 0x14, 0x00, 0x0c, 0x01, 0x14, 0x00, 0x0a, 0x01, 0x14, 0x00, 0x06, 0x40, 0x00, 0x00, 
0x01, 0x00, 0x00, 0x00, 0x05, 0x40, 0x00, 0x00, 0xf0, 0x13, 0x00, 0x00, 0x04, 0x40, 0x00, 0x00, 
0xe8, 0x00, 0x00, 0x00, 0x09, 0x01, 0x93, 0xff, 0x05, 0x01, 0x01, 0x00, 0x10, 0x40, 0x00, 0x00, 
0xc0, 0x11, 0x04, 0x00, 0x16, 0x40, 0x00, 0x00, 0xa0, 0x00, 0x00, 0x00, 0x15, 0x40, 0x00, 0x00, 
0xa0, 0x00, 0x00, 0x00, 0x14, 0x40, 0x00, 0x00, 0x10, 0x00, 0x00, 0x00, 0x14, 0x01, 0x41, 0x00, 
0x21, 0x01, 0x02, 0x00, 0x20, 0x01, 0x02, 0x00, 0x22, 0x01, 0x07, 0x00, 0x20, 0x40, 0x00, 0x00, 
0x00, 0xe4, 0x00, 0x00, 0x22, 0x40, 0x00, 0x00, 0xf0, 0xe3, 0x00, 0x00, 0x16, 0x01, 0x05, 0x00, 
0x15, 0x01, 0x09, 0x00, 0x17, 0x01, 0x07, 0x00, 0x2f, 0x01, 0x03, 0x00, 0x02, 0x00, 0x00, 0x00, 
0x00, 0x40, 0x00, 0x00, 0xc0, 0x11, 0x04, 0x00, 0x0b, 0x01, 0x09, 0x00, 0x0c, 0x01, 0x09, 0x00, 
0x0a, 0x01, 0x09, 0x00, 0x06, 0x40, 0x00, 0x00, 0xa0, 0x00, 0x00, 0x00, 0x05, 0x40, 0x00, 0x00, 
0xa0, 0x00, 0x00, 0x00, 0x04, 0x40, 0x00, 0x00, 0x10, 0x00, 0x00, 0x00, 0x09, 0x01, 0xf3, 0xff, 
0x05, 0x01, 0x41, 0x00, 0x10, 0x40, 0x00, 0x00, 0xb3, 0xb7, 0x03, 0x00, 0x16, 0x40, 0x00, 0x00, 
0x01, 0x00, 0x00, 0x00, 0x15, 0x40, 0x00, 0x00, 0x10, 0x09, 0x00, 0x00, 0x14, 0x40, 0x00, 0x00, 
0xe8, 0x00, 0x00, 0x00, 0x14, 0x01, 0x01, 0x81, 0x21, 0x01, 0x00, 0x00, 0x20, 0x01, 0x00, 0x00, 
0x22, 0x01, 0x00, 0x00, 0x16, 0x01, 0x03, 0x00, 0x15, 0x01, 0x03, 0x00, 0x17, 0x01, 0x7f, 0x00, 
0x2f, 0x01, 0x01, 0x00, 0x05, 0x00, 0x01, 0x00, 0x00, 0x40, 0x00, 0x00, 0x14, 0x01, 0x02, 0x00, 
0x0b, 0x01, 0x14, 0x00, 0x0c, 0x01, 0x14, 0x00, 0x0a, 0x01, 0x14, 0x00, 0x06, 0x40, 0x00, 0x00, 
0x01, 0x00, 0x00, 0x00, 0x05, 0x40, 0x00, 0x00, 0xf0, 0x13, 0x00, 0x00, 0x04, 0x40, 0x00, 0x00, 
0xe8, 0x00, 0x00, 0x00, 0x09, 0x01, 0x93, 0xff, 0x05, 0x01, 0x01, 0x00, 0x10, 0x40, 0x00, 0x00, 
0xc0, 0x11, 0x04, 0x00, 0x16, 0x40, 0x00, 0x00, 0xa0, 0x00, 0x00, 0x00, 0x15, 0x40, 0x00, 0x00, 
0xa0, 0x00, 0x00, 0x00, 0x14, 0x40, 0x00, 0x00, 0x10, 0x00, 0x00, 0x00, 0x14, 0x01, 0x41, 0x00, 
0x21, 0x01, 0x02, 0x00, 0x20, 0x01, 0x02, 0x00, 0x22, 0x01, 0x07, 0x00, 0x20, 0x40, 0x00, 0x00, 
0x40, 0xe4, 0x00, 0x00, 0x22, 0x40, 0x00, 0x00, 0x30, 0xe4, 0x00, 0x00, 0x16, 0x01, 0x05, 0x00, 
0x15, 0x01, 0x09, 0x00, 0x17, 0x01, 0x07, 0x00, 0x2f, 0x01, 0x03, 0x00, 0x02, 0x00, 0x00, 0x00, 
0x00, 0x40, 0x00, 0x00, 0xc0, 0x11, 0x04, 0x00, 0x0b, 0x01, 0x09, 0x00, 0x0c, 0x01, 0x09, 0x00, 
0x0a, 0x01, 0x09, 0x00, 0x06, 0x40, 0x00, 0x00, 0xa0, 0x00, 0x00, 0x00, 0x05, 0x40, 0x00, 0x00, 
0xa0, 0x00, 0x00, 0x00, 0x04, 0x40, 0x00, 0x00, 0x10, 0x00, 0x00, 0x00, 0x09, 0x01, 0xf3, 0xff, 
0x05, 0x01, 0x41, 0x00, 0x10, 0x40, 0x00, 0x00, 0xb4, 0xb7, 0x03, 0x00, 0x16, 0x40, 0x00, 0x00, 
0x01, 0x00, 0x00, 0x00, 0x15, 0x40, 0x00, 0x00, 0x10, 0x09, 0x00, 0x00, 0x14, 0x40, 0x00, 0x00, 
0xe8, 0x00, 0x00, 0x00, 0x14, 0x01, 0x01, 0x81, 0x21, 0x01, 0x00, 0x00, 0x20, 0x01, 0x00, 0x00, 
0x22, 0x01, 0x00, 0x00, 0x16, 0x01, 0x03, 0x00, 0x15, 0x01, 0x03, 0x00, 0x17, 0x01, 0x7f, 0x00, 
0x2f, 0x01, 0x01, 0x00, 0x05, 0x00, 0x01, 0x00, 0x00, 0x40, 0x00, 0x00, 0x15, 0x01, 0x02, 0x00, 
0x0b, 0x01, 0x14, 0x00, 0x0c, 0x01, 0x14, 0x00, 0x0a, 0x01, 0x14, 0x00, 0x06, 0x40, 0x00, 0x00, 
0x01, 0x00, 0x00, 0x00, 0x05, 0x40, 0x00, 0x00, 0xf0, 0x13, 0x00, 0x00, 0x04, 0x40, 0x00, 0x00, 
0xe8, 0x00, 0x00, 0x00, 0x09, 0x01, 0x93, 0xff, 0x05, 0x01, 0x01, 0x00, 0x10, 0x40, 0x00, 0x00, 
0xc0, 0x11, 0x04, 0x00, 0x16, 0x40, 0x00, 0x00, 0xa0, 0x00, 0x00, 0x00, 0x15, 0x40, 0x00, 0x00, 
0xa0, 0x00, 0x00, 0x00, 0x14, 0x40, 0x00, 0x00, 0x10, 0x00, 0x00, 0x00, 0x14, 0x01, 0x41, 0x00, 
0x21, 0x01, 0x02, 0x00, 0x20, 0x01, 0x02, 0x00, 0x22, 0x01, 0x07, 0x00, 0x20, 0x40, 0x00, 0x00, 
0x80, 0xe4, 0x00, 0x00, 0x22, 0x40, 0x00, 0x00, 0x70, 0xe4, 0x00, 0x00, 0x16, 0x01, 0x05, 0x00, 
0x15, 0x01, 0x09, 0x00, 0x17, 0x01, 0x07, 0x00, 0x2f, 0x01, 0x03, 0x00, 0x02, 0x00, 0x00, 0x00, 
0x00, 0x40, 0x00, 0x00, 0xc0, 0x11, 0x04, 0x00, 0x0b, 0x01, 0x09, 0x00, 0x0c, 0x01, 0x09, 0x00, 
0x0a, 0x01, 0x09, 0x00, 0x06, 0x40, 0x00, 0x00, 0xa0, 0x00, 0x00, 0x00, 0x05, 0x40, 0x00, 0x00, 
0xa0, 0x00, 0x00, 0x00, 0x04, 0x40, 0x00, 0x00, 0x10, 0x00, 0x00, 0x00, 0x09, 0x01, 0xf3, 0xff, 
0x05, 0x01, 0x41, 0x00, 0x10, 0x40, 0x00, 0x00, 0xb5, 0xb7, 0x03, 0x00, 0x16, 0x40, 0x00, 0x00, 
0x01, 0x00, 0x00, 0x00, 0x15, 0x40, 0x00, 0x00, 0x10, 0x09, 0x00, 0x00, 0x14, 0x40, 0x00, 0x00, 
0xe8, 0x00, 0x00, 0x00, 0x14, 0x01, 0x01, 0x81, 0x21, 0x01, 0x00, 0x00, 0x20, 0x01, 0x00, 0x00, 
0x22, 0x01, 0x00, 0x00, 0x16, 0x01, 0x03, 0x00, 0x15, 0x01, 0x03, 0x00, 0x17, 0x01, 0x7f, 0x00, 
0x2f, 0x01, 0x01, 0x00, 0x05, 0x00, 0x01, 0x00, 0x00, 0x40, 0x00, 0x00, 0x16, 0x01, 0x02, 0x00, 
0x0b, 0x01, 0x14, 0x00, 0x0c, 0x01, 0x14, 0x00, 0x0a, 0x01, 0x14, 0x00, 0x06, 0x40, 0x00, 0x00, 
0x01, 0x00, 0x00, 0x00, 0x05, 0x40, 0x00, 0x00, 0xf0, 0x13, 0x00, 0x00, 0x04, 0x40, 0x00, 0x00, 
0xe8, 0x00, 0x00, 0x00, 0x09, 0x01, 0x93, 0xff, 0x05, 0x01, 0x01, 0x00, 0x10, 0x40, 0x00, 0x00, 
0xc0, 0x11, 0x04, 0x00, 0x16, 0x40, 0x00, 0x00, 0xa0, 0x00, 0x00, 0x00, 0x15, 0x40, 0x00, 0x00, 
0xa0, 0x00, 0x00, 0x00, 0x14, 0x40, 0x00, 0x00, 0x10, 0x00, 0x00, 0x00, 0x14, 0x01, 0x41, 0x00, 
0x21, 0x01, 0x02, 0x00, 0x20, 0x01, 0x02, 0x00, 0x22, 0x01, 0x07, 0x00, 0x20, 0x40, 0x00, 0x00, 
0xc0, 0xe4, 0x00, 0x00, 0x22, 0x40, 0x00, 0x00, 0xb0, 0xe4, 0x00, 0x00, 0x16, 0x01, 0x05, 0x00, 
0x15, 0x01, 0x09, 0x00, 0x17, 0x01, 0x07, 0x00, 0x2f, 0x01, 0x03, 0x00, 0x02, 0x00, 0x00, 0x00, 
0x00, 0x40, 0x00, 0x00, 0xc0, 0x11, 0x04, 0x00, 0x0b, 0x01, 0x09, 0x00, 0x0c, 0x01, 0x09, 0x00, 
0x0a, 0x01, 0x09, 0x00, 0x06, 0x40, 0x00, 0x00, 0xa0, 0x00, 0x00, 0x00, 0x05, 0x40, 0x00, 0x00, 
0xa0, 0x00, 0x00, 0x00, 0x04, 0x40, 0x00, 0x00, 0x10, 0x00, 0x00, 0x00, 0x09, 0x01, 0xf3, 0xff, 
0x05, 0x01, 0x41, 0x00, 0x10, 0x40, 0x00, 0x00, 0xb6, 0xb7, 0x03, 0x00, 0x16, 0x40, 0x00, 0x00, 
0x01, 0x00, 0x00, 0x00, 0x15, 0x40, 0x00, 0x00, 0x10, 0x09, 0x00, 0x00, 0x14, 0x40, 0x00, 0x00, 
0xe8, 0x00, 0x00, 0x00, 0x14, 0x01, 0x01, 0x81, 0x21, 0x01, 0x00, 0x00, 0x20, 0x01, 0x00, 0x00, 
0x22, 0x01, 0x00, 0x00, 0x16, 0x01, 0x03, 0x00, 0x15, 0x01, 0x03, 0x00, 0x17, 0x01, 0x7f, 0x00, 
0x2f, 0x01, 0x01, 0x00, 0x05, 0x00, 0x01, 0x00, 0x00, 0x40, 0x00, 0x00, 0x17, 0x01, 0x02, 0x00, 
0x0b, 0x01, 0x14, 0x00, 0x0c, 0x01, 0x14, 0x00, 0x0a, 0x01, 0x14, 0x00, 0x06, 0x40, 0x00, 0x00, 
0x01, 0x00, 0x00, 0x00, 0x05, 0x40, 0x00, 0x00, 0xf0, 0x13, 0x00, 0x00, 0x04, 0x40, 0x00, 0x00, 
0xe8, 0x00, 0x00, 0x00, 0x09, 0x01, 0x93, 0xff, 0x05, 0x01, 0x01, 0x00, 0x10, 0x40, 0x00, 0x00, 
0xc0, 0x11, 0x04, 0x00, 0x16, 0x40, 0x00, 0x00, 0xa0, 0x00, 0x00, 0x00, 0x15, 0x40, 0x00, 0x00, 
0xa0, 0x00, 0x00, 0x00, 0x14, 0x40, 0x00, 0x00, 0x10, 0x00, 0x00, 0x00, 0x14, 0x01, 0x41, 0x00, 
0x21, 0x01, 0x02, 0x00, 0x20, 0x01, 0x02, 0x00, 0x22, 0x01, 0x07, 0x00, 0x20, 0x40, 0x00, 0x00, 
0x00, 0xe5, 0x00, 0x00, 0x22, 0x40, 0x00, 0x00, 0xf0, 0xe4, 0x00, 0x00, 0x16, 0x01, 0x05, 0x00, 
0x15, 0x01, 0x09, 0x00, 0x17, 0x01, 0x07, 0x00, 0x2f, 0x01, 0x03, 0x00, 0x02, 0x00, 0x00, 0x00, 
0x00, 0x40, 0x00, 0x00, 0xc0, 0x11, 0x04, 0x00, 0x0b, 0x01, 0x09, 0x00, 0x0c, 0x01, 0x09, 0x00, 
0x0a, 0x01, 0x09, 0x00, 0x06, 0x40, 0x00, 0x00, 0xa0, 0x00, 0x00, 0x00, 0x05, 0x40, 0x00, 0x00, 
0xa0, 0x00, 0x00, 0x00, 0x04, 0x40, 0x00, 0x00, 0x10, 0x00, 0x00, 0x00, 0x09, 0x01, 0xf3, 0xff, 
0x05, 0x01, 0x41, 0x00, 0x10, 0x40, 0x00, 0x00, 0xb7, 0xb7, 0x03, 0x00, 0x16, 0x40, 0x00, 0x00, 
0x01, 0x00, 0x00, 0x00, 0x15, 0x40, 0x00, 0x00, 0x10, 0x09, 0x00, 0x00, 0x14, 0x40, 0x00, 0x00, 
0xe8, 0x00, 0x00, 0x00, 0x14, 0x01, 0x01, 0x81, 0x21, 0x01, 0x00, 0x00, 0x20, 0x01, 0x00, 0x00, 
0x22, 0x01, 0x00, 0x00, 0x16, 0x01, 0x03, 0x00, 0x15, 0x01, 0x03, 0x00, 0x17, 0x01, 0x7f, 0x00, 
0x2f, 0x01, 0x01, 0x00, 0x05, 0x00, 0x01, 0x00, 0x00, 0x40, 0x00, 0x00, 0x18, 0x01, 0x02, 0x00, 
0x0b, 0x01, 0x14, 0x00, 0x0c, 0x01, 0x14, 0x00, 0x0a, 0x01, 0x14, 0x00, 0x06, 0x40, 0x00, 0x00, 
0x01, 0x00, 0x00, 0x00, 0x05, 0x40, 0x00, 0x00, 0xf0, 0x13, 0x00, 0x00, 0x04, 0x40, 0x00, 0x00, 
0xe8, 0x00, 0x00, 0x00, 0x09, 0x01, 0x93, 0xff, 0x05, 0x01, 0x01, 0x00, 0x10, 0x40, 0x00, 0x00, 
0xc0, 0x11, 0x04, 0x00, 0x16, 0x40, 0x00, 0x00, 0xa0, 0x00, 0x00, 0x00, 0x15, 0x40, 0x00, 0x00, 
0xa0, 0x00, 0x00, 0x00, 0x14, 0x40, 0x00, 0x00, 0x10, 0x00, 0x00, 0x00, 0x14, 0x01, 0x41, 0x00, 
0x21, 0x01, 0x02, 0x00, 0x20, 0x01, 0x02, 0x00, 0x22, 0x01, 0x07, 0x00, 0x20, 0x40, 0x00, 0x00, 
0x40, 0xe5, 0x00, 0x00, 0x22, 0x40, 0x00, 0x00, 0x30, 0xe5, 0x00, 0x00, 0x16, 0x01, 0x05, 0x00, 
0x15, 0x01, 0x09, 0x00, 0x17, 0x01, 0x07, 0x00, 0x2f, 0x01, 0x03, 0x00, 0x02, 0x00, 0x00, 0x00, 
0x00, 0x40, 0x00, 0x00, 0xc0, 0x11, 0x04, 0x00, 0x0b, 0x01, 0x09, 0x00, 0x0c, 0x01, 0x09, 0x00, 
0x0a, 0x01, 0x09, 0x00, 0x06, 0x40, 0x00, 0x00, 0xa0, 0x00, 0x00, 0x00, 0x05, 0x40, 0x00, 0x00, 
0xa0, 0x00, 0x00, 0x00, 0x04, 0x40, 0x00, 0x00, 0x10, 0x00, 0x00, 0x00, 0x09, 0x01, 0xf3, 0xff, 
0x05, 0x01, 0x41, 0x00, 0x10, 0x40, 0x00, 0x00, 0xb8, 0xb7, 0x03, 0x00, 0x16, 0x40, 0x00, 0x00, 
0x01, 0x00, 0x00, 0x00, 0x15, 0x40, 0x00, 0x00, 0x10, 0x09, 0x00, 0x00, 0x14, 0x40, 0x00, 0x00, 
0xe8, 0x00, 0x00, 0x00, 0x14, 0x01, 0x01, 0x81, 0x21, 0x01, 0x00, 0x00, 0x20, 0x01, 0x00, 0x00, 
0x22, 0x01, 0x00, 0x00, 0x16, 0x01, 0x03, 0x00, 0x15, 0x01, 0x03, 0x00, 0x17, 0x01, 0x7f, 0x00, 
0x2f, 0x01, 0x01, 0x00, 0x05, 0x00, 0x01, 0x00, 0x00, 0x40, 0x00, 0x00, 0x19, 0x01, 0x02, 0x00, 
0x0b, 0x01, 0x14, 0x00, 0x0c, 0x01, 0x14, 0x00, 0x0a, 0x01, 0x14, 0x00, 0x06, 0x40, 0x00, 0x00, 
0x01, 0x00, 0x00, 0x00, 0x05, 0x40, 0x00, 0x00, 0xf0, 0x13, 0x00, 0x00, 0x04, 0x40, 0x00, 0x00, 
0xe8, 0x00, 0x00, 0x00, 0x09, 0x01, 0x93, 0xff, 0x05, 0x01, 0x01, 0x00, 0x10, 0x40, 0x00, 0x00, 
0xc0, 0x11, 0x04, 0x00, 0x16, 0x40, 0x00, 0x00, 0xa0, 0x00, 0x00, 0x00, 0x15, 0x40, 0x00, 0x00, 
0xa0, 0x00, 0x00, 0x00, 0x14, 0x40, 0x00, 0x00, 0x10, 0x00, 0x00, 0x00, 0x14, 0x01, 0x41, 0x00, 
0x21, 0x01, 0x02, 0x00, 0x20, 0x01, 0x02, 0x00, 0x22, 0x01, 0x07, 0x00, 0x20, 0x40, 0x00, 0x00, 
0x80, 0xe5, 0x00, 0x00, 0x22, 0x40, 0x00, 0x00, 0x70, 0xe5, 0x00, 0x00, 0x16, 0x01, 0x05, 0x00, 
0x15, 0x01, 0x09, 0x00, 0x17, 0x01, 0x07, 0x00, 0x2f, 0x01, 0x03, 0x00, 0x02, 0x00, 0x00, 0x00, 
0x00, 0x40, 0x00, 0x00, 0xc0, 0x11, 0x04, 0x00, 0x0b, 0x01, 0x09, 0x00, 0x0c, 0x01, 0x09, 0x00, 
0x0a, 0x01, 0x09, 0x00, 0x06, 0x40, 0x00, 0x00, 0xa0, 0x00, 0x00, 0x00, 0x05, 0x40, 0x00, 0x00, 
0xa0, 0x00, 0x00, 0x00, 0x04, 0x40, 0x00, 0x00, 0x10, 0x00, 0x00, 0x00, 0x09, 0x01, 0xf3, 0xff, 
0x05, 0x01, 0x41, 0x00, 0x10, 0x40, 0x00, 0x00, 0xb9, 0xb7, 0x03, 0x00, 0x16, 0x40, 0x00, 0x00, 
0x01, 0x00, 0x00, 0x00, 0x15, 0x40, 0x00, 0x00, 0x10, 0x09, 0x00, 0x00, 0x14, 0x40, 0x00, 0x00, 
0xe8, 0x00, 0x00, 0x00, 0x14, 0x01, 0x01, 0x81, 0x21, 0x01, 0x00, 0x00, 0x20, 0x01, 0x00, 0x00, 
0x22, 0x01, 0x00, 0x00, 0x16, 0x01, 0x03, 0x00, 0x15, 0x01, 0x03, 0x00, 0x17, 0x01, 0x7f, 0x00, 
0x2f, 0x01, 0x01, 0x00, 0x05, 0x00, 0x01, 0x00, 0x00, 0x40, 0x00, 0x00, 0x1a, 0x01, 0x02, 0x00, 
0x0b, 0x01, 0x14, 0x00, 0x0c, 0x01, 0x14, 0x00, 0x0a, 0x01, 0x14, 0x00, 0x06, 0x40, 0x00, 0x00, 
0x01, 0x00, 0x00, 0x00, 0x05, 0x40, 0x00, 0x00, 0xf0, 0x13, 0x00, 0x00, 0x04, 0x40, 0x00, 0x00, 
0xe8, 0x00, 0x00, 0x00, 0x09, 0x01, 0x93, 0xff, 0x05, 0x01, 0x01, 0x00, 0x10, 0x40, 0x00, 0x00, 
0xc0, 0x11, 0x04, 0x00, 0x16, 0x40, 0x00, 0x00, 0xa0, 0x00, 0x00, 0x00, 0x15, 0x40, 0x00, 0x00, 
0xa0, 0x00, 0x00, 0x00, 0x14, 0x40, 0x00, 0x00, 0x10, 0x00, 0x00, 0x00, 0x14, 0x01, 0x41, 0x00, 
0x21, 0x01, 0x02, 0x00, 0x20, 0x01, 0x02, 0x00, 0x22, 0x01, 0x07, 0x00, 0x20, 0x40, 0x00, 0x00, 
0xc0, 0xe5, 0x00, 0x00, 0x22, 0x40, 0x00, 0x00, 0xb0, 0xe5, 0x00, 0x00, 0x16, 0x01, 0x05, 0x00, 
0x15, 0x01, 0x09, 0x00, 0x17, 0x01, 0x07, 0x00, 0x2f, 0x01, 0x03, 0x00, 0x02, 0x00, 0x00, 0x00, 
0x00, 0x40, 0x00, 0x00, 0xc0, 0x11, 0x04, 0x00, 0x0b, 0x01, 0x09, 0x00, 0x0c, 0x01, 0x09, 0x00, 
0x0a, 0x01, 0x09, 0x00, 0x06, 0x40, 0x00, 0x00, 0xa0, 0x00, 0x00, 0x00, 0x05, 0x40, 0x00, 0x00, 
0xa0, 0x00, 0x00, 0x00, 0x04, 0x40, 0x00, 0x00, 0x10, 0x00, 0x00, 0x00, 0x09, 0x01, 0xf3, 0xff, 
0x05, 0x01, 0x41, 0x00, 0x10, 0x40, 0x00, 0x00, 0xba, 0xb7, 0x03, 0x00, 0x16, 0x40, 0x00, 0x00, 
0x01, 0x00, 0x00, 0x00, 0x15, 0x40, 0x00, 0x00, 0x10, 0x09, 0x00, 0x00, 0x14, 0x40, 0x00, 0x00, 
0xe8, 0x00, 0x00, 0x00, 0x14, 0x01, 0x01, 0x81, 0x21, 0x01, 0x00, 0x00, 0x20, 0x01, 0x00, 0x00, 
0x22, 0x01, 0x00, 0x00, 0x16, 0x01, 0x03, 0x00, 0x15, 0x01, 0x03, 0x00, 0x17, 0x01, 0x7f, 0x00, 
0x2f, 0x01, 0x01, 0x00, 0x05, 0x00, 0x01, 0x00, 0x00, 0x40, 0x00, 0x00, 0x1b, 0x01, 0x02, 0x00, 
0x0b, 0x01, 0x14, 0x00, 0x0c, 0x01, 0x14, 0x00, 0x0a, 0x01, 0x14, 0x00, 0x06, 0x40, 0x00, 0x00, 
0x01, 0x00, 0x00, 0x00, 0x05, 0x40, 0x00, 0x00, 0xf0, 0x13, 0x00, 0x00, 0x04, 0x40, 0x00, 0x00, 
0xe8, 0x00, 0x00, 0x00, 0x09, 0x01, 0x93, 0xff, 0x05, 0x01, 0x01, 0x00, 0x10, 0x40, 0x00, 0x00, 
0xc0, 0x11, 0x04, 0x00, 0x16, 0x40, 0x00, 0x00, 0xa0, 0x00, 0x00, 0x00, 0x15, 0x40, 0x00, 0x00, 
0xa0, 0x00, 0x00, 0x00, 0x14, 0x40, 0x00, 0x00, 0x10, 0x00, 0x00, 0x00, 0x14, 0x01, 0x41, 0x00, 
0x21, 0x01, 0x02, 0x00, 0x20, 0x01, 0x02, 0x00, 0x22, 0x01, 0x07, 0x00, 0x20, 0x40, 0x00, 0x00, 
0x00, 0xe6, 0x00, 0x00, 0x22, 0x40, 0x00, 0x00, 0xf0, 0xe5, 0x00, 0x00, 0x16, 0x01, 0x05, 0x00, 
0x15, 0x01, 0x09, 0x00, 0x17, 0x01, 0x07, 0x00, 0x2f, 0x01, 0x03, 0x00, 0x02, 0x00, 0x00, 0x00, 
0x00, 0x40, 0x00, 0x00, 0xc0, 0x11, 0x04, 0x00, 0x0b, 0x01, 0x09, 0x00, 0x0c, 0x01, 0x09, 0x00, 
0x0a, 0x01, 0x09, 0x00, 0x06, 0x40, 0x00, 0x00, 0xa0, 0x00, 0x00, 0x00, 0x05, 0x40, 0x00, 0x00, 
0xa0, 0x00, 0x00, 0x00, 0x04, 0x40, 0x00, 0x00, 0x10, 0x00, 0x00, 0x00, 0x09, 0x01, 0xf3, 0xff, 
0x05, 0x01, 0x41, 0x00, 0x10, 0x40, 0x00, 0x00, 0xbb, 0xb7, 0x03, 0x00, 0x16, 0x40, 0x00, 0x00, 
0x01, 0x00, 0x00, 0x00, 0x15, 0x40, 0x00, 0x00, 0x10, 0x09, 0x00, 0x00, 0x14, 0x40, 0x00, 0x00, 
0xe8, 0x00, 0x00, 0x00, 0x14, 0x01, 0x01, 0x81, 0x21, 0x01, 0x00, 0x00, 0x20, 0x01, 0x00, 0x00, 
0x22, 0x01, 0x00, 0x00, 0x16, 0x01, 0x03, 0x00, 0x15, 0x01, 0x03, 0x00, 0x17, 0x01, 0x7f, 0x00, 
0x2f, 0x01, 0x01, 0x00, 0x05, 0x00, 0x01, 0x00, 0x00, 0x40, 0x00, 0x00, 0x1c, 0x01, 0x02, 0x00, 
0x0b, 0x01, 0x14, 0x00, 0x0c, 0x01, 0x14, 0x00, 0x0a, 0x01, 0x14, 0x00, 0x06, 0x40, 0x00, 0x00, 
0x01, 0x00, 0x00, 0x00, 0x05, 0x40, 0x00, 0x00, 0xf0, 0x13, 0x00, 0x00, 0x04, 0x40, 0x00, 0x00, 
0xe8, 0x00, 0x00, 0x00, 0x09, 0x01, 0x93, 0xff, 0x05, 0x01, 0x01, 0x00, 0x10, 0x40, 0x00, 0x00, 
0xc0, 0x11, 0x04, 0x00, 0x16, 0x40, 0x00, 0x00, 0xa0, 0x00, 0x00, 0x00, 0x15, 0x40, 0x00, 0x00, 
0xa0, 0x00, 0x00, 0x00, 0x14, 0x40, 0x00, 0x00, 0x10, 0x00, 0x00, 0x00, 0x14, 0x01, 0x41, 0x00, 
0x21, 0x01, 0x02, 0x00, 0x20, 0x01, 0x02, 0x00, 0x22, 0x01, 0x07, 0x00, 0x20, 0x40, 0x00, 0x00, 
0x40, 0xe6, 0x00, 0x00, 0x22, 0x40, 0x00, 0x00, 0x30, 0xe6, 0x00, 0x00, 0x16, 0x01, 0x05, 0x00, 
0x15, 0x01, 0x09, 0x00, 0x17, 0x01, 0x07, 0x00, 0x2f, 0x01, 0x03, 0x00, 0x02, 0x00, 0x00, 0x00, 
0x00, 0x40, 0x00, 0x00, 0xc0, 0x11, 0x04, 0x00, 0x0b, 0x01, 0x09, 0x00, 0x0c, 0x01, 0x09, 0x00, 
0x0a, 0x01, 0x09, 0x00, 0x06, 0x40, 0x00, 0x00, 0xa0, 0x00, 0x00, 0x00, 0x05, 0x40, 0x00, 0x00, 
0xa0, 0x00, 0x00, 0x00, 0x04, 0x40, 0x00, 0x00, 0x10, 0x00, 0x00, 0x00, 0x09, 0x01, 0xf3, 0xff, 
0x05, 0x01, 0x41, 0x00, 0x10, 0x40, 0x00, 0x00, 0xbc, 0xb7, 0x03, 0x00, 0x16, 0x40, 0x00, 0x00, 
0x01, 0x00, 0x00, 0x00, 0x15, 0x40, 0x00, 0x00, 0x10, 0x09, 0x00, 0x00, 0x14, 0x40, 0x00, 0x00, 
0xe8, 0x00, 0x00, 0x00, 0x14, 0x01, 0x01, 0x81, 0x21, 0x01, 0x00, 0x00, 0x20, 0x01, 0x00, 0x00, 
0x22, 0x01, 0x00, 0x00, 0x16, 0x01, 0x03, 0x00, 0x15, 0x01, 0x03, 0x00, 0x17, 0x01, 0x7f, 0x00, 
0x2f, 0x01, 0x01, 0x00, 0x05, 0x00, 0x01, 0x00, 0x00, 0x40, 0x00, 0x00, 0x1d, 0x01, 0x02, 0x00, 
0x0b, 0x01, 0x14, 0x00, 0x0c, 0x01, 0x14, 0x00, 0x0a, 0x01, 0x14, 0x00, 0x06, 0x40, 0x00, 0x00, 
0x01, 0x00, 0x00, 0x00, 0x05, 0x40, 0x00, 0x00, 0xf0, 0x13, 0x00, 0x00, 0x04, 0x40, 0x00, 0x00, 
0xe8, 0x00, 0x00, 0x00, 0x09, 0x01, 0x93, 0xff, 0x05, 0x01, 0x01, 0x00, 0x10, 0x40, 0x00, 0x00, 
0xc0, 0x11, 0x04, 0x00, 0x16, 0x40, 0x00, 0x00, 0xa0, 0x00, 0x00, 0x00, 0x15, 0x40, 0x00, 0x00, 
0xa0, 0x00, 0x00, 0x00, 0x14, 0x40, 0x00, 0x00, 0x10, 0x00, 0x00, 0x00, 0x14, 0x01, 0x41, 0x00, 
0x21, 0x01, 0x02, 0x00, 0x20, 0x01, 0x02, 0x00, 0x22, 0x01, 0x07, 0x00, 0x20, 0x40, 0x00, 0x00, 
0x80, 0xe6, 0x00, 0x00, 0x22, 0x40, 0x00, 0x00, 0x70, 0xe6, 0x00, 0x00, 0x16, 0x01, 0x05, 0x00, 
0x15, 0x01, 0x09, 0x00, 0x17, 0x01, 0x07, 0x00, 0x2f, 0x01, 0x03, 0x00, 0x02, 0x00, 0x00, 0x00, 
0x00, 0x40, 0x00, 0x00, 0xc0, 0x11, 0x04, 0x00, 0x0b, 0x01, 0x09, 0x00, 0x0c, 0x01, 0x09, 0x00, 
0x0a, 0x01, 0x09, 0x00, 0x06, 0x40, 0x00, 0x00, 0xa0, 0x00, 0x00, 0x00, 0x05, 0x40, 0x00, 0x00, 
0xa0, 0x00, 0x00, 0x00, 0x04, 0x40, 0x00, 0x00, 0x10, 0x00, 0x00, 0x00, 0x09, 0x01, 0xf3, 0xff, 
0x05, 0x01, 0x41, 0x00, 0x10, 0x40, 0x00, 0x00, 0xbd, 0xb7, 0x03, 0x00, 0x16, 0x40, 0x00, 0x00, 
0x01, 0x00, 0x00, 0x00, 0x15, 0x40, 0x00, 0x00, 0x10, 0x09, 0x00, 0x00, 0x14, 0x40, 0x00, 0x00, 
0xe8, 0x00, 0x00, 0x00, 0x14, 0x01, 0x01, 0x81, 0x21, 0x01, 0x00, 0x00, 0x20, 0x01, 0x00, 0x00, 
0x22, 0x01, 0x00, 0x00, 0x16, 0x01, 0x03, 0x00, 0x15, 0x01, 0x03, 0x00, 0x17, 0x01, 0x7f, 0x00, 
0x2f, 0x01, 0x01, 0x00, 0x05, 0x00, 0x01, 0x00, 0x00, 0x40, 0x00, 0x00, 0x1e, 0x01, 0x02, 0x00, 
0x0b, 0x01, 0x14, 0x00, 0x0c, 0x01, 0x14, 0x00, 0x0a, 0x01, 0x14, 0x00, 0x06, 0x40, 0x00, 0x00, 
0x01, 0x00, 0x00, 0x00, 0x05, 0x40, 0x00, 0x00, 0xf0, 0x13, 0x00, 0x00, 0x04, 0x40, 0x00, 0x00, 
0xe8, 0x00, 0x00, 0x00, 0x09, 0x01, 0x93, 0xff, 0x05, 0x01, 0x01, 0x00, 0x10, 0x40, 0x00, 0x00, 
0xc0, 0x11, 0x04, 0x00, 0x16, 0x40, 0x00, 0x00, 0xa0, 0x00, 0x00, 0x00, 0x15, 0x40, 0x00, 0x00, 
0xa0, 0x00, 0x00, 0x00, 0x14, 0x40, 0x00, 0x00, 0x10, 0x00, 0x00, 0x00, 0x14, 0x01, 0x41, 0x00, 
0x21, 0x01, 0x02, 0x00, 0x20, 0x01, 0x02, 0x00, 0x22, 0x01, 0x07, 0x00, 0x20, 0x40, 0x00, 0x00, 
0xc0, 0xe6, 0x00, 0x00, 0x22, 0x40, 0x00, 0x00, 0xb0, 0xe6, 0x00, 0x00, 0x16, 0x01, 0x05, 0x00, 
0x15, 0x01, 0x09, 0x00, 0x17, 0x01, 0x07, 0x00, 0x2f, 0x01, 0x03, 0x00, 0x02, 0x00, 0x00, 0x00, 
0x00, 0x40, 0x00, 0x00, 0xc0, 0x11, 0x04, 0x00, 0x0b, 0x01, 0x09, 0x00, 0x0c, 0x01, 0x09, 0x00, 
0x0a, 0x01, 0x09, 0x00, 0x06, 0x40, 0x00, 0x00, 0xa0, 0x00, 0x00, 0x00, 0x05, 0x40, 0x00, 0x00, 
0xa0, 0x00, 0x00, 0x00, 0x04, 0x40, 0x00, 0x00, 0x10, 0x00, 0x00, 0x00, 0x09, 0x01, 0xf3, 0xff, 
0x05, 0x01, 0x41, 0x00, 0x10, 0x40, 0x00, 0x00, 0xbe, 0xb7, 0x03, 0x00, 0x16, 0x40, 0x00, 0x00, 
0x01, 0x00, 0x00, 0x00, 0x15, 0x40, 0x00, 0x00, 0x10, 0x09, 0x00, 0x00, 0x14, 0x40, 0x00, 0x00, 
0xe8, 0x00, 0x00, 0x00, 0x14, 0x01, 0x01, 0x81, 0x21, 0x01, 0x00, 0x00, 0x20, 0x01, 0x00, 0x00, 
0x22, 0x01, 0x00, 0x00, 0x16, 0x01, 0x03, 0x00, 0x15, 0x01, 0x03, 0x00, 0x17, 0x01, 0x7f, 0x00, 
0x2f, 0x01, 0x01, 0x00, 0x05, 0x00, 0x01, 0x00, 0x00, 0x40, 0x00, 0x00, 0x1f, 0x01, 0x02, 0x00, 
0x0b, 0x01, 0x14, 0x00, 0x0c, 0x01, 0x14, 0x00, 0x0a, 0x01, 0x14, 0x00, 0x06, 0x40, 0x00, 0x00, 
0x01, 0x00, 0x00, 0x00, 0x05, 0x40, 0x00, 0x00, 0xf0, 0x13, 0x00, 0x00, 0x04, 0x40, 0x00, 0x00, 
0xe8, 0x00, 0x00, 0x00, 0x09, 0x01, 0x93, 0xff, 0x05, 0x01, 0x01, 0x00, 0x10, 0x40, 0x00, 0x00, 
0xc0, 0x11, 0x04, 0x00, 0x16, 0x40, 0x00, 0x00, 0xa0, 0x00, 0x00, 0x00, 0x15, 0x40, 0x00, 0x00, 
0xa0, 0x00, 0x00, 0x00, 0x14, 0x40, 0x00, 0x00, 0x10, 0x00, 0x00, 0x00, 0x14, 0x01, 0x41, 0x00, 
0x21, 0x01, 0x02, 0x00, 0x20, 0x01, 0x02, 0x00, 0x22, 0x01, 0x07, 0x00, 0x20, 0x40, 0x00, 0x00, 
0x00, 0xe7, 0x00, 0x00, 0x22, 0x40, 0x00, 0x00, 0xf0, 0xe6, 0x00, 0x00, 0x16, 0x01, 0x05, 0x00, 
0x15, 0x01, 0x09, 0x00, 0x17, 0x01, 0x07, 0x00, 0x2f, 0x01, 0x03, 0x00, 0x02, 0x00, 0x00, 0x00, 
0x00, 0x40, 0x00, 0x00, 0xc0, 0x11, 0x04, 0x00, 0x0b, 0x01, 0x09, 0x00, 0x0c, 0x01, 0x09, 0x00, 
0x0a, 0x01, 0x09, 0x00, 0x06, 0x40, 0x00, 0x00, 0xa0, 0x00, 0x00, 0x00, 0x05, 0x40, 0x00, 0x00, 
0xa0, 0x00, 0x00, 0x00, 0x04, 0x40, 0x00, 0x00, 0x10, 0x00, 0x00, 0x00, 0x09, 0x01, 0xf3, 0xff, 
0x05, 0x01, 0x41, 0x00, 0x10, 0x40, 0x00, 0x00, 0xbf, 0xb7, 0x03, 0x00, 0x16, 0x40, 0x00, 0x00, 
0x01, 0x00, 0x00, 0x00, 0x15, 0x40, 0x00, 0x00, 0x10, 0x09, 0x00, 0x00, 0x14, 0x40, 0x00, 0x00, 
0xe8, 0x00, 0x00, 0x00, 0x14, 0x01, 0x01, 0x81, 0x21, 0x01, 0x00, 0x00, 0x20, 0x01, 0x00, 0x00, 
0x22, 0x01, 0x00, 0x00, 0x16, 0x01, 0x03, 0x00, 0x15, 0x01, 0x03, 0x00, 0x17, 0x01, 0x7f, 0x00, 
0x2f, 0x01, 0x01, 0x00, 0x05, 0x00, 0x01, 0x00, 0x00, 0x40, 0x00, 0x00, 0x20, 0x01, 0x02, 0x00, 
0x0b, 0x01, 0x14, 0x00, 0x0c, 0x01, 0x14, 0x00, 0x0a, 0x01, 0x14, 0x00, 0x06, 0x40, 0x00, 0x00, 
0x01, 0x00, 0x00, 0x00, 0x05, 0x40, 0x00, 0x00, 0xf0, 0x13, 0x00, 0x00, 0x04, 0x40, 0x00, 0x00, 
0xe8, 0x00, 0x00, 0x00, 0x09, 0x01, 0x93, 0xff, 0x05, 0x01, 0x01, 0x00, 0x10, 0x40, 0x00, 0x00, 
0xc0, 0x11, 0x04, 0x00, 0x16, 0x40, 0x00, 0x00, 0xa0, 0x00, 0x00, 0x00, 0x15, 0x40, 0x00, 0x00, 
0xa0, 0x00, 0x00, 0x00, 0x14, 0x40, 0x00, 0x00, 0x10, 0x00, 0x00, 0x00, 0x14, 0x01, 0x41, 0x00, 
0x21, 0x01, 0x02, 0x00, 0x20, 0x01, 0x02, 0x00, 0x22, 0x01, 0x07, 0x00, 0x20, 0x40, 0x00, 0x00, 
0x40, 0xe7, 0x00, 0x00, 0x22, 0x40, 0x00, 0x00, 0x30, 0xe7, 0x00, 0x00, 0x16, 0x01, 0x05, 0x00, 
0x15, 0x01, 0x09, 0x00, 0x17, 0x01, 0x07, 0x00, 0x2f, 0x01, 0x03, 0x00, 0x02, 0x00, 0x00, 0x00, 
0x00, 0x40, 0x00, 0x00, 0xc0, 0x11, 0x04, 0x00, 0x0b, 0x01, 0x09, 0x00, 0x0c, 0x01, 0x09, 0x00, 
0x0a, 0x01, 0x09, 0x00, 0x06, 0x40, 0x00, 0x00, 0xa0, 0x00, 0x00, 0x00, 0x05, 0x40, 0x00, 0x00, 
0xa0, 0x00, 0x00, 0x00, 0x04, 0x40, 0x00, 0x00, 0x10, 0x00, 0x00, 0x00, 0x09, 0x01, 0xf3, 0xff, 
0x05, 0x01, 0x41, 0x00, 0x10, 0x40, 0x00, 0x00, 0xc0, 0xb7, 0x03, 0x00, 0x16, 0x40, 0x00, 0x00, 
0x01, 0x00, 0x00, 0x00, 0x15, 0x40, 0x00, 0x00, 0x10, 0x09, 0x00, 0x00, 0x14, 0x40, 0x00, 0x00, 
0xe8, 0x00, 0x00, 0x00, 0x14, 0x01, 0x01, 0x81, 0x21, 0x01, 0x00, 0x00, 0x20, 0x01, 0x00, 0x00, 
0x22, 0x01, 0x00, 0x00, 0x16, 0x01, 0x03, 0x00, 0x15, 0x01, 0x03, 0x00, 0x17, 0x01, 0x7f, 0x00, 
0x2f, 0x01, 0x01, 0x00, 0x05, 0x00, 0x01, 0x00, 0x00, 0x40, 0x00, 0x00, 0x21, 0x01, 0x02, 0x00, 
0x0b, 0x01, 0x14, 0x00, 0x0c, 0x01, 0x14, 0x00, 0x0a, 0x01, 0x14, 0x00, 0x06, 0x40, 0x00, 0x00, 
0x01, 0x00, 0x00, 0x00, 0x05, 0x40, 0x00, 0x00, 0xf0, 0x13, 0x00, 0x00, 0x04, 0x40, 0x00, 0x00, 
0xe8, 0x00, 0x00, 0x00, 0x09, 0x01, 0x93, 0xff, 0x05, 0x01, 0x01, 0x00, 0x10, 0x40, 0x00, 0x00, 
0xc0, 0x11, 0x04, 0x00, 0x16, 0x40, 0x00, 0x00, 0xa0, 0x00, 0x00, 0x00, 0x15, 0x40, 0x00, 0x00, 
0xa0, 0x00, 0x00, 0x00, 0x14, 0x40, 0x00, 0x00, 0x10, 0x00, 0x00, 0x00, 0x14, 0x01, 0x41, 0x00, 
0x21, 0x01, 0x02, 0x00, 0x20, 0x01, 0x02, 0x00, 0x22, 0x01, 0x07, 0x00, 0x20, 0x40, 0x00, 0x00, 
0x80, 0xe7, 0x00, 0x00, 0x22, 0x40, 0x00, 0x00, 0x70, 0xe7, 0x00, 0x00, 0x16, 0x01, 0x05, 0x00, 
0x15, 0x01, 0x09, 0x00, 0x17, 0x01, 0x07, 0x00, 0x2f, 0x01, 0x03, 0x00, 0x02, 0x00, 0x00, 0x00, 
0x00, 0x40, 0x00, 0x00, 0xc0, 0x11, 0x04, 0x00, 0x0b, 0x01, 0x09, 0x00, 0x0c, 0x01, 0x09, 0x00, 
0x0a, 0x01, 0x09, 0x00, 0x06, 0x40, 0x00, 0x00, 0xa0, 0x00, 0x00, 0x00, 0x05, 0x40, 0x00, 0x00, 
0xa0, 0x00, 0x00, 0x00, 0x04, 0x40, 0x00, 0x00, 0x10, 0x00, 0x00, 0x00, 0x09, 0x01, 0xf3, 0xff, 
0x05, 0x01, 0x41, 0x00, 0x10, 0x40, 0x00, 0x00, 0xc1, 0xb7, 0x03, 0x00, 0x16, 0x40, 0x00, 0x00, 
0x01, 0x00, 0x00, 0x00, 0x15, 0x40, 0x00, 0x00, 0x10, 0x09, 0x00, 0x00, 0x14, 0x40, 0x00, 0x00, 
0xe8, 0x00, 0x00, 0x00, 0x14, 0x01, 0x01, 0x81, 0x21, 0x01, 0x00, 0x00, 0x20, 0x01, 0x00, 0x00, 
0x22, 0x01, 0x00, 0x00, 0x16, 0x01, 0x03, 0x00, 0x15, 0x01, 0x03, 0x00, 0x17, 0x01, 0x7f, 0x00, 
0x2f, 0x01, 0x01, 0x00, 0x05, 0x00, 0x01, 0x00, 0x00, 0x40, 0x00, 0x00, 0x22, 0x01, 0x02, 0x00, 
0x0b, 0x01, 0x14, 0x00, 0x0c, 0x01, 0x14, 0x00, 0x0a, 0x01, 0x14, 0x00, 0x06, 0x40, 0x00, 0x00, 
0x01, 0x00, 0x00, 0x00, 0x05, 0x40, 0x00, 0x00, 0xf0, 0x13, 0x00, 0x00, 0x04, 0x40, 0x00, 0x00, 
0xe8, 0x00, 0x00, 0x00, 0x09, 0x01, 0x93, 0xff, 0x05, 0x01, 0x01, 0x00, 0x10, 0x40, 0x00, 0x00, 
0xc0, 0x11, 0x04, 0x00, 0x16, 0x40, 0x00, 0x00, 0xa0, 0x00, 0x00, 0x00, 0x15, 0x40, 0x00, 0x00, 
0xa0, 0x00, 0x00, 0x00, 0x14, 0x40, 0x00, 0x00, 0x10, 0x00, 0x00, 0x00, 0x14, 0x01, 0x41, 0x00, 
0x21, 0x01, 0x02, 0x00, 0x20, 0x01, 0x02, 0x00, 0x22, 0x01, 0x07, 0x00, 0x20, 0x40, 0x00, 0x00, 
0xc0, 0xe7, 0x00, 0x00, 0x22, 0x40, 0x00, 0x00, 0xb0, 0xe7, 0x00, 0x00, 0x16, 0x01, 0x05, 0x00, 
0x15, 0x01, 0x09, 0x00, 0x17, 0x01, 0x07, 0x00, 0x2f, 0x01, 0x03, 0x00, 0x02, 0x00, 0x00, 0x00, 
0x00, 0x40, 0x00, 0x00, 0xc0, 0x11, 0x04, 0x00, 0x0b, 0x01, 0x09, 0x00, 0x0c, 0x01, 0x09, 0x00, 
0x0a, 0x01, 0x09, 0x00, 0x06, 0x40, 0x00, 0x00, 0xa0, 0x00, 0x00, 0x00, 0x05, 0x40, 0x00, 0x00, 
0xa0, 0x00, 0x00, 0x00, 0x04, 0x40, 0x00, 0x00, 0x10, 0x00, 0x00, 0x00, 0x09, 0x01, 0xf3, 0xff, 
0x05, 0x01, 0x41, 0x00, 0x10, 0x40, 0x00, 0x00, 0xc2, 0xb7, 0x03, 0x00, 0x16, 0x40, 0x00, 0x00, 
0x01, 0x00, 0x00, 0x00, 0x15, 0x40, 0x00, 0x00, 0x10, 0x09, 0x00, 0x00, 0x14, 0x40, 0x00, 0x00, 
0xe8, 0x00, 0x00, 0x00, 0x14, 0x01, 0x01, 0x81, 0x21, 0x01, 0x00, 0x00, 0x20, 0x01, 0x00, 0x00, 
0x22, 0x01, 0x00, 0x00, 0x16, 0x01, 0x03, 0x00, 0x15, 0x01, 0x03, 0x00, 0x17, 0x01, 0x7f, 0x00, 
0x2f, 0x01, 0x01, 0x00, 0x05, 0x00, 0x01, 0x00, 0x00, 0x40, 0x00, 0x00, 0x23, 0x01, 0x02, 0x00, 
0x0b, 0x01, 0x14, 0x00, 0x0c, 0x01, 0x14, 0x00, 0x0a, 0x01, 0x14, 0x00, 0x06, 0x40, 0x00, 0x00, 
0x01, 0x00, 0x00, 0x00, 0x05, 0x40, 0x00, 0x00, 0xf0, 0x13, 0x00, 0x00, 0x04, 0x40, 0x00, 0x00, 
0xe8, 0x00, 0x00, 0x00, 0x09, 0x01, 0x93, 0xff, 0x05, 0x01, 0x01, 0x00, 0x10, 0x40, 0x00, 0x00, 
0xc0, 0x11, 0x04, 0x00, 0x16, 0x40, 0x00, 0x00, 0xa0, 0x00, 0x00, 0x00, 0x15, 0x40, 0x00, 0x00, 
0xa0, 0x00, 0x00, 0x00, 0x14, 0x40, 0x00, 0x00, 0x10, 0x00, 0x00, 0x00, 0x14, 0x01, 0x41, 0x00, 
0x21, 0x01, 0x02, 0x00, 0x20, 0x01, 0x02, 0x00, 0x22, 0x01, 0x07, 0x00, 0x20, 0x40, 0x00, 0x00, 
0x00, 0xe8, 0x00, 0x00, 0x22, 0x40, 0x00, 0x00, 0xf0, 0xe7, 0x00, 0x00, 0x16, 0x01, 0x05, 0x00, 
0x15, 0x01, 0x09, 0x00, 0x17, 0x01, 0x07, 0x00, 0x2f, 0x01, 0x03, 0x00, 0x02, 0x00, 0x00, 0x00, 
0x00, 0x40, 0x00, 0x00, 0xc0, 0x11, 0x04, 0x00, 0x0b, 0x01, 0x09, 0x00, 0x0c, 0x01, 0x09, 0x00, 
0x0a, 0x01, 0x09, 0x00, 0x06, 0x40, 0x00, 0x00, 0xa0, 0x00, 0x00, 0x00, 0x05, 0x40, 0x00, 0x00, 
0xa0, 0x00, 0x00, 0x00, 0x04, 0x40, 0x00, 0x00, 0x10, 0x00, 0x00, 0x00, 0x09, 0x01, 0xf3, 0xff, 
0x05, 0x01, 0x41, 0x00, 0x10, 0x40, 0x00, 0x00, 0xc3, 0xb7, 0x03, 0x00, 0x16, 0x40, 0x00, 0x00, 
0x01, 0x00, 0x00, 0x00, 0x15, 0x40, 0x00, 0x00, 0x10, 0x09, 0x00, 0x00, 0x14, 0x40, 0x00, 0x00, 
0xe8, 0x00, 0x00, 0x00, 0x14, 0x01, 0x01, 0x81, 0x21, 0x01, 0x00, 0x00, 0x20, 0x01, 0x00, 0x00, 
0x22, 0x01, 0x00, 0x00, 0x16, 0x01, 0x03, 0x00, 0x15, 0x01, 0x03, 0x00, 0x17, 0x01, 0x7f, 0x00, 
0x2f, 0x01, 0x01, 0x00, 0x05, 0x00, 0x01, 0x00, 0x00, 0x40, 0x00, 0x00, 0x24, 0x01, 0x02, 0x00, 
0x0b, 0x01, 0x14, 0x00, 0x0c, 0x01, 0x14, 0x00, 0x0a, 0x01, 0x14, 0x00, 0x06, 0x40, 0x00, 0x00, 
0x01, 0x00, 0x00, 0x00, 0x05, 0x40, 0x00, 0x00, 0xf0, 0x13, 0x00, 0x00, 0x04, 0x40, 0x00, 0x00, 
0xe8, 0x00, 0x00, 0x00, 0x09, 0x01, 0x93, 0xff, 0x05, 0x01, 0x01, 0x00, 0x10, 0x40, 0x00, 0x00, 
0xc0, 0x11, 0x04, 0x00, 0x16, 0x40, 0x00, 0x00, 0xa0, 0x00, 0x00, 0x00, 0x15, 0x40, 0x00, 0x00, 
0xa0, 0x00, 0x00, 0x00, 0x14, 0x40, 0x00, 0x00, 0x10, 0x00, 0x00, 0x00, 0x14, 0x01, 0x41, 0x00, 
0x21, 0x01, 0x02, 0x00, 0x20, 0x01, 0x02, 0x00, 0x22, 0x01, 0x07, 0x00, 0x20, 0x40, 0x00, 0x00, 
0x40, 0xe8, 0x00, 0x00, 0x22, 0x40, 0x00, 0x00, 0x30, 0xe8, 0x00, 0x00, 0x16, 0x01, 0x05, 0x00, 
0x15, 0x01, 0x09, 0x00, 0x17, 0x01, 0x07, 0x00, 0x2f, 0x01, 0x03, 0x00, 0x02, 0x00, 0x00, 0x00, 
0x00, 0x40, 0x00, 0x00, 0xc0, 0x11, 0x04, 0x00, 0x0b, 0x01, 0x09, 0x00, 0x0c, 0x01, 0x09, 0x00, 
0x0a, 0x01, 0x09, 0x00, 0x06, 0x40, 0x00, 0x00, 0xa0, 0x00, 0x00, 0x00, 0x05, 0x40, 0x00, 0x00, 
0xa0, 0x00, 0x00, 0x00, 0x04, 0x40, 0x00, 0x00, 0x10, 0x00, 0x00, 0x00, 0x09, 0x01, 0xf3, 0xff, 
0x05, 0x01, 0x41, 0x00, 0x10, 0x40, 0x00, 0x00, 0xc4, 0xb7, 0x03, 0x00, 0x16, 0x40, 0x00, 0x00, 
0x01, 0x00, 0x00, 0x00, 0x15, 0x40, 0x00, 0x00, 0x10, 0x09, 0x00, 0x00, 0x14, 0x40, 0x00, 0x00, 
0xe8, 0x00, 0x00, 0x00, 0x14, 0x01, 0x01, 0x81, 0x21, 0x01, 0x00, 0x00, 0x20, 0x01, 0x00, 0x00, 
0x22, 0x01, 0x00, 0x00, 0x16, 0x01, 0x03, 0x00, 0x15, 0x01, 0x03, 0x00, 0x17, 0x01, 0x7f, 0x00, 
0x2f, 0x01, 0x01, 0x00, 0x05, 0x00, 0x01, 0x00, 0x00, 0x40, 0x00, 0x00, 0x25, 0x01, 0x02, 0x00, 
0x0b, 0x01, 0x14, 0x00, 0x0c, 0x01, 0x14, 0x00, 0x0a, 0x01, 0x14, 0x00, 0x06, 0x40, 0x00, 0x00, 
0x01, 0x00, 0x00, 0x00, 0x05, 0x40, 0x00, 0x00, 0xf0, 0x13, 0x00, 0x00, 0x04, 0x40, 0x00, 0x00, 
0xe8, 0x00, 0x00, 0x00, 0x09, 0x01, 0x93, 0xff, 0x05, 0x01, 0x01, 0x00, 0x10, 0x40, 0x00, 0x00, 
0xc0, 0x11, 0x04, 0x00, 0x16, 0x40, 0x00, 0x00, 0xa0, 0x00, 0x00, 0x00, 0x15, 0x40, 0x00, 0x00, 
0xa0, 0x00, 0x00, 0x00, 0x14, 0x40, 0x00, 0x00, 0x10, 0x00, 0x00, 0x00, 0x14, 0x01, 0x41, 0x00, 
0x21, 0x01, 0x02, 0x00, 0x20, 0x01, 0x02, 0x00, 0x22, 0x01, 0x07, 0x00, 0x20, 0x40, 0x00, 0x00, 
0x80, 0xe8, 0x00, 0x00, 0x22, 0x40, 0x00, 0x00, 0x70, 0xe8, 0x00, 0x00, 0x16, 0x01, 0x05, 0x00, 
0x15, 0x01, 0x09, 0x00, 0x17, 0x01, 0x07, 0x00, 0x2f, 0x01, 0x03, 0x00, 0x02, 0x00, 0x00, 0x00, 
0x00, 0x40, 0x00, 0x00, 0xc0, 0x11, 0x04, 0x00, 0x0b, 0x01, 0x09, 0x00, 0x0c, 0x01, 0x09, 0x00, 
0x0a, 0x01, 0x09, 0x00, 0x06, 0x40, 0x00, 0x00, 0xa0, 0x00, 0x00, 0x00, 0x05, 0x40, 0x00, 0x00, 
0xa0, 0x00, 0x00, 0x00, 0x04, 0x40, 0x00, 0x00, 0x10, 0x00, 0x00, 0x00, 0x09, 0x01, 0xf3, 0xff, 
0x05, 0x01, 0x41, 0x00, 0x10, 0x40, 0x00, 0x00, 0xc5, 0xb7, 0x03, 0x00, 0x16, 0x40, 0x00, 0x00, 
0x01, 0x00, 0x00, 0x00, 0x15, 0x40, 0x00, 0x00, 0x10, 0x09, 0x00, 0x00, 0x14, 0x40, 0x00, 0x00, 
0xe8, 0x00, 0x00, 0x00, 0x14, 0x01, 0x01, 0x81, 0x21, 0x01, 0x00, 0x00, 0x20, 0x01, 0x00, 0x00, 
0x22, 0x01, 0x00, 0x00, 0x16, 0x01, 0x03, 0x00, 0x15, 0x01, 0x03, 0x00, 0x17, 0x01, 0x7f, 0x00, 
0x2f, 0x01, 0x01, 0x00, 0x05, 0x00, 0x01, 0x00, 0x00, 0x40, 0x00, 0x00, 0x26, 0x01, 0x02, 0x00, 
0x0b, 0x01, 0x14, 0x00, 0x0c, 0x01, 0x14, 0x00, 0x0a, 0x01, 0x14, 0x00, 0x06, 0x40, 0x00, 0x00, 
0x01, 0x00, 0x00, 0x00, 0x05, 0x40, 0x00, 0x00, 0xf0, 0x13, 0x00, 0x00, 0x04, 0x40, 0x00, 0x00, 
0xe8, 0x00, 0x00, 0x00, 0x09, 0x01, 0x93, 0xff, 0x05, 0x01, 0x01, 0x00, 0x10, 0x40, 0x00, 0x00, 
0xc0, 0x11, 0x04, 0x00, 0x16, 0x40, 0x00, 0x00, 0xa0, 0x00, 0x00, 0x00, 0x15, 0x40, 0x00, 0x00, 
0xa0, 0x00, 0x00, 0x00, 0x14, 0x40, 0x00, 0x00, 0x10, 0x00, 0x00, 0x00, 0x14, 0x01, 0x41, 0x00, 
0x21, 0x01, 0x02, 0x00, 0x20, 0x01, 0x02, 0x00, 0x22, 0x01, 0x07, 0x00, 0x20, 0x40, 0x00, 0x00, 
0xc0, 0xe8, 0x00, 0x00, 0x22, 0x40, 0x00, 0x00, 0xb0, 0xe8, 0x00, 0x00, 0x16, 0x01, 0x05, 0x00, 
0x15, 0x01, 0x09, 0x00, 0x17, 0x01, 0x07, 0x00, 0x2f, 0x01, 0x03, 0x00, 0x02, 0x00, 0x00, 0x00, 
0x00, 0x40, 0x00, 0x00, 0xc0, 0x11, 0x04, 0x00, 0x0b, 0x01, 0x09, 0x00, 0x0c, 0x01, 0x09, 0x00, 
0x0a, 0x01, 0x09, 0x00, 0x06, 0x40, 0x00, 0x00, 0xa0, 0x00, 0x00, 0x00, 0x05, 0x40, 0x00, 0x00, 
0xa0, 0x00, 0x00, 0x00, 0x04, 0x40, 0x00, 0x00, 0x10, 0x00, 0x00, 0x00, 0x09, 0x01, 0xf3, 0xff, 
0x05, 0x01, 0x41, 0x00, 0x10, 0x40, 0x00, 0x00, 0xc6, 0xb7, 0x03, 0x00, 0x16, 0x40, 0x00, 0x00, 
0x01, 0x00, 0x00, 0x00, 0x15, 0x40, 0x00, 0x00, 0x10, 0x09, 0x00, 0x00, 0x14, 0x40, 0x00, 0x00, 
0xe8, 0x00, 0x00, 0x00, 0x14, 0x01, 0x01, 0x81, 0x21, 0x01, 0x00, 0x00, 0x20, 0x01, 0x00, 0x00, 
0x22, 0x01, 0x00, 0x00, 0x16, 0x01, 0x03, 0x00, 0x15, 0x01, 0x03, 0x00, 0x17, 0x01, 0x7f, 0x00, 
0x2f, 0x01, 0x01, 0x00, 0x05, 0x00, 0x01, 0x00, 0x00, 0x40, 0x00, 0x00, 0x27, 0x01, 0x02, 0x00, 
0x0b, 0x01, 0x14, 0x00, 0x0c, 0x01, 0x14, 0x00, 0x0a, 0x01, 0x14, 0x00, 0x06, 0x40, 0x00, 0x00, 
0x01, 0x00, 0x00, 0x00, 0x05, 0x40, 0x00, 0x00, 0xf0, 0x13, 0x00, 0x00, 0x04, 0x40, 0x00, 0x00, 
0xe8, 0x00, 0x00, 0x00, 0x09, 0x01, 0x93, 0xff, 0x05, 0x01, 0x01, 0x00, 0x10, 0x40, 0x00, 0x00, 
0xc0, 0x11, 0x04, 0x00, 0x16, 0x40, 0x00, 0x00, 0xa0, 0x00, 0x00, 0x00, 0x15, 0x40, 0x00, 0x00, 
0xa0, 0x00, 0x00, 0x00, 0x14, 0x40, 0x00, 0x00, 0x10, 0x00, 0x00, 0x00, 0x14, 0x01, 0x41, 0x00, 
0x21, 0x01, 0x02, 0x00, 0x20, 0x01, 0x02, 0x00, 0x22, 0x01, 0x07, 0x00, 0x20, 0x40, 0x00, 0x00, 
0x00, 0xe9, 0x00, 0x00, 0x22, 0x40, 0x00, 0x00, 0xf0, 0xe8, 0x00, 0x00, 0x16, 0x01, 0x05, 0x00, 
0x15, 0x01, 0x09, 0x00, 0x17, 0x01, 0x07, 0x00, 0x2f, 0x01, 0x03, 0x00, 0x02, 0x00, 0x00, 0x00, 
0x00, 0x40, 0x00, 0x00, 0xc0, 0x11, 0x04, 0x00, 0x0b, 0x01, 0x09, 0x00, 0x0c, 0x01, 0x09, 0x00, 
0x0a, 0x01, 0x09, 0x00, 0x06, 0x40, 0x00, 0x00, 0xa0, 0x00, 0x00, 0x00, 0x05, 0x40, 0x00, 0x00, 
0xa0, 0x00, 0x00, 0x00, 0x04, 0x40, 0x00, 0x00, 0x10, 0x00, 0x00, 0x00, 0x09, 0x01, 0xf3, 0xff, 
0x05, 0x01, 0x41, 0x00, 0x10, 0x40, 0x00, 0x00, 0xc7, 0xb7, 0x03, 0x00, 0x16, 0x40, 0x00, 0x00, 
0x01, 0x00, 0x00, 0x00, 0x15, 0x40, 0x00, 0x00, 0x10, 0x09, 0x00, 0x00, 0x14, 0x40, 0x00, 0x00, 
0xe8, 0x00, 0x00, 0x00, 0x14, 0x01, 0x01, 0x81, 0x21, 0x01, 0x00, 0x00, 0x20, 0x01, 0x00, 0x00, 
0x22, 0x01, 0x00, 0x00, 0x16, 0x01, 0x03, 0x00, 0x15, 0x01, 0x03, 0x00, 0x17, 0x01, 0x7f, 0x00, 
0x2f, 0x01, 0x01, 0x00, 0x05, 0x00, 0x01, 0x00, 0x00, 0x40, 0x00, 0x00, 0x28, 0x01, 0x02, 0x00, 
0x0b, 0x01, 0x14, 0x00, 0x0c, 0x01, 0x14, 0x00, 0x0a, 0x01, 0x14, 0x00, 0x06, 0x40, 0x00, 0x00, 
0x01, 0x00, 0x00, 0x00, 0x05, 0x40, 0x00, 0x00, 0xf0, 0x13, 0x00, 0x00, 0x04, 0x40, 0x00, 0x00, 
0xe8, 0x00, 0x00, 0x00, 0x09, 0x01, 0x93, 0xff, 0x05, 0x01, 0x01, 0x00, 0x10, 0x40, 0x00, 0x00, 
0xc0, 0x11, 0x04, 0x00, 0x16, 0x40, 0x00, 0x00, 0xa0, 0x00, 0x00, 0x00, 0x15, 0x40, 0x00, 0x00, 
0xa0, 0x00, 0x00, 0x00, 0x14, 0x40, 0x00, 0x00, 0x10, 0x00, 0x00, 0x00, 0x14, 0x01, 0x41, 0x00, 
0x21, 0x01, 0x02, 0x00, 0x20, 0x01, 0x02, 0x00, 0x22, 0x01, 0x07, 0x00, 0x20, 0x40, 0x00, 0x00, 
0x40, 0xe9, 0x00, 0x00, 0x22, 0x40, 0x00, 0x00, 0x30, 0xe9, 0x00, 0x00, 0x16, 0x01, 0x05, 0x00, 
0x15, 0x01, 0x09, 0x00, 0x17, 0x01, 0x07, 0x00, 0x2f, 0x01, 0x03, 0x00, 0x02, 0x00, 0x00, 0x00, 
0x00, 0x40, 0x00, 0x00, 0xc0, 0x11, 0x04, 0x00, 0x0b, 0x01, 0x09, 0x00, 0x0c, 0x01, 0x09, 0x00, 
0x0a, 0x01, 0x09, 0x00, 0x06, 0x40, 0x00, 0x00, 0xa0, 0x00, 0x00, 0x00, 0x05, 0x40, 0x00, 0x00, 
0xa0, 0x00, 0x00, 0x00, 0x04, 0x40, 0x00, 0x00, 0x10, 0x00, 0x00, 0x00, 0x09, 0x01, 0xf3, 0xff, 
0x05, 0x01, 0x41, 0x00, 0x10, 0x40, 0x00, 0x00, 0xc8, 0xb7, 0x03, 0x00, 0x16, 0x40, 0x00, 0x00, 
0x01, 0x00, 0x00, 0x00, 0x15, 0x40, 0x00, 0x00, 0x10, 0x09, 0x00, 0x00, 0x14, 0x40, 0x00, 0x00, 
0xe8, 0x00, 0x00, 0x00, 0x14, 0x01, 0x01, 0x81, 0x21, 0x01, 0x00, 0x00, 0x20, 0x01, 0x00, 0x00, 
0x22, 0x01, 0x00, 0x00, 0x16, 0x01, 0x03, 0x00, 0x15, 0x01, 0x03, 0x00, 0x17, 0x01, 0x7f, 0x00, 
0x2f, 0x01, 0x01, 0x00, 0x05, 0x00, 0x01, 0x00, 0x00, 0x40, 0x00, 0x00, 0x29, 0x01, 0x02, 0x00, 
0x0b, 0x01, 0x14, 0x00, 0x0c, 0x01, 0x14, 0x00, 0x0a, 0x01, 0x14, 0x00, 0x06, 0x40, 0x00, 0x00, 
0x01, 0x00, 0x00, 0x00, 0x05, 0x40, 0x00, 0x00, 0xf0, 0x13, 0x00, 0x00, 0x04, 0x40, 0x00, 0x00, 
0xe8, 0x00, 0x00, 0x00, 0x09, 0x01, 0x93, 0xff, 0x05, 0x01, 0x01, 0x00, 0x10, 0x40, 0x00, 0x00, 
0xc0, 0x11, 0x04, 0x00, 0x16, 0x40, 0x00, 0x00, 0xa0, 0x00, 0x00, 0x00, 0x15, 0x40, 0x00, 0x00, 
0xa0, 0x00, 0x00, 0x00, 0x14, 0x40, 0x00, 0x00, 0x10, 0x00, 0x00, 0x00, 0x14, 0x01, 0x41, 0x00, 
0x21, 0x01, 0x02, 0x00, 0x20, 0x01, 0x02, 0x00, 0x22, 0x01, 0x07, 0x00, 0x20, 0x40, 0x00, 0x00, 
0x80, 0xe9, 0x00, 0x00, 0x22, 0x40, 0x00, 0x00, 0x70, 0xe9, 0x00, 0x00, 0x16, 0x01, 0x05, 0x00, 
0x15, 0x01, 0x09, 0x00, 0x17, 0x01, 0x07, 0x00, 0x2f, 0x01, 0x03, 0x00, 0x02, 0x00, 0x00, 0x00, 
0x00, 0x40, 0x00, 0x00, 0xc0, 0x11, 0x04, 0x00, 0x0b, 0x01, 0x09, 0x00, 0x0c, 0x01, 0x09, 0x00, 
0x0a, 0x01, 0x09, 0x00, 0x06, 0x40, 0x00, 0x00, 0xa0, 0x00, 0x00, 0x00, 0x05, 0x40, 0x00, 0x00, 
0xa0, 0x00, 0x00, 0x00, 0x04, 0x40, 0x00, 0x00, 0x10, 0x00, 0x00, 0x00, 0x09, 0x01, 0xf3, 0xff, 
0x05, 0x01, 0x41, 0x00, 0x10, 0x40, 0x00, 0x00, 0xc9, 0xb7, 0x03, 0x00, 0x16, 0x40, 0x00, 0x00, 
0x01, 0x00, 0x00, 0x00, 0x15, 0x40, 0x00, 0x00, 0x10, 0x09, 0x00, 0x00, 0x14, 0x40, 0x00, 0x00, 
0xe8, 0x00, 0x00, 0x00, 0x14, 0x01, 0x01, 0x81, 0x21, 0x01, 0x00, 0x00, 0x20, 0x01, 0x00, 0x00, 
0x22, 0x01, 0x00, 0x00, 0x16, 0x01, 0x03, 0x00, 0x15, 0x01, 0x03, 0x00, 0x17, 0x01, 0x7f, 0x00, 
0x2f, 0x01, 0x01, 0x00, 0x05, 0x00, 0x01, 0x00, 0x00, 0x40, 0x00, 0x00, 0x2a, 0x01, 0x02, 0x00, 
0x0b, 0x01, 0x14, 0x00, 0x0c, 0x01, 0x14, 0x00, 0x0a, 0x01, 0x14, 0x00, 0x06, 0x40, 0x00, 0x00, 
0x01, 0x00, 0x00, 0x00, 0x05, 0x40, 0x00, 0x00, 0xf0, 0x13, 0x00, 0x00, 0x04, 0x40, 0x00, 0x00, 
0xe8, 0x00, 0x00, 0x00, 0x09, 0x01, 0x93, 0xff, 0x05, 0x01, 0x01, 0x00, 0x10, 0x40, 0x00, 0x00, 
0xc0, 0x11, 0x04, 0x00, 0x16, 0x40, 0x00, 0x00, 0xa0, 0x00, 0x00, 0x00, 0x15, 0x40, 0x00, 0x00, 
0xa0, 0x00, 0x00, 0x00, 0x14, 0x40, 0x00, 0x00, 0x10, 0x00, 0x00, 0x00, 0x14, 0x01, 0x41, 0x00, 
0x21, 0x01, 0x02, 0x00, 0x20, 0x01, 0x02, 0x00, 0x22, 0x01, 0x07, 0x00, 0x20, 0x40, 0x00, 0x00, 
0xc0, 0xe9, 0x00, 0x00, 0x22, 0x40, 0x00, 0x00, 0xb0, 0xe9, 0x00, 0x00, 0x16, 0x01, 0x05, 0x00, 
0x15, 0x01, 0x09, 0x00, 0x17, 0x01, 0x07, 0x00, 0x2f, 0x01, 0x03, 0x00, 0x02, 0x00, 0x00, 0x00, 
0x00, 0x40, 0x00, 0x00, 0xc0, 0x11, 0x04, 0x00, 0x0b, 0x01, 0x09, 0x00, 0x0c, 0x01, 0x09, 0x00, 
0x0a, 0x01, 0x09, 0x00, 0x06, 0x40, 0x00, 0x00, 0xa0, 0x00, 0x00, 0x00, 0x05, 0x40, 0x00, 0x00, 
0xa0, 0x00, 0x00, 0x00, 0x04, 0x40, 0x00, 0x00, 0x10, 0x00, 0x00, 0x00, 0x09, 0x01, 0xf3, 0xff, 
0x05, 0x01, 0x41, 0x00, 0x10, 0x40, 0x00, 0x00, 0xca, 0xb7, 0x03, 0x00, 0x16, 0x40, 0x00, 0x00, 
0x01, 0x00, 0x00, 0x00, 0x15, 0x40, 0x00, 0x00, 0x10, 0x09, 0x00, 0x00, 0x14, 0x40, 0x00, 0x00, 
0xe8, 0x00, 0x00, 0x00, 0x14, 0x01, 0x01, 0x81, 0x21, 0x01, 0x00, 0x00, 0x20, 0x01, 0x00, 0x00, 
0x22, 0x01, 0x00, 0x00, 0x16, 0x01, 0x03, 0x00, 0x15, 0x01, 0x03, 0x00, 0x17, 0x01, 0x7f, 0x00, 
0x2f, 0x01, 0x01, 0x00, 0x05, 0x00, 0x01, 0x00, 0x00, 0x40, 0x00, 0x00, 0x2b, 0x01, 0x02, 0x00, 
0x0b, 0x01, 0x14, 0x00, 0x0c, 0x01, 0x14, 0x00, 0x0a, 0x01, 0x14, 0x00, 0x06, 0x40, 0x00, 0x00, 
0x01, 0x00, 0x00, 0x00, 0x05, 0x40, 0x00, 0x00, 0xf0, 0x13, 0x00, 0x00, 0x04, 0x40, 0x00, 0x00, 
0xe8, 0x00, 0x00, 0x00, 0x09, 0x01, 0x93, 0xff, 0x05, 0x01, 0x01, 0x00, 0x10, 0x40, 0x00, 0x00, 
0xc0, 0x11, 0x04, 0x00, 0x16, 0x40, 0x00, 0x00, 0xa0, 0x00, 0x00, 0x00, 0x15, 0x40, 0x00, 0x00, 
0xa0, 0x00, 0x00, 0x00, 0x14, 0x40, 0x00, 0x00, 0x10, 0x00, 0x00, 0x00, 0x14, 0x01, 0x41, 0x00, 
0x21, 0x01, 0x02, 0x00, 0x20, 0x01, 0x02, 0x00, 0x22, 0x01, 0x07, 0x00, 0x20, 0x40, 0x00, 0x00, 
0x00, 0xea, 0x00, 0x00, 0x22, 0x40, 0x00, 0x00, 0xf0, 0xe9, 0x00, 0x00, 0x16, 0x01, 0x05, 0x00, 
0x15, 0x01, 0x09, 0x00, 0x17, 0x01, 0x07, 0x00, 0x2f, 0x01, 0x03, 0x00, 0x02, 0x00, 0x00, 0x00, 
0x00, 0x40, 0x00, 0x00, 0xc0, 0x11, 0x04, 0x00, 0x0b, 0x01, 0x09, 0x00, 0x0c, 0x01, 0x09, 0x00, 
0x0a, 0x01, 0x09, 0x00, 0x06, 0x40, 0x00, 0x00, 0xa0, 0x00, 0x00, 0x00, 0x05, 0x40, 0x00, 0x00, 
0xa0, 0x00, 0x00, 0x00, 0x04, 0x40, 0x00, 0x00, 0x10, 0x00, 0x00, 0x00, 0x09, 0x01, 0xf3, 0xff, 
0x05, 0x01, 0x41, 0x00, 0x10, 0x40, 0x00, 0x00, 0xcb, 0xb7, 0x03, 0x00, 0x16, 0x40, 0x00, 0x00, 
0x01, 0x00, 0x00, 0x00, 0x15, 0x40, 0x00, 0x00, 0x10, 0x09, 0x00, 0x00, 0x14, 0x40, 0x00, 0x00, 
0xe8, 0x00, 0x00, 0x00, 0x14, 0x01, 0x01, 0x81, 0x21, 0x01, 0x00, 0x00, 0x20, 0x01, 0x00, 0x00, 
0x22, 0x01, 0x00, 0x00, 0x16, 0x01, 0x03, 0x00, 0x15, 0x01, 0x03, 0x00, 0x17, 0x01, 0x7f, 0x00, 
0x2f, 0x01, 0x01, 0x00, 0x05, 0x00, 0x01, 0x00, 0x00, 0x40, 0x00, 0x00, 0x2c, 0x01, 0x02, 0x00, 
0x0b, 0x01, 0x14, 0x00, 0x0c, 0x01, 0x14, 0x00, 0x0a, 0x01, 0x14, 0x00, 0x06, 0x40, 0x00, 0x00, 
0x01, 0x00, 0x00, 0x00, 0x05, 0x40, 0x00, 0x00, 0xf0, 0x13, 0x00, 0x00, 0x04, 0x40, 0x00, 0x00, 
0xe8, 0x00, 0x00, 0x00, 0x09, 0x01, 0x93, 0xff, 0x05, 0x01, 0x01, 0x00, 0x10, 0x40, 0x00, 0x00, 
0xc0, 0x11, 0x04, 0x00, 0x16, 0x40, 0x00, 0x00, 0xa0, 0x00, 0x00, 0x00, 0x15, 0x40, 0x00, 0x00, 
0xa0, 0x00, 0x00, 0x00, 0x14, 0x40, 0x00, 0x00, 0x10, 0x00, 0x00, 0x00, 0x14, 0x01, 0x41, 0x00, 
0x21, 0x01, 0x02, 0x00, 0x20, 0x01, 0x02, 0x00, 0x22, 0x01, 0x07, 0x00, 0x20, 0x40, 0x00, 0x00, 
0x40, 0xea, 0x00, 0x00, 0x22, 0x40, 0x00, 0x00, 0x30, 0xea, 0x00, 0x00, 0x16, 0x01, 0x05, 0x00, 
0x15, 0x01, 0x09, 0x00, 0x17, 0x01, 0x07, 0x00, 0x2f, 0x01, 0x03, 0x00, 0x02, 0x00, 0x00, 0x00, 
0x00, 0x40, 0x00, 0x00, 0xc0, 0x11, 0x04, 0x00, 0x0b, 0x01, 0x09, 0x00, 0x0c, 0x01, 0x09, 0x00, 
0x0a, 0x01, 0x09, 0x00, 0x06, 0x40, 0x00, 0x00, 0xa0, 0x00, 0x00, 0x00, 0x05, 0x40, 0x00, 0x00, 
0xa0, 0x00, 0x00, 0x00, 0x04, 0x40, 0x00, 0x00, 0x10, 0x00, 0x00, 0x00, 0x09, 0x01, 0xf3, 0xff, 
0x05, 0x01, 0x41, 0x00, 0x10, 0x40, 0x00, 0x00, 0xcc, 0xb7, 0x03, 0x00, 0x16, 0x40, 0x00, 0x00, 
0x01, 0x00, 0x00, 0x00, 0x15, 0x40, 0x00, 0x00, 0x10, 0x09, 0x00, 0x00, 0x14, 0x40, 0x00, 0x00, 
0xe8, 0x00, 0x00, 0x00, 0x14, 0x01, 0x01, 0x81, 0x21, 0x01, 0x00, 0x00, 0x20, 0x01, 0x00, 0x00, 
0x22, 0x01, 0x00, 0x00, 0x16, 0x01, 0x03, 0x00, 0x15, 0x01, 0x03, 0x00, 0x17, 0x01, 0x7f, 0x00, 
0x2f, 0x01, 0x01, 0x00, 0x05, 0x00, 0x01, 0x00, 0x00, 0x40, 0x00, 0x00, 0x2d, 0x01, 0x02, 0x00, 
0x0b, 0x01, 0x14, 0x00, 0x0c, 0x01, 0x14, 0x00, 0x0a, 0x01, 0x14, 0x00, 0x06, 0x40, 0x00, 0x00, 
0x01, 0x00, 0x00, 0x00, 0x05, 0x40, 0x00, 0x00, 0xf0, 0x13, 0x00, 0x00, 0x04, 0x40, 0x00, 0x00, 
0xe8, 0x00, 0x00, 0x00, 0x09, 0x01, 0x93, 0xff, 0x05, 0x01, 0x01, 0x00, 0x10, 0x40, 0x00, 0x00, 
0xc0, 0x11, 0x04, 0x00, 0x16, 0x40, 0x00, 0x00, 0xa0, 0x00, 0x00, 0x00, 0x15, 0x40, 0x00, 0x00, 
0xa0, 0x00, 0x00, 0x00, 0x14, 0x40, 0x00, 0x00, 0x10, 0x00, 0x00, 0x00, 0x14, 0x01, 0x41, 0x00, 
0x21, 0x01, 0x02, 0x00, 0x20, 0x01, 0x02, 0x00, 0x22, 0x01, 0x07, 0x00, 0x20, 0x40, 0x00, 0x00, 
0x80, 0xea, 0x00, 0x00, 0x22, 0x40, 0x00, 0x00, 0x70, 0xea, 0x00, 0x00, 0x16, 0x01, 0x05, 0x00, 
0x15, 0x01, 0x09, 0x00, 0x17, 0x01, 0x07, 0x00, 0x2f, 0x01, 0x03, 0x00, 0x02, 0x00, 0x00, 0x00, 
0x00, 0x40, 0x00, 0x00, 0xc0, 0x11, 0x04, 0x00, 0x0b, 0x01, 0x09, 0x00, 0x0c, 0x01, 0x09, 0x00, 
0x0a, 0x01, 0x09, 0x00, 0x06, 0x40, 0x00, 0x00, 0xa0, 0x00, 0x00, 0x00, 0x05, 0x40, 0x00, 0x00, 
0xa0, 0x00, 0x00, 0x00, 0x04, 0x40, 0x00, 0x00, 0x10, 0x00, 0x00, 0x00, 0x09, 0x01, 0xf3, 0xff, 
0x05, 0x01, 0x41, 0x00, 0x10, 0x40, 0x00, 0x00, 0xcd, 0xb7, 0x03, 0x00, 0x16, 0x40, 0x00, 0x00, 
0x01, 0x00, 0x00, 0x00, 0x15, 0x40, 0x00, 0x00, 0x10, 0x09, 0x00, 0x00, 0x14, 0x40, 0x00, 0x00, 
0xe8, 0x00, 0x00, 0x00, 0x14, 0x01, 0x01, 0x81, 0x21, 0x01, 0x00, 0x00, 0x20, 0x01, 0x00, 0x00, 
0x22, 0x01, 0x00, 0x00, 0x16, 0x01, 0x03, 0x00, 0x15, 0x01, 0x03, 0x00, 0x17, 0x01, 0x7f, 0x00, 
0x2f, 0x01, 0x01, 0x00, 0x05, 0x00, 0x01, 0x00, 0x00, 0x40, 0x00, 0x00, 0x2e, 0x01, 0x02, 0x00, 
0x0b, 0x01, 0x14, 0x00, 0x0c, 0x01, 0x14, 0x00, 0x0a, 0x01, 0x14, 0x00, 0x06, 0x40, 0x00, 0x00, 
0x01, 0x00, 0x00, 0x00, 0x05, 0x40, 0x00, 0x00, 0xf0, 0x13, 0x00, 0x00, 0x04, 0x40, 0x00, 0x00, 
0xe8, 0x00, 0x00, 0x00, 0x09, 0x01, 0x93, 0xff, 0x05, 0x01, 0x01, 0x00, 0x10, 0x40, 0x00, 0x00, 
0xc0, 0x11, 0x04, 0x00, 0x16, 0x40, 0x00, 0x00, 0xa0, 0x00, 0x00, 0x00, 0x15, 0x40, 0x00, 0x00, 
0xa0, 0x00, 0x00, 0x00, 0x14, 0x40, 0x00, 0x00, 0x10, 0x00, 0x00, 0x00, 0x14, 0x01, 0x41, 0x00, 
0x21, 0x01, 0x02, 0x00, 0x20, 0x01, 0x02, 0x00, 0x22, 0x01, 0x07, 0x00, 0x20, 0x40, 0x00, 0x00, 
0xc0, 0xea, 0x00, 0x00, 0x22, 0x40, 0x00, 0x00, 0xb0, 0xea, 0x00, 0x00, 0x16, 0x01, 0x05, 0x00, 
0x15, 0x01, 0x09, 0x00, 0x17, 0x01, 0x07, 0x00, 0x2f, 0x01, 0x03, 0x00, 0x02, 0x00, 0x00, 0x00, 
0x00, 0x40, 0x00, 0x00, 0xc0, 0x11, 0x04, 0x00, 0x0b, 0x01, 0x09, 0x00, 0x0c, 0x01, 0x09, 0x00, 
0x0a, 0x01, 0x09, 0x00, 0x06, 0x40, 0x00, 0x00, 0xa0, 0x00, 0x00, 0x00, 0x05, 0x40, 0x00, 0x00, 
0xa0, 0x00, 0x00, 0x00, 0x04, 0x40, 0x00, 0x00, 0x10, 0x00, 0x00, 0x00, 0x09, 0x01, 0xf3, 0xff, 
0x05, 0x01, 0x41, 0x00, 0x10, 0x40, 0x00, 0x00, 0xce, 0xb7, 0x03, 0x00, 0x16, 0x40, 0x00, 0x00, 
0x01, 0x00, 0x00, 0x00, 0x15, 0x40, 0x00, 0x00, 0x10, 0x09, 0x00, 0x00, 0x14, 0x40, 0x00, 0x00, 
0xe8, 0x00, 0x00, 0x00, 0x14, 0x01, 0x01, 0x81, 0x21, 0x01, 0x00, 0x00, 0x20, 0x01, 0x00, 0x00, 
0x22, 0x01, 0x00, 0x00, 0x16, 0x01, 0x03, 0x00, 0x15, 0x01, 0x03, 0x00, 0x17, 0x01, 0x7f, 0x00, 
0x2f, 0x01, 0x01, 0x00, 0x05, 0x00, 0x01, 0x00, 0x00, 0x40, 0x00, 0x00, 0x2f, 0x01, 0x02, 0x00, 
0x0b, 0x01, 0x14, 0x00, 0x0c, 0x01, 0x14, 0x00, 0x0a, 0x01, 0x14, 0x00, 0x06, 0x40, 0x00, 0x00, 
0x01, 0x00, 0x00, 0x00, 0x05, 0x40, 0x00, 0x00, 0xf0, 0x13, 0x00, 0x00, 0x04, 0x40, 0x00, 0x00, 
0xe8, 0x00, 0x00, 0x00, 0x09, 0x01, 0x93, 0xff, 0x05, 0x01, 0x01, 0x00, 0x10, 0x40, 0x00, 0x00, 
0xc0, 0x11, 0x04, 0x00, 0x16, 0x40, 0x00, 0x00, 0xa0, 0x00, 0x00, 0x00, 0x15, 0x40, 0x00, 0x00, 
0xa0, 0x00, 0x00, 0x00, 0x14, 0x40, 0x00, 0x00, 0x10, 0x00, 0x00, 0x00, 0x14, 0x01, 0x41, 0x00, 
0x21, 0x01, 0x02, 0x00, 0x20, 0x01, 0x02, 0x00, 0x22, 0x01, 0x07, 0x00, 0x20, 0x40, 0x00, 0x00, 
0x00, 0xeb, 0x00, 0x00, 0x22, 0x40, 0x00, 0x00, 0xf0, 0xea, 0x00, 0x00, 0x16, 0x01, 0x05, 0x00, 
0x15, 0x01, 0x09, 0x00, 0x17, 0x01, 0x07, 0x00, 0x2f, 0x01, 0x03, 0x00, 0x02, 0x00, 0x00, 0x00, 
0x00, 0x40, 0x00, 0x00, 0xc0, 0x11, 0x04, 0x00, 0x0b, 0x01, 0x09, 0x00, 0x0c, 0x01, 0x09, 0x00, 
0x0a, 0x01, 0x09, 0x00, 0x06, 0x40, 0x00, 0x00, 0xa0, 0x00, 0x00, 0x00, 0x05, 0x40, 0x00, 0x00, 
0xa0, 0x00, 0x00, 0x00, 0x04, 0x40, 0x00, 0x00, 0x10, 0x00, 0x00, 0x00, 0x09, 0x01, 0xf3, 0xff, 
0x05, 0x01, 0x41, 0x00, 0x10, 0x40, 0x00, 0x00, 0xcf, 0xb7, 0x03, 0x00, 0x16, 0x40, 0x00, 0x00, 
0x01, 0x00, 0x00, 0x00, 0x15, 0x40, 0x00, 0x00, 0x10, 0x09, 0x00, 0x00, 0x14, 0x40, 0x00, 0x00, 
0xe8, 0x00, 0x00, 0x00, 0x14, 0x01, 0x01, 0x81, 0x21, 0x01, 0x00, 0x00, 0x20, 0x01, 0x00, 0x00, 
0x22, 0x01, 0x00, 0x00, 0x16, 0x01, 0x03, 0x00, 0x15, 0x01, 0x03, 0x00, 0x17, 0x01, 0x7f, 0x00, 
0x2f, 0x01, 0x01, 0x00, 0x05, 0x00, 0x01, 0x00, 0x00, 0x40, 0x00, 0x00, 0x30, 0x01, 0x02, 0x00, 
0x0b, 0x01, 0x14, 0x00, 0x0c, 0x01, 0x14, 0x00, 0x0a, 0x01, 0x14, 0x00, 0x06, 0x40, 0x00, 0x00, 
0x01, 0x00, 0x00, 0x00, 0x05, 0x40, 0x00, 0x00, 0xf0, 0x13, 0x00, 0x00, 0x04, 0x40, 0x00, 0x00, 
0xe8, 0x00, 0x00, 0x00, 0x09, 0x01, 0x93, 0xff, 0x05, 0x01, 0x01, 0x00, 0x10, 0x40, 0x00, 0x00, 
0xc0, 0x11, 0x04, 0x00, 0x16, 0x40, 0x00, 0x00, 0xa0, 0x00, 0x00, 0x00, 0x15, 0x40, 0x00, 0x00, 
0xa0, 0x00, 0x00, 0x00, 0x14, 0x40, 0x00, 0x00, 0x10, 0x00, 0x00, 0x00, 0x14, 0x01, 0x41, 0x00, 
0x21, 0x01, 0x02, 0x00, 0x20, 0x01, 0x02, 0x00, 0x22, 0x01, 0x07, 0x00, 0x20, 0x40, 0x00, 0x00, 
0x40, 0xeb, 0x00, 0x00, 0x22, 0x40, 0x00, 0x00, 0x30, 0xeb, 0x00, 0x00, 0x16, 0x01, 0x05, 0x00, 
0x15, 0x01, 0x09, 0x00, 0x17, 0x01, 0x07, 0x00, 0x2f, 0x01, 0x03, 0x00, 0x02, 0x00, 0x00, 0x00, 
0x00, 0x40, 0x00, 0x00, 0xc0, 0x11, 0x04, 0x00, 0x0b, 0x01, 0x09, 0x00, 0x0c, 0x01, 0x09, 0x00, 
0x0a, 0x01, 0x09, 0x00, 0x06, 0x40, 0x00, 0x00, 0xa0, 0x00, 0x00, 0x00, 0x05, 0x40, 0x00, 0x00, 
0xa0, 0x00, 0x00, 0x00, 0x04, 0x40, 0x00, 0x00, 0x10, 0x00, 0x00, 0x00, 0x09, 0x01, 0xf3, 0xff, 
0x05, 0x01, 0x41, 0x00, 0x10, 0x40, 0x00, 0x00, 0xd0, 0xb7, 0x03, 0x00, 0x16, 0x40, 0x00, 0x00, 
0x01, 0x00, 0x00, 0x00, 0x15, 0x40, 0x00, 0x00, 0x10, 0x09, 0x00, 0x00, 0x14, 0x40, 0x00, 0x00, 
0xe8, 0x00, 0x00, 0x00, 0x14, 0x01, 0x01, 0x81, 0x21, 0x01, 0x00, 0x00, 0x20, 0x01, 0x00, 0x00, 
0x22, 0x01, 0x00, 0x00, 0x16, 0x01, 0x03, 0x00, 0x15, 0x01, 0x03, 0x00, 0x17, 0x01, 0x7f, 0x00, 
0x2f, 0x01, 0x01, 0x00, 0x05, 0x00, 0x01, 0x00, 0x00, 0x40, 0x00, 0x00, 0x31, 0x01, 0x02, 0x00, 
0x0b, 0x01, 0x14, 0x00, 0x0c, 0x01, 0x14, 0x00, 0x0a, 0x01, 0x14, 0x00, 0x06, 0x40, 0x00, 0x00, 
0x01, 0x00, 0x00, 0x00, 0x05, 0x40, 0x00, 0x00, 0xf0, 0x13, 0x00, 0x00, 0x04, 0x40, 0x00, 0x00, 
0xe8, 0x00, 0x00, 0x00, 0x09, 0x01, 0x93, 0xff, 0x05, 0x01, 0x01, 0x00, 0x10, 0x40, 0x00, 0x00, 
0xc0, 0x11, 0x04, 0x00, 0x16, 0x40, 0x00, 0x00, 0xa0, 0x00, 0x00, 0x00, 0x15, 0x40, 0x00, 0x00, 
0xa0, 0x00, 0x00, 0x00, 0x14, 0x40, 0x00, 0x00, 0x10, 0x00, 0x00, 0x00, 0x14, 0x01, 0x41, 0x00, 
0x21, 0x01, 0x02, 0x00, 0x20, 0x01, 0x02, 0x00, 0x22, 0x01, 0x07, 0x00, 0x20, 0x40, 0x00, 0x00, 
0x80, 0xeb, 0x00, 0x00, 0x22, 0x40, 0x00, 0x00, 0x70, 0xeb, 0x00, 0x00, 0x16, 0x01, 0x05, 0x00, 
0x15, 0x01, 0x09, 0x00, 0x17, 0x01, 0x07, 0x00, 0x2f, 0x01, 0x03, 0x00, 0x02, 0x00, 0x00, 0x00, 
0x00, 0x40, 0x00, 0x00, 0xc0, 0x11, 0x04, 0x00, 0x0b, 0x01, 0x09, 0x00, 0x0c, 0x01, 0x09, 0x00, 
0x0a, 0x01, 0x09, 0x00, 0x06, 0x40, 0x00, 0x00, 0xa0, 0x00, 0x00, 0x00, 0x05, 0x40, 0x00, 0x00, 
0xa0, 0x00, 0x00, 0x00, 0x04, 0x40, 0x00, 0x00, 0x10, 0x00, 0x00, 0x00, 0x09, 0x01, 0xf3, 0xff, 
0x05, 0x01, 0x41, 0x00, 0x10, 0x40, 0x00, 0x00, 0xd1, 0xb7, 0x03, 0x00, 0x16, 0x40, 0x00, 0x00, 
0x01, 0x00, 0x00, 0x00, 0x15, 0x40, 0x00, 0x00, 0x10, 0x09, 0x00, 0x00, 0x14, 0x40, 0x00, 0x00, 
0xe8, 0x00, 0x00, 0x00, 0x14, 0x01, 0x01, 0x81, 0x21, 0x01, 0x00, 0x00, 0x20, 0x01, 0x00, 0x00, 
0x22, 0x01, 0x00, 0x00, 0x16, 0x01, 0x03, 0x00, 0x15, 0x01, 0x03, 0x00, 0x17, 0x01, 0x7f, 0x00, 
0x2f, 0x01, 0x01, 0x00, 0x05, 0x00, 0x01, 0x00, 0x00, 0x40, 0x00, 0x00, 0x32, 0x01, 0x02, 0x00, 
0x0b, 0x01, 0x14, 0x00, 0x0c, 0x01, 0x14, 0x00, 0x0a, 0x01, 0x14, 0x00, 0x06, 0x40, 0x00, 0x00, 
0x01, 0x00, 0x00, 0x00, 0x05, 0x40, 0x00, 0x00, 0xf0, 0x13, 0x00, 0x00, 0x04, 0x40, 0x00, 0x00, 
0xe8, 0x00, 0x00, 0x00, 0x09, 0x01, 0x93, 0xff, 0x05, 0x01, 0x01, 0x00, 0x10, 0x40, 0x00, 0x00, 
0xc0, 0x11, 0x04, 0x00, 0x16, 0x40, 0x00, 0x00, 0xa0, 0x00, 0x00, 0x00, 0x15, 0x40, 0x00, 0x00, 
0xa0, 0x00, 0x00, 0x00, 0x14, 0x40, 0x00, 0x00, 0x10, 0x00, 0x00, 0x00, 0x14, 0x01, 0x41, 0x00, 
0x21, 0x01, 0x02, 0x00, 0x20, 0x01, 0x02, 0x00, 0x22, 0x01, 0x07, 0x00, 0x20, 0x40, 0x00, 0x00, 
0xc0, 0xeb, 0x00, 0x00, 0x22, 0x40, 0x00, 0x00, 0xb0, 0xeb, 0x00, 0x00, 0x16, 0x01, 0x05, 0x00, 
0x15, 0x01, 0x09, 0x00, 0x17, 0x01, 0x07, 0x00, 0x2f, 0x01, 0x03, 0x00, 0x02, 0x00, 0x00, 0x00, 
0x00, 0x40, 0x00, 0x00, 0xc0, 0x11, 0x04, 0x00, 0x0b, 0x01, 0x09, 0x00, 0x0c, 0x01, 0x09, 0x00, 
0x0a, 0x01, 0x09, 0x00, 0x06, 0x40, 0x00, 0x00, 0xa0, 0x00, 0x00, 0x00, 0x05, 0x40, 0x00, 0x00, 
0xa0, 0x00, 0x00, 0x00, 0x04, 0x40, 0x00, 0x00, 0x10, 0x00, 0x00, 0x00, 0x09, 0x01, 0xf3, 0xff, 
0x05, 0x01, 0x41, 0x00, 0x10, 0x40, 0x00, 0x00, 0xd2, 0xb7, 0x03, 0x00, 0x16, 0x40, 0x00, 0x00, 
0x01, 0x00, 0x00, 0x00, 0x15, 0x40, 0x00, 0x00, 0x10, 0x09, 0x00, 0x00, 0x14, 0x40, 0x00, 0x00, 
0xe8, 0x00, 0x00, 0x00, 0x14, 0x01, 0x01, 0x81, 0x21, 0x01, 0x00, 0x00, 0x20, 0x01, 0x00, 0x00, 
0x22, 0x01, 0x00, 0x00, 0x16, 0x01, 0x03, 0x00, 0x15, 0x01, 0x03, 0x00, 0x17, 0x01, 0x7f, 0x00, 
0x2f, 0x01, 0x01, 0x00, 0x05, 0x00, 0x01, 0x00, 0x00, 0x40, 0x00, 0x00, 0x33, 0x01, 0x02, 0x00, 
0x0b, 0x01, 0x14, 0x00, 0x0c, 0x01, 0x14, 0x00, 0x0a, 0x01, 0x14, 0x00, 0x06, 0x40, 0x00, 0x00, 
0x01, 0x00, 0x00, 0x00, 0x05, 0x40, 0x00, 0x00, 0xf0, 0x13, 0x00, 0x00, 0x04, 0x40, 0x00, 0x00, 
0xe8, 0x00, 0x00, 0x00, 0x09, 0x01, 0x93, 0xff, 0x05, 0x01, 0x01, 0x00, 0x10, 0x40, 0x00, 0x00, 
0xc0, 0x11, 0x04, 0x00, 0x16, 0x40, 0x00, 0x00, 0xa0, 0x00, 0x00, 0x00, 0x15, 0x40, 0x00, 0x00, 
0xa0, 0x00, 0x00, 0x00, 0x14, 0x40, 0x00, 0x00, 0x10, 0x00, 0x00, 0x00, 0x14, 0x01, 0x41, 0x00, 
0x21, 0x01, 0x02, 0x00, 0x20, 0x01, 0x02, 0x00, 0x22, 0x01, 0x07, 0x00, 0x20, 0x40, 0x00, 0x00, 
0x00, 0xec, 0x00, 0x00, 0x22, 0x40, 0x00, 0x00, 0xf0, 0xeb, 0x00, 0x00, 0x16, 0x01, 0x05, 0x00, 
0x15, 0x01, 0x09, 0x00, 0x17, 0x01, 0x07, 0x00, 0x2f, 0x01, 0x03, 0x00, 0x02, 0x00, 0x00, 0x00, 
0x00, 0x40, 0x00, 0x00, 0xc0, 0x11, 0x04, 0x00, 0x0b, 0x01, 0x09, 0x00, 0x0c, 0x01, 0x09, 0x00, 
0x0a, 0x01, 0x09, 0x00, 0x06, 0x40, 0x00, 0x00, 0xa0, 0x00, 0x00, 0x00, 0x05, 0x40, 0x00, 0x00, 
0xa0, 0x00, 0x00, 0x00, 0x04, 0x40, 0x00, 0x00, 0x10, 0x00, 0x00, 0x00, 0x09, 0x01, 0xf3, 0xff, 
0x05, 0x01, 0x41, 0x00, 0x10, 0x40, 0x00, 0x00, 0xd3, 0xb7, 0x03, 0x00, 0x16, 0x40, 0x00, 0x00, 
0x01, 0x00, 0x00, 0x00, 0x15, 0x40, 0x00, 0x00, 0x10, 0x09, 0x00, 0x00, 0x14, 0x40, 0x00, 0x00, 
0xe8, 0x00, 0x00, 0x00, 0x14, 0x01, 0x01, 0x81, 0x21, 0x01, 0x00, 0x00, 0x20, 0x01, 0x00, 0x00, 
0x22, 0x01, 0x00, 0x00, 0x16, 0x01, 0x03, 0x00, 0x15, 0x01, 0x03, 0x00, 0x17, 0x01, 0x7f, 0x00, 
0x2f, 0x01, 0x01, 0x00, 0x05, 0x00, 0x01, 0x00, 0x00, 0x40, 0x00, 0x00, 0x34, 0x01, 0x02, 0x00, 
0x0b, 0x01, 0x14, 0x00, 0x0c, 0x01, 0x14, 0x00, 0x0a, 0x01, 0x14, 0x00, 0x06, 0x40, 0x00, 0x00, 
0x01, 0x00, 0x00, 0x00, 0x05, 0x40, 0x00, 0x00, 0xf0, 0x13, 0x00, 0x00, 0x04, 0x40, 0x00, 0x00, 
0xe8, 0x00, 0x00, 0x00, 0x09, 0x01, 0x93, 0xff, 0x05, 0x01, 0x01, 0x00, 0x10, 0x40, 0x00, 0x00, 
0xc0, 0x11, 0x04, 0x00, 0x16, 0x40, 0x00, 0x00, 0xa0, 0x00, 0x00, 0x00, 0x15, 0x40, 0x00, 0x00, 
0xa0, 0x00, 0x00, 0x00, 0x14, 0x40, 0x00, 0x00, 0x10, 0x00, 0x00, 0x00, 0x14, 0x01, 0x41, 0x00, 
0x21, 0x01, 0x02, 0x00, 0x20, 0x01, 0x02, 0x00, 0x22, 0x01, 0x07, 0x00, 0x20, 0x40, 0x00, 0x00, 
0x40, 0xec, 0x00, 0x00, 0x22, 0x40, 0x00, 0x00, 0x30, 0xec, 0x00, 0x00, 0x16, 0x01, 0x05, 0x00, 
0x15, 0x01, 0x09, 0x00, 0x17, 0x01, 0x07, 0x00, 0x2f, 0x01, 0x03, 0x00, 0x02, 0x00, 0x00, 0x00, 
0x00, 0x40, 0x00, 0x00, 0xc0, 0x11, 0x04, 0x00, 0x0b, 0x01, 0x09, 0x00, 0x0c, 0x01, 0x09, 0x00, 
0x0a, 0x01, 0x09, 0x00, 0x06, 0x40, 0x00, 0x00, 0xa0, 0x00, 0x00, 0x00, 0x05, 0x40, 0x00, 0x00, 
0xa0, 0x00, 0x00, 0x00, 0x04, 0x40, 0x00, 0x00, 0x10, 0x00, 0x00, 0x00, 0x09, 0x01, 0xf3, 0xff, 
0x05, 0x01, 0x41, 0x00, 0x10, 0x40, 0x00, 0x00, 0xd4, 0xb7, 0x03, 0x00, 0x16, 0x40, 0x00, 0x00, 
0x01, 0x00, 0x00, 0x00, 0x15, 0x40, 0x00, 0x00, 0x10, 0x09, 0x00, 0x00, 0x14, 0x40, 0x00, 0x00, 
0xe8, 0x00, 0x00, 0x00, 0x14, 0x01, 0x01, 0x81, 0x21, 0x01, 0x00, 0x00, 0x20, 0x01, 0x00, 0x00, 
0x22, 0x01, 0x00, 0x00, 0x16, 0x01, 0x03, 0x00, 0x15, 0x01, 0x03, 0x00, 0x17, 0x01, 0x7f, 0x00, 
0x2f, 0x01, 0x01, 0x00, 0x05, 0x00, 0x01, 0x00, 0x00, 0x40, 0x00, 0x00, 0x35, 0x01, 0x02, 0x00, 
0x0b, 0x01, 0x14, 0x00, 0x0c, 0x01, 0x14, 0x00, 0x0a, 0x01, 0x14, 0x00, 0x06, 0x40, 0x00, 0x00, 
0x01, 0x00, 0x00, 0x00, 0x05, 0x40, 0x00, 0x00, 0xf0, 0x13, 0x00, 0x00, 0x04, 0x40, 0x00, 0x00, 
0xe8, 0x00, 0x00, 0x00, 0x09, 0x01, 0x93, 0xff, 0x05, 0x01, 0x01, 0x00, 0x10, 0x40, 0x00, 0x00, 
0xc0, 0x11, 0x04, 0x00, 0x16, 0x40, 0x00, 0x00, 0xa0, 0x00, 0x00, 0x00, 0x15, 0x40, 0x00, 0x00, 
0xa0, 0x00, 0x00, 0x00, 0x14, 0x40, 0x00, 0x00, 0x10, 0x00, 0x00, 0x00, 0x14, 0x01, 0x41, 0x00, 
0x21, 0x01, 0x02, 0x00, 0x20, 0x01, 0x02, 0x00, 0x22, 0x01, 0x07, 0x00, 0x20, 0x40, 0x00, 0x00, 
0x80, 0xec, 0x00, 0x00, 0x22, 0x40, 0x00, 0x00, 0x70, 0xec, 0x00, 0x00, 0x16, 0x01, 0x05, 0x00, 
0x15, 0x01, 0x09, 0x00, 0x17, 0x01, 0x07, 0x00, 0x2f, 0x01, 0x03, 0x00, 0x02, 0x00, 0x00, 0x00, 
0x00, 0x40, 0x00, 0x00, 0xc0, 0x11, 0x04, 0x00, 0x0b, 0x01, 0x09, 0x00, 0x0c, 0x01, 0x09, 0x00, 
0x0a, 0x01, 0x09, 0x00, 0x06, 0x40, 0x00, 0x00, 0xa0, 0x00, 0x00, 0x00, 0x05, 0x40, 0x00, 0x00, 
0xa0, 0x00, 0x00, 0x00, 0x04, 0x40, 0x00, 0x00, 0x10, 0x00, 0x00, 0x00, 0x09, 0x01, 0xf3, 0xff, 
0x05, 0x01, 0x41, 0x00, 0x10, 0x40, 0x00, 0x00, 0xd5, 0xb7, 0x03, 0x00, 0x16, 0x40, 0x00, 0x00, 
0x01, 0x00, 0x00, 0x00, 0x15, 0x40, 0x00, 0x00, 0x10, 0x09, 0x00, 0x00, 0x14, 0x40, 0x00, 0x00, 
0xe8, 0x00, 0x00, 0x00, 0x14, 0x01, 0x01, 0x81, 0x21, 0x01, 0x00, 0x00, 0x20, 0x01, 0x00, 0x00, 
0x22, 0x01, 0x00, 0x00, 0x16, 0x01, 0x03, 0x00, 0x15, 0x01, 0x03, 0x00, 0x17, 0x01, 0x7f, 0x00, 
0x2f, 0x01, 0x01, 0x00, 0x05, 0x00, 0x01, 0x00, 0x00, 0x40, 0x00, 0x00, 0x36, 0x01, 0x02, 0x00, 
0x0b, 0x01, 0x14, 0x00, 0x0c, 0x01, 0x14, 0x00, 0x0a, 0x01, 0x14, 0x00, 0x06, 0x40, 0x00, 0x00, 
0x01, 0x00, 0x00, 0x00, 0x05, 0x40, 0x00, 0x00, 0xf0, 0x13, 0x00, 0x00, 0x04, 0x40, 0x00, 0x00, 
0xe8, 0x00, 0x00, 0x00, 0x09, 0x01, 0x93, 0xff, 0x05, 0x01, 0x01, 0x00, 0x10, 0x40, 0x00, 0x00, 
0xc0, 0x11, 0x04, 0x00, 0x16, 0x40, 0x00, 0x00, 0xa0, 0x00, 0x00, 0x00, 0x15, 0x40, 0x00, 0x00, 
0xa0, 0x00, 0x00, 0x00, 0x14, 0x40, 0x00, 0x00, 0x10, 0x00, 0x00, 0x00, 0x14, 0x01, 0x41, 0x00, 
0x21, 0x01, 0x02, 0x00, 0x20, 0x01, 0x02, 0x00, 0x22, 0x01, 0x07, 0x00, 0x20, 0x40, 0x00, 0x00, 
0xc0, 0xec, 0x00, 0x00, 0x22, 0x40, 0x00, 0x00, 0xb0, 0xec, 0x00, 0x00, 0x16, 0x01, 0x05, 0x00, 
0x15, 0x01, 0x09, 0x00, 0x17, 0x01, 0x07, 0x00, 0x2f, 0x01, 0x03, 0x00, 0x02, 0x00, 0x00, 0x00, 
0x00, 0x40, 0x00, 0x00, 0xc0, 0x11, 0x04, 0x00, 0x0b, 0x01, 0x09, 0x00, 0x0c, 0x01, 0x09, 0x00, 
0x0a, 0x01, 0x09, 0x00, 0x06, 0x40, 0x00, 0x00, 0xa0, 0x00, 0x00, 0x00, 0x05, 0x40, 0x00, 0x00, 
0xa0, 0x00, 0x00, 0x00, 0x04, 0x40, 0x00, 0x00, 0x10, 0x00, 0x00, 0x00, 0x09, 0x01, 0xf3, 0xff, 
0x05, 0x01, 0x41, 0x00, 0x10, 0x40, 0x00, 0x00, 0xd6, 0xb7, 0x03, 0x00, 0x16, 0x40, 0x00, 0x00, 
0x01, 0x00, 0x00, 0x00, 0x15, 0x40, 0x00, 0x00, 0x10, 0x09, 0x00, 0x00, 0x14, 0x40, 0x00, 0x00, 
0xe8, 0x00, 0x00, 0x00, 0x14, 0x01, 0x01, 0x81, 0x21, 0x01, 0x00, 0x00, 0x20, 0x01, 0x00, 0x00, 
0x22, 0x01, 0x00, 0x00, 0x16, 0x01, 0x03, 0x00, 0x15, 0x01, 0x03, 0x00, 0x17, 0x01, 0x7f, 0x00, 
0x2f, 0x01, 0x01, 0x00, 0x05, 0x00, 0x01, 0x00, 0x00, 0x40, 0x00, 0x00, 0x37, 0x01, 0x02, 0x00, 
0x0b, 0x01, 0x14, 0x00, 0x0c, 0x01, 0x14, 0x00, 0x0a, 0x01, 0x14, 0x00, 0x06, 0x40, 0x00, 0x00, 
0x01, 0x00, 0x00, 0x00, 0x05, 0x40, 0x00, 0x00, 0xf0, 0x13, 0x00, 0x00, 0x04, 0x40, 0x00, 0x00, 
0xe8, 0x00, 0x00, 0x00, 0x09, 0x01, 0x93, 0xff, 0x05, 0x01, 0x01, 0x00, 0x10, 0x40, 0x00, 0x00, 
0xc0, 0x11, 0x04, 0x00, 0x16, 0x40, 0x00, 0x00, 0xa0, 0x00, 0x00, 0x00, 0x15, 0x40, 0x00, 0x00, 
0xa0, 0x00, 0x00, 0x00, 0x14, 0x40, 0x00, 0x00, 0x10, 0x00, 0x00, 0x00, 0x14, 0x01, 0x41, 0x00, 
0x21, 0x01, 0x02, 0x00, 0x20, 0x01, 0x02, 0x00, 0x22, 0x01, 0x07, 0x00, 0x20, 0x40, 0x00, 0x00, 
0x00, 0xed, 0x00, 0x00, 0x22, 0x40, 0x00, 0x00, 0xf0, 0xec, 0x00, 0x00, 0x16, 0x01, 0x05, 0x00, 
0x15, 0x01, 0x09, 0x00, 0x17, 0x01, 0x07, 0x00, 0x2f, 0x01, 0x03, 0x00, 0x02, 0x00, 0x00, 0x00, 
0x00, 0x40, 0x00, 0x00, 0xc0, 0x11, 0x04, 0x00, 0x0b, 0x01, 0x09, 0x00, 0x0c, 0x01, 0x09, 0x00, 
0x0a, 0x01, 0x09, 0x00, 0x06, 0x40, 0x00, 0x00, 0xa0, 0x00, 0x00, 0x00, 0x05, 0x40, 0x00, 0x00, 
0xa0, 0x00, 0x00, 0x00, 0x04, 0x40, 0x00, 0x00, 0x10, 0x00, 0x00, 0x00, 0x09, 0x01, 0xf3, 0xff, 
0x05, 0x01, 0x41, 0x00, 0x10, 0x40, 0x00, 0x00, 0xd7, 0xb7, 0x03, 0x00, 0x16, 0x40, 0x00, 0x00, 
0x01, 0x00, 0x00, 0x00, 0x15, 0x40, 0x00, 0x00, 0x10, 0x09, 0x00, 0x00, 0x14, 0x40, 0x00, 0x00, 
0xe8, 0x00, 0x00, 0x00, 0x14, 0x01, 0x01, 0x81, 0x21, 0x01, 0x00, 0x00, 0x20, 0x01, 0x00, 0x00, 
0x22, 0x01, 0x00, 0x00, 0x16, 0x01, 0x03, 0x00, 0x15, 0x01, 0x03, 0x00, 0x17, 0x01, 0x7f, 0x00, 
0x2f, 0x01, 0x01, 0x00, 0x05, 0x00, 0x01, 0x00, 0x00, 0x40, 0x00, 0x00, 0x38, 0x01, 0x02, 0x00, 
0x0b, 0x01, 0x14, 0x00, 0x0c, 0x01, 0x14, 0x00, 0x0a, 0x01, 0x14, 0x00, 0x06, 0x40, 0x00, 0x00, 
0x01, 0x00, 0x00, 0x00, 0x05, 0x40, 0x00, 0x00, 0xf0, 0x13, 0x00, 0x00, 0x04, 0x40, 0x00, 0x00, 
0xe8, 0x00, 0x00, 0x00, 0x09, 0x01, 0x93, 0xff, 0x05, 0x01, 0x01, 0x00, 0x10, 0x40, 0x00, 0x00, 
0xc0, 0x11, 0x04, 0x00, 0x16, 0x40, 0x00, 0x00, 0xa0, 0x00, 0x00, 0x00, 0x15, 0x40, 0x00, 0x00, 
0xa0, 0x00, 0x00, 0x00, 0x14, 0x40, 0x00, 0x00, 0x10, 0x00, 0x00, 0x00, 0x14, 0x01, 0x41, 0x00, 
0x21, 0x01, 0x02, 0x00, 0x20, 0x01, 0x02, 0x00, 0x22, 0x01, 0x07, 0x00, 0x20, 0x40, 0x00, 0x00, 
0x40, 0xed, 0x00, 0x00, 0x22, 0x40, 0x00, 0x00, 0x30, 0xed, 0x00, 0x00, 0x16, 0x01, 0x05, 0x00, 
0x15, 0x01, 0x09, 0x00, 0x17, 0x01, 0x07, 0x00, 0x2f, 0x01, 0x03, 0x00, 0x02, 0x00, 0x00, 0x00, 
0x00, 0x40, 0x00, 0x00, 0xc0, 0x11, 0x04, 0x00, 0x0b, 0x01, 0x09, 0x00, 0x0c, 0x01, 0x09, 0x00, 
0x0a, 0x01, 0x09, 0x00, 0x06, 0x40, 0x00, 0x00, 0xa0, 0x00, 0x00, 0x00, 0x05, 0x40, 0x00, 0x00, 
0xa0, 0x00, 0x00, 0x00, 0x04, 0x40, 0x00, 0x00, 0x10, 0x00, 0x00, 0x00, 0x09, 0x01, 0xf3, 0xff, 
0x05, 0x01, 0x41, 0x00, 0x10, 0x40, 0x00, 0x00, 0xd8, 0xb7, 0x03, 0x00, 0x16, 0x40, 0x00, 0x00, 
0x01, 0x00, 0x00, 0x00, 0x15, 0x40, 0x00, 0x00, 0x10, 0x09, 0x00, 0x00, 0x14, 0x40, 0x00, 0x00, 
0xe8, 0x00, 0x00, 0x00, 0x14, 0x01, 0x01, 0x81, 0x21, 0x01, 0x00, 0x00, 0x20, 0x01, 0x00, 0x00, 
0x22, 0x01, 0x00, 0x00, 0x16, 0x01, 0x03, 0x00, 0x15, 0x01, 0x03, 0x00, 0x17, 0x01, 0x7f, 0x00, 
0x2f, 0x01, 0x01, 0x00, 0x05, 0x00, 0x01, 0x00, 0x00, 0x40, 0x00, 0x00, 0x39, 0x01, 0x02, 0x00, 
0x0b, 0x01, 0x14, 0x00, 0x0c, 0x01, 0x14, 0x00, 0x0a, 0x01, 0x14, 0x00, 0x06, 0x40, 0x00, 0x00, 
0x01, 0x00, 0x00, 0x00, 0x05, 0x40, 0x00, 0x00, 0xf0, 0x13, 0x00, 0x00, 0x04, 0x40, 0x00, 0x00, 
0xe8, 0x00, 0x00, 0x00, 0x09, 0x01, 0x93, 0xff, 0x05, 0x01, 0x01, 0x00, 0x10, 0x40, 0x00, 0x00, 
0xc0, 0x11, 0x04, 0x00, 0x16, 0x40, 0x00, 0x00, 0xa0, 0x00, 0x00, 0x00, 0x15, 0x40, 0x00, 0x00, 
0xa0, 0x00, 0x00, 0x00, 0x14, 0x40, 0x00, 0x00, 0x10, 0x00, 0x00, 0x00, 0x14, 0x01, 0x41, 0x00, 
0x21, 0x01, 0x02, 0x00, 0x20, 0x01, 0x02, 0x00, 0x22, 0x01, 0x07, 0x00, 0x20, 0x40, 0x00, 0x00, 
0x80, 0xed, 0x00, 0x00, 0x22, 0x40, 0x00, 0x00, 0x70, 0xed, 0x00, 0x00, 0x16, 0x01, 0x05, 0x00, 
0x15, 0x01, 0x09, 0x00, 0x17, 0x01, 0x07, 0x00, 0x2f, 0x01, 0x03, 0x00, 0x02, 0x00, 0x00, 0x00, 
0x00, 0x40, 0x00, 0x00, 0xc0, 0x11, 0x04, 0x00, 0x0b, 0x01, 0x09, 0x00, 0x0c, 0x01, 0x09, 0x00, 
0x0a, 0x01, 0x09, 0x00, 0x06, 0x40, 0x00, 0x00, 0xa0, 0x00, 0x00, 0x00, 0x05, 0x40, 0x00, 0x00, 
0xa0, 0x00, 0x00, 0x00, 0x04, 0x40, 0x00, 0x00, 0x10, 0x00, 0x00, 0x00, 0x09, 0x01, 0xf3, 0xff, 
0x05, 0x01, 0x41, 0x00, 0x10, 0x40, 0x00, 0x00, 0xd9, 0xb7, 0x03, 0x00, 0x16, 0x40, 0x00, 0x00, 
0x01, 0x00, 0x00, 0x00, 0x15, 0x40, 0x00, 0x00, 0x10, 0x09, 0x00, 0x00, 0x14, 0x40, 0x00, 0x00, 
0xe8, 0x00, 0x00, 0x00, 0x14, 0x01, 0x01, 0x81, 0x21, 0x01, 0x00, 0x00, 0x20, 0x01, 0x00, 0x00, 
0x22, 0x01, 0x00, 0x00, 0x16, 0x01, 0x03, 0x00, 0x15, 0x01, 0x03, 0x00, 0x17, 0x01, 0x7f, 0x00, 
0x2f, 0x01, 0x01, 0x00, 0x05, 0x00, 0x01, 0x00, 0x00, 0x40, 0x00, 0x00, 0x3a, 0x01, 0x02, 0x00, 
0x0b, 0x01, 0x14, 0x00, 0x0c, 0x01, 0x14, 0x00, 0x0a, 0x01, 0x14, 0x00, 0x06, 0x40, 0x00, 0x00, 
0x01, 0x00, 0x00, 0x00, 0x05, 0x40, 0x00, 0x00, 0xf0, 0x13, 0x00, 0x00, 0x04, 0x40, 0x00, 0x00, 
0xe8, 0x00, 0x00, 0x00, 0x09, 0x01, 0x93, 0xff, 0x05, 0x01, 0x01, 0x00, 0x10, 0x40, 0x00, 0x00, 
0xc0, 0x11, 0x04, 0x00, 0x16, 0x40, 0x00, 0x00, 0xa0, 0x00, 0x00, 0x00, 0x15, 0x40, 0x00, 0x00, 
0xa0, 0x00, 0x00, 0x00, 0x14, 0x40, 0x00, 0x00, 0x10, 0x00, 0x00, 0x00, 0x14, 0x01, 0x41, 0x00, 
0x21, 0x01, 0x02, 0x00, 0x20, 0x01, 0x02, 0x00, 0x22, 0x01, 0x07, 0x00, 0x20, 0x40, 0x00, 0x00, 
0xc0, 0xed, 0x00, 0x00, 0x22, 0x40, 0x00, 0x00, 0xb0, 0xed, 0x00, 0x00, 0x16, 0x01, 0x05, 0x00, 
0x15, 0x01, 0x09, 0x00, 0x17, 0x01, 0x07, 0x00, 0x2f, 0x01, 0x03, 0x00, 0x02, 0x00, 0x00, 0x00, 
0x00, 0x40, 0x00, 0x00, 0xc0, 0x11, 0x04, 0x00, 0x0b, 0x01, 0x09, 0x00, 0x0c, 0x01, 0x09, 0x00, 
0x0a, 0x01, 0x09, 0x00, 0x06, 0x40, 0x00, 0x00, 0xa0, 0x00, 0x00, 0x00, 0x05, 0x40, 0x00, 0x00, 
0xa0, 0x00, 0x00, 0x00, 0x04, 0x40, 0x00, 0x00, 0x10, 0x00, 0x00, 0x00, 0x09, 0x01, 0xf3, 0xff, 
0x05, 0x01, 0x41, 0x00, 0x10, 0x40, 0x00, 0x00, 0xda, 0xb7, 0x03, 0x00, 0x16, 0x40, 0x00, 0x00, 
0x01, 0x00, 0x00, 0x00, 0x15, 0x40, 0x00, 0x00, 0x10, 0x09, 0x00, 0x00, 0x14, 0x40, 0x00, 0x00, 
0xe8, 0x00, 0x00, 0x00, 0x14, 0x01, 0x01, 0x81, 0x21, 0x01, 0x00, 0x00, 0x20, 0x01, 0x00, 0x00, 
0x22, 0x01, 0x00, 0x00, 0x16, 0x01, 0x03, 0x00, 0x15, 0x01, 0x03, 0x00, 0x17, 0x01, 0x7f, 0x00, 
0x2f, 0x01, 0x01, 0x00, 0x05, 0x00, 0x01, 0x00, 0x00, 0x40, 0x00, 0x00, 0x3b, 0x01, 0x02, 0x00, 
0x0b, 0x01, 0x14, 0x00, 0x0c, 0x01, 0x14, 0x00, 0x0a, 0x01, 0x14, 0x00, 0x06, 0x40, 0x00, 0x00, 
0x01, 0x00, 0x00, 0x00, 0x05, 0x40, 0x00, 0x00, 0xf0, 0x13, 0x00, 0x00, 0x04, 0x40, 0x00, 0x00, 
0xe8, 0x00, 0x00, 0x00, 0x09, 0x01, 0x93, 0xff, 0x05, 0x01, 0x01, 0x00, 0x10, 0x40, 0x00, 0x00, 
0xc0, 0x11, 0x04, 0x00, 0x16, 0x40, 0x00, 0x00, 0xa0, 0x00, 0x00, 0x00, 0x15, 0x40, 0x00, 0x00, 
0xa0, 0x00, 0x00, 0x00, 0x14, 0x40, 0x00, 0x00, 0x10, 0x00, 0x00, 0x00, 0x14, 0x01, 0x41, 0x00, 
0x21, 0x01, 0x02, 0x00, 0x20, 0x01, 0x02, 0x00, 0x22, 0x01, 0x07, 0x00, 0x20, 0x40, 0x00, 0x00, 
0x00, 0xee, 0x00, 0x00, 0x22, 0x40, 0x00, 0x00, 0xf0, 0xed, 0x00, 0x00, 0x16, 0x01, 0x05, 0x00, 
0x15, 0x01, 0x09, 0x00, 0x17, 0x01, 0x07, 0x00, 0x2f, 0x01, 0x03, 0x00, 0x02, 0x00, 0x00, 0x00, 
0x00, 0x40, 0x00, 0x00, 0xc0, 0x11, 0x04, 0x00, 0x0b, 0x01, 0x09, 0x00, 0x0c, 0x01, 0x09, 0x00, 
0x0a, 0x01, 0x09, 0x00, 0x06, 0x40, 0x00, 0x00, 0xa0, 0x00, 0x00, 0x00, 0x05, 0x40, 0x00, 0x00, 
0xa0, 0x00, 0x00, 0x00, 0x04, 0x40, 0x00, 0x00, 0x10, 0x00, 0x00, 0x00, 0x09, 0x01, 0xf3, 0xff, 
0x05, 0x01, 0x41, 0x00, 0x10, 0x40, 0x00, 0x00, 0xdb, 0xb7, 0x03, 0x00, 0x16, 0x40, 0x00, 0x00, 
0x01, 0x00, 0x00, 0x00, 0x15, 0x40, 0x00, 0x00, 0x10, 0x09, 0x00, 0x00, 0x14, 0x40, 0x00, 0x00, 
0xe8, 0x00, 0x00, 0x00, 0x14, 0x01, 0x01, 0x81, 0x21, 0x01, 0x00, 0x00, 0x20, 0x01, 0x00, 0x00, 
0x22, 0x01, 0x00, 0x00, 0x16, 0x01, 0x03, 0x00, 0x15, 0x01, 0x03, 0x00, 0x17, 0x01, 0x7f, 0x00, 
0x2f, 0x01, 0x01, 0x00, 0x05, 0x00, 0x01, 0x00, 0x00, 0x40, 0x00, 0x00, 0x3c, 0x01, 0x02, 0x00, 
0x0b, 0x01, 0x14, 0x00, 0x0c, 0x01, 0x14, 0x00, 0x0a, 0x01, 0x14, 0x00, 0x06, 0x40, 0x00, 0x00, 
0x01, 0x00, 0x00, 0x00, 0x05, 0x40, 0x00, 0x00, 0xf0, 0x13, 0x00, 0x00, 0x04, 0x40, 0x00, 0x00, 
0xe8, 0x00, 0x00, 0x00, 0x09, 0x01, 0x93, 0xff, 0x05, 0x01, 0x01, 0x00, 0x10, 0x40, 0x00, 0x00, 
0xc0, 0x11, 0x04, 0x00, 0x16, 0x40, 0x00, 0x00, 0xa0, 0x00, 0x00, 0x00, 0x15, 0x40, 0x00, 0x00, 
0xa0, 0x00, 0x00, 0x00, 0x14, 0x40, 0x00, 0x00, 0x10, 0x00, 0x00, 0x00, 0x14, 0x01, 0x41, 0x00, 
0x21, 0x01, 0x02, 0x00, 0x20, 0x01, 0x02, 0x00, 0x22, 0x01, 0x07, 0x00, 0x20, 0x40, 0x00, 0x00, 
0x40, 0xee, 0x00, 0x00, 0x22, 0x40, 0x00, 0x00, 0x30, 0xee, 0x00, 0x00, 0x16, 0x01, 0x05, 0x00, 
0x15, 0x01, 0x09, 0x00, 0x17, 0x01, 0x07, 0x00, 0x2f, 0x01, 0x03, 0x00, 0x02, 0x00, 0x00, 0x00, 
0x00, 0x40, 0x00, 0x00, 0xc0, 0x11, 0x04, 0x00, 0x0b, 0x01, 0x09, 0x00, 0x0c, 0x01, 0x09, 0x00, 
0x0a, 0x01, 0x09, 0x00, 0x06, 0x40, 0x00, 0x00, 0xa0, 0x00, 0x00, 0x00, 0x05, 0x40, 0x00, 0x00, 
0xa0, 0x00, 0x00, 0x00, 0x04, 0x40, 0x00, 0x00, 0x10, 0x00, 0x00, 0x00, 0x09, 0x01, 0xf3, 0xff, 
0x05, 0x01, 0x41, 0x00, 0x10, 0x40, 0x00, 0x00, 0xdc, 0xb7, 0x03, 0x00, 0x16, 0x40, 0x00, 0x00, 
0x01, 0x00, 0x00, 0x00, 0x15, 0x40, 0x00, 0x00, 0x10, 0x09, 0x00, 0x00, 0x14, 0x40, 0x00, 0x00, 
0xe8, 0x00, 0x00, 0x00, 0x14, 0x01, 0x01, 0x81, 0x21, 0x01, 0x00, 0x00, 0x20, 0x01, 0x00, 0x00, 
0x22, 0x01, 0x00, 0x00, 0x16, 0x01, 0x03, 0x00, 0x15, 0x01, 0x03, 0x00, 0x17, 0x01, 0x7f, 0x00, 
0x2f, 0x01, 0x01, 0x00, 0x05, 0x00, 0x01, 0x00, 0x00, 0x40, 0x00, 0x00, 0x3d, 0x01, 0x02, 0x00, 
0x0b, 0x01, 0x14, 0x00, 0x0c, 0x01, 0x14, 0x00, 0x0a, 0x01, 0x14, 0x00, 0x06, 0x40, 0x00, 0x00, 
0x01, 0x00, 0x00, 0x00, 0x05, 0x40, 0x00, 0x00, 0xf0, 0x13, 0x00, 0x00, 0x04, 0x40, 0x00, 0x00, 
0xe8, 0x00, 0x00, 0x00, 0x09, 0x01, 0x93, 0xff, 0x05, 0x01, 0x01, 0x00, 0x10, 0x40, 0x00, 0x00, 
0xc0, 0x11, 0x04, 0x00, 0x16, 0x40, 0x00, 0x00, 0xa0, 0x00, 0x00, 0x00, 0x15, 0x40, 0x00, 0x00, 
0xa0, 0x00, 0x00, 0x00, 0x14, 0x40, 0x00, 0x00, 0x10, 0x00, 0x00, 0x00, 0x14, 0x01, 0x41, 0x00, 
0x21, 0x01, 0x02, 0x00, 0x20, 0x01, 0x02, 0x00, 0x22, 0x01, 0x07, 0x00, 0x20, 0x40, 0x00, 0x00, 
0x80, 0xee, 0x00, 0x00, 0x22, 0x40, 0x00, 0x00, 0x70, 0xee, 0x00, 0x00, 0x16, 0x01, 0x05, 0x00, 
0x15, 0x01, 0x09, 0x00, 0x17, 0x01, 0x07, 0x00, 0x2f, 0x01, 0x03, 0x00, 0x02, 0x00, 0x00, 0x00, 
0x00, 0x40, 0x00, 0x00, 0xc0, 0x11, 0x04, 0x00, 0x0b, 0x01, 0x09, 0x00, 0x0c, 0x01, 0x09, 0x00, 
0x0a, 0x01, 0x09, 0x00, 0x06, 0x40, 0x00, 0x00, 0xa0, 0x00, 0x00, 0x00, 0x05, 0x40, 0x00, 0x00, 
0xa0, 0x00, 0x00, 0x00, 0x04, 0x40, 0x00, 0x00, 0x10, 0x00, 0x00, 0x00, 0x09, 0x01, 0xf3, 0xff, 
0x05, 0x01, 0x41, 0x00, 0x10, 0x40, 0x00, 0x00, 0xdd, 0xb7, 0x03, 0x00, 0x16, 0x40, 0x00, 0x00, 
0x01, 0x00, 0x00, 0x00, 0x15, 0x40, 0x00, 0x00, 0x10, 0x09, 0x00, 0x00, 0x14, 0x40, 0x00, 0x00, 
0xe8, 0x00, 0x00, 0x00, 0x14, 0x01, 0x01, 0x81, 0x21, 0x01, 0x00, 0x00, 0x20, 0x01, 0x00, 0x00, 
0x22, 0x01, 0x00, 0x00, 0x16, 0x01, 0x03, 0x00, 0x15, 0x01, 0x03, 0x00, 0x17, 0x01, 0x7f, 0x00, 
0x2f, 0x01, 0x01, 0x00, 0x05, 0x00, 0x01, 0x00, 0x00, 0x40, 0x00, 0x00, 0x3e, 0x01, 0x02, 0x00, 
0x0b, 0x01, 0x14, 0x00, 0x0c, 0x01, 0x14, 0x00, 0x0a, 0x01, 0x14, 0x00, 0x06, 0x40, 0x00, 0x00, 
0x01, 0x00, 0x00, 0x00, 0x05, 0x40, 0x00, 0x00, 0xf0, 0x13, 0x00, 0x00, 0x04, 0x40, 0x00, 0x00, 
0xe8, 0x00, 0x00, 0x00, 0x09, 0x01, 0x93, 0xff, 0x05, 0x01, 0x01, 0x00, 0x10, 0x40, 0x00, 0x00, 
0xc0, 0x11, 0x04, 0x00, 0x16, 0x40, 0x00, 0x00, 0xa0, 0x00, 0x00, 0x00, 0x15, 0x40, 0x00, 0x00, 
0xa0, 0x00, 0x00, 0x00, 0x14, 0x40, 0x00, 0x00, 0x10, 0x00, 0x00, 0x00, 0x14, 0x01, 0x41, 0x00, 
0x21, 0x01, 0x02, 0x00, 0x20, 0x01, 0x02, 0x00, 0x22, 0x01, 0x07, 0x00, 0x20, 0x40, 0x00, 0x00, 
0xc0, 0xee, 0x00, 0x00, 0x22, 0x40, 0x00, 0x00, 0xb0, 0xee, 0x00, 0x00, 0x16, 0x01, 0x05, 0x00, 
0x15, 0x01, 0x09, 0x00, 0x17, 0x01, 0x07, 0x00, 0x2f, 0x01, 0x03, 0x00, 0x02, 0x00, 0x00, 0x00, 
0x00, 0x40, 0x00, 0x00, 0xc0, 0x11, 0x04, 0x00, 0x0b, 0x01, 0x09, 0x00, 0x0c, 0x01, 0x09, 0x00, 
0x0a, 0x01, 0x09, 0x00, 0x06, 0x40, 0x00, 0x00, 0xa0, 0x00, 0x00, 0x00, 0x05, 0x40, 0x00, 0x00, 
0xa0, 0x00, 0x00, 0x00, 0x04, 0x40, 0x00, 0x00, 0x10, 0x00, 0x00, 0x00, 0x09, 0x01, 0xf3, 0xff, 
0x05, 0x01, 0x41, 0x00, 0x10, 0x40, 0x00, 0x00, 0xde, 0xb7, 0x03, 0x00, 0x16, 0x40, 0x00, 0x00, 
0x01, 0x00, 0x00, 0x00, 0x15, 0x40, 0x00, 0x00, 0x10, 0x09, 0x00, 0x00, 0x14, 0x40, 0x00, 0x00, 
0xe8, 0x00, 0x00, 0x00, 0x14, 0x01, 0x01, 0x81, 0x21, 0x01, 0x00, 0x00, 0x20, 0x01, 0x00, 0x00, 
0x22, 0x01, 0x00, 0x00, 0x16, 0x01, 0x03, 0x00, 0x15, 0x01, 0x03, 0x00, 0x17, 0x01, 0x7f, 0x00, 
0x2f, 0x01, 0x01, 0x00, 0x05, 0x00, 0x01, 0x00, 0x00, 0x40, 0x00, 0x00, 0x3f, 0x01, 0x02, 0x00, 
0x0b, 0x01, 0x14, 0x00, 0x0c, 0x01, 0x14, 0x00, 0x0a, 0x01, 0x14, 0x00, 0x06, 0x40, 0x00, 0x00, 
0x01, 0x00, 0x00, 0x00, 0x05, 0x40, 0x00, 0x00, 0xf0, 0x13, 0x00, 0x00, 0x04, 0x40, 0x00, 0x00, 
0xe8, 0x00, 0x00, 0x00, 0x09, 0x01, 0x93, 0xff, 0x05, 0x01, 0x01, 0x00, 0x10, 0x40, 0x00, 0x00, 
0xc0, 0x11, 0x04, 0x00, 0x16, 0x40, 0x00, 0x00, 0xa0, 0x00, 0x00, 0x00, 0x15, 0x40, 0x00, 0x00, 
0xa0, 0x00, 0x00, 0x00, 0x14, 0x40, 0x00, 0x00, 0x10, 0x00, 0x00, 0x00, 0x14, 0x01, 0x41, 0x00, 
0x21, 0x01, 0x02, 0x00, 0x20, 0x01, 0x02, 0x00, 0x22, 0x01, 0x07, 0x00, 0x20, 0x40, 0x00, 0x00, 
0x00, 0xef, 0x00, 0x00, 0x22, 0x40, 0x00, 0x00, 0xf0, 0xee, 0x00, 0x00, 0x16, 0x01, 0x05, 0x00, 
0x15, 0x01, 0x09, 0x00, 0x17, 0x01, 0x07, 0x00, 0x2f, 0x01, 0x03, 0x00, 0x02, 0x00, 0x00, 0x00, 
0x00, 0x40, 0x00, 0x00, 0xc0, 0x11, 0x04, 0x00, 0x0b, 0x01, 0x09, 0x00, 0x0c, 0x01, 0x09, 0x00, 
0x0a, 0x01, 0x09, 0x00, 0x06, 0x40, 0x00, 0x00, 0xa0, 0x00, 0x00, 0x00, 0x05, 0x40, 0x00, 0x00, 
0xa0, 0x00, 0x00, 0x00, 0x04, 0x40, 0x00, 0x00, 0x10, 0x00, 0x00, 0x00, 0x09, 0x01, 0xf3, 0xff, 
0x05, 0x01, 0x41, 0x00, 0x10, 0x40, 0x00, 0x00, 0xdf, 0xb7, 0x03, 0x00, 0x16, 0x40, 0x00, 0x00, 
0x01, 0x00, 0x00, 0x00, 0x15, 0x40, 0x00, 0x00, 0x10, 0x09, 0x00, 0x00, 0x14, 0x40, 0x00, 0x00, 
0xe8, 0x00, 0x00, 0x00, 0x14, 0x01, 0x01, 0x81, 0x21, 0x01, 0x00, 0x00, 0x20, 0x01, 0x00, 0x00, 
0x22, 0x01, 0x00, 0x00, 0x16, 0x01, 0x03, 0x00, 0x15, 0x01, 0x03, 0x00, 0x17, 0x01, 0x7f, 0x00, 
0x2f, 0x01, 0x01, 0x00, 0x05, 0x00, 0x01, 0x00, 0x00, 0x40, 0x00, 0x00, 0x40, 0x01, 0x02, 0x00, 
0x0b, 0x01, 0x14, 0x00, 0x0c, 0x01, 0x14, 0x00, 0x0a, 0x01, 0x14, 0x00, 0x06, 0x40, 0x00, 0x00, 
0x01, 0x00, 0x00, 0x00, 0x05, 0x40, 0x00, 0x00, 0xf0, 0x13, 0x00, 0x00, 0x04, 0x40, 0x00, 0x00, 
0xe8, 0x00, 0x00, 0x00, 0x09, 0x01, 0x93, 0xff, 0x05, 0x01, 0x01, 0x00, 0x10, 0x40, 0x00, 0x00, 
0xc0, 0x11, 0x04, 0x00, 0x16, 0x40, 0x00, 0x00, 0xa0, 0x00, 0x00, 0x00, 0x15, 0x40, 0x00, 0x00, 
0xa0, 0x00, 0x00, 0x00, 0x14, 0x40, 0x00, 0x00, 0x10, 0x00, 0x00, 0x00, 0x14, 0x01, 0x41, 0x00, 
0x21, 0x01, 0x02, 0x00, 0x20, 0x01, 0x02, 0x00, 0x22, 0x01, 0x07, 0x00, 0x20, 0x40, 0x00, 0x00, 
0x40, 0xef, 0x00, 0x00, 0x22, 0x40, 0x00, 0x00, 0x30, 0xef, 0x00, 0x00, 0x16, 0x01, 0x05, 0x00, 
0x15, 0x01, 0x09, 0x00, 0x17, 0x01, 0x07, 0x00, 0x2f, 0x01, 0x03, 0x00, 0x02, 0x00, 0x00, 0x00, 
0x00, 0x40, 0x00, 0x00, 0xc0, 0x11, 0x04, 0x00, 0x0b, 0x01, 0x09, 0x00, 0x0c, 0x01, 0x09, 0x00, 
0x0a, 0x01, 0x09, 0x00, 0x06, 0x40, 0x00, 0x00, 0xa0, 0x00, 0x00, 0x00, 0x05, 0x40, 0x00, 0x00, 
0xa0, 0x00, 0x00, 0x00, 0x04, 0x40, 0x00, 0x00, 0x10, 0x00, 0x00, 0x00, 0x09, 0x01, 0xf3, 0xff, 
0x05, 0x01, 0x41, 0x00, 0x10, 0x40, 0x00, 0x00, 0xe0, 0xb7, 0x03, 0x00, 0x16, 0x40, 0x00, 0x00, 
0x01, 0x00, 0x00, 0x00, 0x15, 0x40, 0x00, 0x00, 0x10, 0x09, 0x00, 0x00, 0x14, 0x40, 0x00, 0x00, 
0xe8, 0x00, 0x00, 0x00, 0x14, 0x01, 0x01, 0x81, 0x21, 0x01, 0x00, 0x00, 0x20, 0x01, 0x00, 0x00, 
0x22, 0x01, 0x00, 0x00, 0x16, 0x01, 0x03, 0x00, 0x15, 0x01, 0x03, 0x00, 0x17, 0x01, 0x7f, 0x00, 
0x2f, 0x01, 0x01, 0x00, 0x05, 0x00, 0x01, 0x00, 0x00, 0x40, 0x00, 0x00, 0x41, 0x01, 0x02, 0x00, 
0x0b, 0x01, 0x14, 0x00, 0x0c, 0x01, 0x14, 0x00, 0x0a, 0x01, 0x14, 0x00, 0x06, 0x40, 0x00, 0x00, 
0x01, 0x00, 0x00, 0x00, 0x05, 0x40, 0x00, 0x00, 0xf0, 0x13, 0x00, 0x00, 0x04, 0x40, 0x00, 0x00, 
0xe8, 0x00, 0x00, 0x00, 0x09, 0x01, 0x93, 0xff, 0x05, 0x01, 0x01, 0x00, 0x10, 0x40, 0x00, 0x00, 
0xc0, 0x11, 0x04, 0x00, 0x16, 0x40, 0x00, 0x00, 0xa0, 0x00, 0x00, 0x00, 0x15, 0x40, 0x00, 0x00, 
0xa0, 0x00, 0x00, 0x00, 0x14, 0x40, 0x00, 0x00, 0x10, 0x00, 0x00, 0x00, 0x14, 0x01, 0x41, 0x00, 
0x21, 0x01, 0x02, 0x00, 0x20, 0x01, 0x02, 0x00, 0x22, 0x01, 0x07, 0x00, 0x20, 0x40, 0x00, 0x00, 
0x80, 0xef, 0x00, 0x00, 0x22, 0x40, 0x00, 0x00, 0x70, 0xef, 0x00, 0x00, 0x16, 0x01, 0x05, 0x00, 
0x15, 0x01, 0x09, 0x00, 0x17, 0x01, 0x07, 0x00, 0x2f, 0x01, 0x03, 0x00, 0x02, 0x00, 0x00, 0x00, 
0x00, 0x40, 0x00, 0x00, 0xc0, 0x11, 0x04, 0x00, 0x0b, 0x01, 0x09, 0x00, 0x0c, 0x01, 0x09, 0x00, 
0x0a, 0x01, 0x09, 0x00, 0x06, 0x40, 0x00, 0x00, 0xa0, 0x00, 0x00, 0x00, 0x05, 0x40, 0x00, 0x00, 
0xa0, 0x00, 0x00, 0x00, 0x04, 0x40, 0x00, 0x00, 0x10, 0x00, 0x00, 0x00, 0x09, 0x01, 0xf3, 0xff, 
0x05, 0x01, 0x41, 0x00, 0x10, 0x40, 0x00, 0x00, 0xe1, 0xb7, 0x03, 0x00, 0x16, 0x40, 0x00, 0x00, 
0x01, 0x00, 0x00, 0x00, 0x15, 0x40, 0x00, 0x00, 0x10, 0x09, 0x00, 0x00, 0x14, 0x40, 0x00, 0x00, 
0xe8, 0x00, 0x00, 0x00, 0x14, 0x01, 0x01, 0x81, 0x21, 0x01, 0x00, 0x00, 0x20, 0x01, 0x00, 0x00, 
0x22, 0x01, 0x00, 0x00, 0x16, 0x01, 0x03, 0x00, 0x15, 0x01, 0x03, 0x00, 0x17, 0x01, 0x7f, 0x00, 
0x2f, 0x01, 0x01, 0x00, 0x05, 0x00, 0x01, 0x00, 0x00, 0x40, 0x00, 0x00, 0x42, 0x01, 0x02, 0x00, 
0x0b, 0x01, 0x14, 0x00, 0x0c, 0x01, 0x14, 0x00, 0x0a, 0x01, 0x14, 0x00, 0x06, 0x40, 0x00, 0x00, 
0x01, 0x00, 0x00, 0x00, 0x05, 0x40, 0x00, 0x00, 0xf0, 0x13, 0x00, 0x00, 0x04, 0x40, 0x00, 0x00, 
0xe8, 0x00, 0x00, 0x00, 0x09, 0x01, 0x93, 0xff, 0x05, 0x01, 0x01, 0x00, 0x10, 0x40, 0x00, 0x00, 
0xc0, 0x11, 0x04, 0x00, 0x16, 0x40, 0x00, 0x00, 0xa0, 0x00, 0x00, 0x00, 0x15, 0x40, 0x00, 0x00, 
0xa0, 0x00, 0x00, 0x00, 0x14, 0x40, 0x00, 0x00, 0x10, 0x00, 0x00, 0x00, 0x14, 0x01, 0x41, 0x00, 
0x21, 0x01, 0x02, 0x00, 0x20, 0x01, 0x02, 0x00, 0x22, 0x01, 0x07, 0x00, 0x20, 0x40, 0x00, 0x00, 
0xc0, 0xef, 0x00, 0x00, 0x22, 0x40, 0x00, 0x00, 0xb0, 0xef, 0x00, 0x00, 0x16, 0x01, 0x05, 0x00, 
0x15, 0x01, 0x09, 0x00, 0x17, 0x01, 0x07, 0x00, 0x2f, 0x01, 0x03, 0x00, 0x02, 0x00, 0x00, 0x00, 
0x00, 0x40, 0x00, 0x00, 0xc0, 0x11, 0x04, 0x00, 0x0b, 0x01, 0x09, 0x00, 0x0c, 0x01, 0x09, 0x00, 
0x0a, 0x01, 0x09, 0x00, 0x06, 0x40, 0x00, 0x00, 0xa0, 0x00, 0x00, 0x00, 0x05, 0x40, 0x00, 0x00, 
0xa0, 0x00, 0x00, 0x00, 0x04, 0x40, 0x00, 0x00, 0x10, 0x00, 0x00, 0x00, 0x09, 0x01, 0xf3, 0xff, 
0x05, 0x01, 0x41, 0x00, 0x10, 0x40, 0x00, 0x00, 0xe2, 0xb7, 0x03, 0x00, 0x16, 0x40, 0x00, 0x00, 
0x01, 0x00, 0x00, 0x00, 0x15, 0x40, 0x00, 0x00, 0x10, 0x09, 0x00, 0x00, 0x14, 0x40, 0x00, 0x00, 
0xe8, 0x00, 0x00, 0x00, 0x14, 0x01, 0x01, 0x81, 0x21, 0x01, 0x00, 0x00, 0x20, 0x01, 0x00, 0x00, 
0x22, 0x01, 0x00, 0x00, 0x16, 0x01, 0x03, 0x00, 0x15, 0x01, 0x03, 0x00, 0x17, 0x01, 0x7f, 0x00, 
0x2f, 0x01, 0x01, 0x00, 0x05, 0x00, 0x01, 0x00, 0x00, 0x40, 0x00, 0x00, 0x43, 0x01, 0x02, 0x00, 
0x0b, 0x01, 0x14, 0x00, 0x0c, 0x01, 0x14, 0x00, 0x0a, 0x01, 0x14, 0x00, 0x06, 0x40, 0x00, 0x00, 
0x01, 0x00, 0x00, 0x00, 0x05, 0x40, 0x00, 0x00, 0xf0, 0x13, 0x00, 0x00, 0x04, 0x40, 0x00, 0x00, 
0xe8, 0x00, 0x00, 0x00, 0x09, 0x01, 0x93, 0xff, 0x05, 0x01, 0x01, 0x00, 0x10, 0x40, 0x00, 0x00, 
0xc0, 0x11, 0x04, 0x00, 0x16, 0x40, 0x00, 0x00, 0xa0, 0x00, 0x00, 0x00, 0x15, 0x40, 0x00, 0x00, 
0xa0, 0x00, 0x00, 0x00, 0x14, 0x40, 0x00, 0x00, 0x10, 0x00, 0x00, 0x00, 0x14, 0x01, 0x41, 0x00, 
0x21, 0x01, 0x02, 0x00, 0x20, 0x01, 0x02, 0x00, 0x22, 0x01, 0x07, 0x00, 0x20, 0x40, 0x00, 0x00, 
0x00, 0xf0, 0x00, 0x00, 0x22, 0x40, 0x00, 0x00, 0xf0, 0xef, 0x00, 0x00, 0x16, 0x01, 0x05, 0x00, 
0x15, 0x01, 0x09, 0x00, 0x17, 0x01, 0x07, 0x00, 0x2f, 0x01, 0x03, 0x00, 0x02, 0x00, 0x00, 0x00, 
0x00, 0x40, 0x00, 0x00, 0xc0, 0x11, 0x04, 0x00, 0x0b, 0x01, 0x09, 0x00, 0x0c, 0x01, 0x09, 0x00, 
0x0a, 0x01, 0x09, 0x00, 0x06, 0x40, 0x00, 0x00, 0xa0, 0x00, 0x00, 0x00, 0x05, 0x40, 0x00, 0x00, 
0xa0, 0x00, 0x00, 0x00, 0x04, 0x40, 0x00, 0x00, 0x10, 0x00, 0x00, 0x00, 0x09, 0x01, 0xf3, 0xff, 
0x05, 0x01, 0x41, 0x00, 0x10, 0x40, 0x00, 0x00, 0xe3, 0xb7, 0x03, 0x00, 0x16, 0x40, 0x00, 0x00, 
0x01, 0x00, 0x00, 0x00, 0x15, 0x40, 0x00, 0x00, 0x10, 0x09, 0x00, 0x00, 0x14, 0x40, 0x00, 0x00, 
0xe8, 0x00, 0x00, 0x00, 0x14, 0x01, 0x01, 0x81, 0x21, 0x01, 0x00, 0x00, 0x20, 0x01, 0x00, 0x00, 
0x22, 0x01, 0x00, 0x00, 0x16, 0x01, 0x03, 0x00, 0x15, 0x01, 0x03, 0x00, 0x17, 0x01, 0x7f, 0x00, 
0x2f, 0x01, 0x01, 0x00, 0x05, 0x00, 0x01, 0x00, 0x00, 0x40, 0x00, 0x00, 0x44, 0x01, 0x02, 0x00, 
0x0b, 0x01, 0x14, 0x00, 0x0c, 0x01, 0x14, 0x00, 0x0a, 0x01, 0x14, 0x00, 0x06, 0x40, 0x00, 0x00, 
0x01, 0x00, 0x00, 0x00, 0x05, 0x40, 0x00, 0x00, 0xf0, 0x13, 0x00, 0x00, 0x04, 0x40, 0x00, 0x00, 
0xe8, 0x00, 0x00, 0x00, 0x09, 0x01, 0x93, 0xff, 0x05, 0x01, 0x01, 0x00, 0x10, 0x40, 0x00, 0x00, 
0xc0, 0x11, 0x04, 0x00, 0x16, 0x40, 0x00, 0x00, 0xa0, 0x00, 0x00, 0x00, 0x15, 0x40, 0x00, 0x00, 
0xa0, 0x00, 0x00, 0x00, 0x14, 0x40, 0x00, 0x00, 0x10, 0x00, 0x00, 0x00, 0x14, 0x01, 0x41, 0x00, 
0x21, 0x01, 0x02, 0x00, 0x20, 0x01, 0x02, 0x00, 0x22, 0x01, 0x07, 0x00, 0x20, 0x40, 0x00, 0x00, 
0x40, 0xf0, 0x00, 0x00, 0x22, 0x40, 0x00, 0x00, 0x30, 0xf0, 0x00, 0x00, 0x16, 0x01, 0x05, 0x00, 
0x15, 0x01, 0x09, 0x00, 0x17, 0x01, 0x07, 0x00, 0x2f, 0x01, 0x03, 0x00, 0x02, 0x00, 0x00, 0x00, 
0x00, 0x40, 0x00, 0x00, 0xc0, 0x11, 0x04, 0x00, 0x0b, 0x01, 0x09, 0x00, 0x0c, 0x01, 0x09, 0x00, 
0x0a, 0x01, 0x09, 0x00, 0x06, 0x40, 0x00, 0x00, 0xa0, 0x00, 0x00, 0x00, 0x05, 0x40, 0x00, 0x00, 
0xa0, 0x00, 0x00, 0x00, 0x04, 0x40, 0x00, 0x00, 0x10, 0x00, 0x00, 0x00, 0x09, 0x01, 0xf3, 0xff, 
0x05, 0x01, 0x41, 0x00, 0x10, 0x40, 0x00, 0x00, 0xe4, 0xb7, 0x03, 0x00, 0x16, 0x40, 0x00, 0x00, 
0x01, 0x00, 0x00, 0x00, 0x15, 0x40, 0x00, 0x00, 0x10, 0x09, 0x00, 0x00, 0x14, 0x40, 0x00, 0x00, 
0xe8, 0x00, 0x00, 0x00, 0x14, 0x01, 0x01, 0x81, 0x21, 0x01, 0x00, 0x00, 0x20, 0x01, 0x00, 0x00, 
0x22, 0x01, 0x00, 0x00, 0x16, 0x01, 0x03, 0x00, 0x15, 0x01, 0x03, 0x00, 0x17, 0x01, 0x7f, 0x00, 
0x2f, 0x01, 0x01, 0x00, 0x05, 0x00, 0x01, 0x00, 0x00, 0x40, 0x00, 0x00, 0x45, 0x01, 0x02, 0x00, 
0x0b, 0x01, 0x14, 0x00, 0x0c, 0x01, 0x14, 0x00, 0x0a, 0x01, 0x14, 0x00, 0x06, 0x40, 0x00, 0x00, 
0x01, 0x00, 0x00, 0x00, 0x05, 0x40, 0x00, 0x00, 0xf0, 0x13, 0x00, 0x00, 0x04, 0x40, 0x00, 0x00, 
0xe8, 0x00, 0x00, 0x00, 0x09, 0x01, 0x93, 0xff, 0x05, 0x01, 0x01, 0x00, 0x10, 0x40, 0x00, 0x00, 
0xc0, 0x11, 0x04, 0x00, 0x16, 0x40, 0x00, 0x00, 0xa0, 0x00, 0x00, 0x00, 0x15, 0x40, 0x00, 0x00, 
0xa0, 0x00, 0x00, 0x00, 0x14, 0x40, 0x00, 0x00, 0x10, 0x00, 0x00, 0x00, 0x14, 0x01, 0x41, 0x00, 
0x21, 0x01, 0x02, 0x00, 0x20, 0x01, 0x02, 0x00, 0x22, 0x01, 0x07, 0x00, 0x20, 0x40, 0x00, 0x00, 
0x80, 0xf0, 0x00, 0x00, 0x22, 0x40, 0x00, 0x00, 0x70, 0xf0, 0x00, 0x00, 0x16, 0x01, 0x05, 0x00, 
0x15, 0x01, 0x09, 0x00, 0x17, 0x01, 0x07, 0x00, 0x2f, 0x01, 0x03, 0x00, 0x02, 0x00, 0x00, 0x00, 
0x00, 0x40, 0x00, 0x00, 0xc0, 0x11, 0x04, 0x00, 0x0b, 0x01, 0x09, 0x00, 0x0c, 0x01, 0x09, 0x00, 
0x0a, 0x01, 0x09, 0x00, 0x06, 0x40, 0x00, 0x00, 0xa0, 0x00, 0x00, 0x00, 0x05, 0x40, 0x00, 0x00, 
0xa0, 0x00, 0x00, 0x00, 0x04, 0x40, 0x00, 0x00, 0x10, 0x00, 0x00, 0x00, 0x09, 0x01, 0xf3, 0xff, 
0x05, 0x01, 0x41, 0x00, 0x10, 0x40, 0x00, 0x00, 0xe5, 0xb7, 0x03, 0x00, 0x16, 0x40, 0x00, 0x00, 
0x01, 0x00, 0x00, 0x00, 0x15, 0x40, 0x00, 0x00, 0x10, 0x09, 0x00, 0x00, 0x14, 0x40, 0x00, 0x00, 
0xe8, 0x00, 0x00, 0x00, 0x14, 0x01, 0x01, 0x81, 0x21, 0x01, 0x00, 0x00, 0x20, 0x01, 0x00, 0x00, 
0x22, 0x01, 0x00, 0x00, 0x16, 0x01, 0x03, 0x00, 0x15, 0x01, 0x03, 0x00, 0x17, 0x01, 0x7f, 0x00, 
0x2f, 0x01, 0x01, 0x00, 0x05, 0x00, 0x01, 0x00, 0x00, 0x40, 0x00, 0x00, 0x46, 0x01, 0x02, 0x00, 
0x0b, 0x01, 0x14, 0x00, 0x0c, 0x01, 0x14, 0x00, 0x0a, 0x01, 0x14, 0x00, 0x06, 0x40, 0x00, 0x00, 
0x01, 0x00, 0x00, 0x00, 0x05, 0x40, 0x00, 0x00, 0xf0, 0x13, 0x00, 0x00, 0x04, 0x40, 0x00, 0x00, 
0xe8, 0x00, 0x00, 0x00, 0x09, 0x01, 0x93, 0xff, 0x05, 0x01, 0x01, 0x00, 0x10, 0x40, 0x00, 0x00, 
0xc0, 0x11, 0x04, 0x00, 0x16, 0x40, 0x00, 0x00, 0xa0, 0x00, 0x00, 0x00, 0x15, 0x40, 0x00, 0x00, 
0xa0, 0x00, 0x00, 0x00, 0x14, 0x40, 0x00, 0x00, 0x10, 0x00, 0x00, 0x00, 0x14, 0x01, 0x41, 0x00, 
0x21, 0x01, 0x02, 0x00, 0x20, 0x01, 0x02, 0x00, 0x22, 0x01, 0x07, 0x00, 0x20, 0x40, 0x00, 0x00, 
0xc0, 0xf0, 0x00, 0x00, 0x22, 0x40, 0x00, 0x00, 0xb0, 0xf0, 0x00, 0x00, 0x16, 0x01, 0x05, 0x00, 
0x15, 0x01, 0x09, 0x00, 0x17, 0x01, 0x07, 0x00, 0x2f, 0x01, 0x03, 0x00, 0x02, 0x00, 0x00, 0x00, 
0x00, 0x40, 0x00, 0x00, 0xc0, 0x11, 0x04, 0x00, 0x0b, 0x01, 0x09, 0x00, 0x0c, 0x01, 0x09, 0x00, 
0x0a, 0x01, 0x09, 0x00, 0x06, 0x40, 0x00, 0x00, 0xa0, 0x00, 0x00, 0x00, 0x05, 0x40, 0x00, 0x00, 
0xa0, 0x00, 0x00, 0x00, 0x04, 0x40, 0x00, 0x00, 0x10, 0x00, 0x00, 0x00, 0x09, 0x01, 0xf3, 0xff, 
0x05, 0x01, 0x41, 0x00, 0x10, 0x40, 0x00, 0x00, 0xe6, 0xb7, 0x03, 0x00, 0x16, 0x40, 0x00, 0x00, 
0x01, 0x00, 0x00, 0x00, 0x15, 0x40, 0x00, 0x00, 0x10, 0x09, 0x00, 0x00, 0x14, 0x40, 0x00, 0x00, 
0xe8, 0x00, 0x00, 0x00, 0x14, 0x01, 0x01, 0x81, 0x21, 0x01, 0x00, 0x00, 0x20, 0x01, 0x00, 0x00, 
0x22, 0x01, 0x00, 0x00, 0x16, 0x01, 0x03, 0x00, 0x15, 0x01, 0x03, 0x00, 0x17, 0x01, 0x7f, 0x00, 
0x2f, 0x01, 0x01, 0x00, 0x05, 0x00, 0x01, 0x00, 0x00, 0x40, 0x00, 0x00, 0x47, 0x01, 0x02, 0x00, 
0x0b, 0x01, 0x14, 0x00, 0x0c, 0x01, 0x14, 0x00, 0x0a, 0x01, 0x14, 0x00, 0x06, 0x40, 0x00, 0x00, 
0x01, 0x00, 0x00, 0x00, 0x05, 0x40, 0x00, 0x00, 0xf0, 0x13, 0x00, 0x00, 0x04, 0x40, 0x00, 0x00, 
0xe8, 0x00, 0x00, 0x00, 0x09, 0x01, 0x93, 0xff, 0x05, 0x01, 0x01, 0x00, 0x10, 0x40, 0x00, 0x00, 
0xc0, 0x11, 0x04, 0x00, 0x16, 0x40, 0x00, 0x00, 0xa0, 0x00, 0x00, 0x00, 0x15, 0x40, 0x00, 0x00, 
0xa0, 0x00, 0x00, 0x00, 0x14, 0x40, 0x00, 0x00, 0x10, 0x00, 0x00, 0x00, 0x14, 0x01, 0x41, 0x00, 
0x21, 0x01, 0x02, 0x00, 0x20, 0x01, 0x02, 0x00, 0x22, 0x01, 0x07, 0x00, 0x20, 0x40, 0x00, 0x00, 
0x00, 0xf1, 0x00, 0x00, 0x22, 0x40, 0x00, 0x00, 0xf0, 0xf0, 0x00, 0x00, 0x16, 0x01, 0x05, 0x00, 
0x15, 0x01, 0x09, 0x00, 0x17, 0x01, 0x07, 0x00, 0x2f, 0x01, 0x03, 0x00, 0x02, 0x00, 0x00, 0x00, 
0x00, 0x40, 0x00, 0x00, 0xc0, 0x11, 0x04, 0x00, 0x0b, 0x01, 0x09, 0x00, 0x0c, 0x01, 0x09, 0x00, 
0x0a, 0x01, 0x09, 0x00, 0x06, 0x40, 0x00, 0x00, 0xa0, 0x00, 0x00, 0x00, 0x05, 0x40, 0x00, 0x00, 
0xa0, 0x00, 0x00, 0x00, 0x04, 0x40, 0x00, 0x00, 0x10, 0x00, 0x00, 0x00, 0x09, 0x01, 0xf3, 0xff, 
0x05, 0x01, 0x41, 0x00, 0x10, 0x40, 0x00, 0x00, 0xe7, 0xb7, 0x03, 0x00, 0x16, 0x40, 0x00, 0x00, 
0x01, 0x00, 0x00, 0x00, 0x15, 0x40, 0x00, 0x00, 0x10, 0x09, 0x00, 0x00, 0x14, 0x40, 0x00, 0x00, 
0xe8, 0x00, 0x00, 0x00, 0x14, 0x01, 0x01, 0x81, 0x21, 0x01, 0x00, 0x00, 0x20, 0x01, 0x00, 0x00, 
0x22, 0x01, 0x00, 0x00, 0x16, 0x01, 0x03, 0x00, 0x15, 0x01, 0x03, 0x00, 0x17, 0x01, 0x7f, 0x00, 
0x2f, 0x01, 0x01, 0x00, 0x05, 0x00, 0x01, 0x00, 0x00, 0x40, 0x00, 0x00, 0x48, 0x01, 0x02, 0x00, 
0x0b, 0x01, 0x14, 0x00, 0x0c, 0x01, 0x14, 0x00, 0x0a, 0x01, 0x14, 0x00, 0x06, 0x40, 0x00, 0x00, 
0x01, 0x00, 0x00, 0x00, 0x05, 0x40, 0x00, 0x00, 0xf0, 0x13, 0x00, 0x00, 0x04, 0x40, 0x00, 0x00, 
0xe8, 0x00, 0x00, 0x00, 0x09, 0x01, 0x93, 0xff, 0x05, 0x01, 0x01, 0x00, 0x10, 0x40, 0x00, 0x00, 
0xc0, 0x11, 0x04, 0x00, 0x16, 0x40, 0x00, 0x00, 0xa0, 0x00, 0x00, 0x00, 0x15, 0x40, 0x00, 0x00, 
0xa0, 0x00, 0x00, 0x00, 0x14, 0x40, 0x00, 0x00, 0x10, 0x00, 0x00, 0x00, 0x14, 0x01, 0x41, 0x00, 
0x21, 0x01, 0x02, 0x00, 0x20, 0x01, 0x02, 0x00, 0x22, 0x01, 0x07, 0x00, 0x20, 0x40, 0x00, 0x00, 
0x40, 0xf1, 0x00, 0x00, 0x22, 0x40, 0x00, 0x00, 0x30, 0xf1, 0x00, 0x00, 0x16, 0x01, 0x05, 0x00, 
0x15, 0x01, 0x09, 0x00, 0x17, 0x01, 0x07, 0x00, 0x2f, 0x01, 0x03, 0x00, 0x02, 0x00, 0x00, 0x00, 
0x00, 0x40, 0x00, 0x00, 0xc0, 0x11, 0x04, 0x00, 0x0b, 0x01, 0x09, 0x00, 0x0c, 0x01, 0x09, 0x00, 
0x0a, 0x01, 0x09, 0x00, 0x06, 0x40, 0x00, 0x00, 0xa0, 0x00, 0x00, 0x00, 0x05, 0x40, 0x00, 0x00, 
0xa0, 0x00, 0x00, 0x00, 0x04, 0x40, 0x00, 0x00, 0x10, 0x00, 0x00, 0x00, 0x09, 0x01, 0xf3, 0xff, 
0x05, 0x01, 0x41, 0x00, 0x10, 0x40, 0x00, 0x00, 0xe8, 0xb7, 0x03, 0x00, 0x16, 0x40, 0x00, 0x00, 
0x01, 0x00, 0x00, 0x00, 0x15, 0x40, 0x00, 0x00, 0x10, 0x09, 0x00, 0x00, 0x14, 0x40, 0x00, 0x00, 
0xe8, 0x00, 0x00, 0x00, 0x14, 0x01, 0x01, 0x81, 0x21, 0x01, 0x00, 0x00, 0x20, 0x01, 0x00, 0x00, 
0x22, 0x01, 0x00, 0x00, 0x16, 0x01, 0x03, 0x00, 0x15, 0x01, 0x03, 0x00, 0x17, 0x01, 0x7f, 0x00, 
0x2f, 0x01, 0x01, 0x00, 0x05, 0x00, 0x01, 0x00, 0x00, 0x40, 0x00, 0x00, 0x49, 0x01, 0x02, 0x00, 
0x0b, 0x01, 0x14, 0x00, 0x0c, 0x01, 0x14, 0x00, 0x0a, 0x01, 0x14, 0x00, 0x06, 0x40, 0x00, 0x00, 
0x01, 0x00, 0x00, 0x00, 0x05, 0x40, 0x00, 0x00, 0xf0, 0x13, 0x00, 0x00, 0x04, 0x40, 0x00, 0x00, 
0xe8, 0x00, 0x00, 0x00, 0x09, 0x01, 0x93, 0xff, 0x05, 0x01, 0x01, 0x00, 0x10, 0x40, 0x00, 0x00, 
0xc0, 0x11, 0x04, 0x00, 0x16, 0x40, 0x00, 0x00, 0xa0, 0x00, 0x00, 0x00, 0x15, 0x40, 0x00, 0x00, 
0xa0, 0x00, 0x00, 0x00, 0x14, 0x40, 0x00, 0x00, 0x10, 0x00, 0x00, 0x00, 0x14, 0x01, 0x41, 0x00, 
0x21, 0x01, 0x02, 0x00, 0x20, 0x01, 0x02, 0x00, 0x22, 0x01, 0x07, 0x00, 0x20, 0x40, 0x00, 0x00, 
0x80, 0xf1, 0x00, 0x00, 0x22, 0x40, 0x00, 0x00, 0x70, 0xf1, 0x00, 0x00, 0x16, 0x01, 0x05, 0x00, 
0x15, 0x01, 0x09, 0x00, 0x17, 0x01, 0x07, 0x00, 0x2f, 0x01, 0x03, 0x00, 0x02, 0x00, 0x00, 0x00, 
0x00, 0x40, 0x00, 0x00, 0xc0, 0x11, 0x04, 0x00, 0x0b, 0x01, 0x09, 0x00, 0x0c, 0x01, 0x09, 0x00, 
0x0a, 0x01, 0x09, 0x00, 0x06, 0x40, 0x00, 0x00, 0xa0, 0x00, 0x00, 0x00, 0x05, 0x40, 0x00, 0x00, 
0xa0, 0x00, 0x00, 0x00, 0x04, 0x40, 0x00, 0x00, 0x10, 0x00, 0x00, 0x00, 0x09, 0x01, 0xf3, 0xff, 
0x05, 0x01, 0x41, 0x00, 0x10, 0x40, 0x00, 0x00, 0xe9, 0xb7, 0x03, 0x00, 0x16, 0x40, 0x00, 0x00, 
0x01, 0x00, 0x00, 0x00, 0x15, 0x40, 0x00, 0x00, 0x10, 0x09, 0x00, 0x00, 0x14, 0x40, 0x00, 0x00, 
0xe8, 0x00, 0x00, 0x00, 0x14, 0x01, 0x01, 0x81, 0x21, 0x01, 0x00, 0x00, 0x20, 0x01, 0x00, 0x00, 
0x22, 0x01, 0x00, 0x00, 0x16, 0x01, 0x03, 0x00, 0x15, 0x01, 0x03, 0x00, 0x17, 0x01, 0x7f, 0x00, 
0x2f, 0x01, 0x01, 0x00, 0x05, 0x00, 0x01, 0x00, 0x00, 0x40, 0x00, 0x00, 0x4a, 0x01, 0x02, 0x00, 
0x0b, 0x01, 0x14, 0x00, 0x0c, 0x01, 0x14, 0x00, 0x0a, 0x01, 0x14, 0x00, 0x06, 0x40, 0x00, 0x00, 
0x01, 0x00, 0x00, 0x00, 0x05, 0x40, 0x00, 0x00, 0xf0, 0x13, 0x00, 0x00, 0x04, 0x40, 0x00, 0x00, 
0xe8, 0x00, 0x00, 0x00, 0x09, 0x01, 0x93, 0xff, 0x05, 0x01, 0x01, 0x00, 0x10, 0x40, 0x00, 0x00, 
0xc0, 0x11, 0x04, 0x00, 0x16, 0x40, 0x00, 0x00, 0xa0, 0x00, 0x00, 0x00, 0x15, 0x40, 0x00, 0x00, 
0xa0, 0x00, 0x00, 0x00, 0x14, 0x40, 0x00, 0x00, 0x10, 0x00, 0x00, 0x00, 0x14, 0x01, 0x41, 0x00, 
0x21, 0x01, 0x02, 0x00, 0x20, 0x01, 0x02, 0x00, 0x22, 0x01, 0x07, 0x00, 0x20, 0x40, 0x00, 0x00, 
0xc0, 0xf1, 0x00, 0x00, 0x22, 0x40, 0x00, 0x00, 0xb0, 0xf1, 0x00, 0x00, 0x16, 0x01, 0x05, 0x00, 
0x15, 0x01, 0x09, 0x00, 0x17, 0x01, 0x07, 0x00, 0x2f, 0x01, 0x03, 0x00, 0x02, 0x00, 0x00, 0x00, 
0x00, 0x40, 0x00, 0x00, 0xc0, 0x11, 0x04, 0x00, 0x0b, 0x01, 0x09, 0x00, 0x0c, 0x01, 0x09, 0x00, 
0x0a, 0x01, 0x09, 0x00, 0x06, 0x40, 0x00, 0x00, 0xa0, 0x00, 0x00, 0x00, 0x05, 0x40, 0x00, 0x00, 
0xa0, 0x00, 0x00, 0x00, 0x04, 0x40, 0x00, 0x00, 0x10, 0x00, 0x00, 0x00, 0x09, 0x01, 0xf3, 0xff, 
0x05, 0x01, 0x41, 0x00, 0x10, 0x40, 0x00, 0x00, 0xea, 0xb7, 0x03, 0x00, 0x16, 0x40, 0x00, 0x00, 
0x01, 0x00, 0x00, 0x00, 0x15, 0x40, 0x00, 0x00, 0x10, 0x09, 0x00, 0x00, 0x14, 0x40, 0x00, 0x00, 
0xe8, 0x00, 0x00, 0x00, 0x14, 0x01, 0x01, 0x81, 0x21, 0x01, 0x00, 0x00, 0x20, 0x01, 0x00, 0x00, 
0x22, 0x01, 0x00, 0x00, 0x16, 0x01, 0x03, 0x00, 0x15, 0x01, 0x03, 0x00, 0x17, 0x01, 0x7f, 0x00, 
0x2f, 0x01, 0x01, 0x00, 0x05, 0x00, 0x01, 0x00, 0x00, 0x40, 0x00, 0x00, 0x4b, 0x01, 0x02, 0x00, 
0x0b, 0x01, 0x14, 0x00, 0x0c, 0x01, 0x14, 0x00, 0x0a, 0x01, 0x14, 0x00, 0x06, 0x40, 0x00, 0x00, 
0x01, 0x00, 0x00, 0x00, 0x05, 0x40, 0x00, 0x00, 0xf0, 0x13, 0x00, 0x00, 0x04, 0x40, 0x00, 0x00, 
0xe8, 0x00, 0x00, 0x00, 0x09, 0x01, 0x93, 0xff, 0x05, 0x01, 0x01, 0x00, 0x10, 0x40, 0x00, 0x00, 
0xc0, 0x11, 0x04, 0x00, 0x16, 0x40, 0x00, 0x00, 0xa0, 0x00, 0x00, 0x00, 0x15, 0x40, 0x00, 0x00, 
0xa0, 0x00, 0x00, 0x00, 0x14, 0x40, 0x00, 0x00, 0x10, 0x00, 0x00, 0x00, 0x14, 0x01, 0x41, 0x00, 
0x21, 0x01, 0x02, 0x00, 0x20, 0x01, 0x02, 0x00, 0x22, 0x01, 0x07, 0x00, 0x20, 0x40, 0x00, 0x00, 
0x00, 0xf2, 0x00, 0x00, 0x22, 0x40, 0x00, 0x00, 0xf0, 0xf1, 0x00, 0x00, 0x16, 0x01, 0x05, 0x00, 
0x15, 0x01, 0x09, 0x00, 0x17, 0x01, 0x07, 0x00, 0x2f, 0x01, 0x03, 0x00, 0x02, 0x00, 0x00, 0x00, 
0x00, 0x40, 0x00, 0x00, 0xc0, 0x11, 0x04, 0x00, 0x0b, 0x01, 0x09, 0x00, 0x0c, 0x01, 0x09, 0x00, 
0x0a, 0x01, 0x09, 0x00, 0x06, 0x40, 0x00, 0x00, 0xa0, 0x00, 0x00, 0x00, 0x05, 0x40, 0x00, 0x00, 
0xa0, 0x00, 0x00, 0x00, 0x04, 0x40, 0x00, 0x00, 0x10, 0x00, 0x00, 0x00, 0x09, 0x01, 0xf3, 0xff, 
0x05, 0x01, 0x41, 0x00, 0x10, 0x40, 0x00, 0x00, 0xeb, 0xb7, 0x03, 0x00, 0x16, 0x40, 0x00, 0x00, 
0x01, 0x00, 0x00, 0x00, 0x15, 0x40, 0x00, 0x00, 0x10, 0x09, 0x00, 0x00, 0x14, 0x40, 0x00, 0x00, 
0xe8, 0x00, 0x00, 0x00, 0x14, 0x01, 0x01, 0x81, 0x21, 0x01, 0x00, 0x00, 0x20, 0x01, 0x00, 0x00, 
0x22, 0x01, 0x00, 0x00, 0x16, 0x01, 0x03, 0x00, 0x15, 0x01, 0x03, 0x00, 0x17, 0x01, 0x7f, 0x00, 
0x2f, 0x01, 0x01, 0x00, 0x05, 0x00, 0x01, 0x00, 0x00, 0x40, 0x00, 0x00, 0x4c, 0x01, 0x02, 0x00, 
0x0b, 0x01, 0x14, 0x00, 0x0c, 0x01, 0x14, 0x00, 0x0a, 0x01, 0x14, 0x00, 0x06, 0x40, 0x00, 0x00, 
0x01, 0x00, 0x00, 0x00, 0x05, 0x40, 0x00, 0x00, 0xf0, 0x13, 0x00, 0x00, 0x04, 0x40, 0x00, 0x00, 
0xe8, 0x00, 0x00, 0x00, 0x09, 0x01, 0x93, 0xff, 0x05, 0x01, 0x01, 0x00, 0x10, 0x40, 0x00, 0x00, 
0xc0, 0x11, 0x04, 0x00, 0x16, 0x40, 0x00, 0x00, 0xa0, 0x00, 0x00, 0x00, 0x15, 0x40, 0x00, 0x00, 
0xa0, 0x00, 0x00, 0x00, 0x14, 0x40, 0x00, 0x00, 0x10, 0x00, 0x00, 0x00, 0x14, 0x01, 0x41, 0x00, 
0x21, 0x01, 0x02, 0x00, 0x20, 0x01, 0x02, 0x00, 0x22, 0x01, 0x07, 0x00, 0x20, 0x40, 0x00, 0x00, 
0x40, 0xf2, 0x00, 0x00, 0x22, 0x40, 0x00, 0x00, 0x30, 0xf2, 0x00, 0x00, 0x16, 0x01, 0x05, 0x00, 
0x15, 0x01, 0x09, 0x00, 0x17, 0x01, 0x07, 0x00, 0x2f, 0x01, 0x03, 0x00, 0x02, 0x00, 0x00, 0x00, 
0x00, 0x40, 0x00, 0x00, 0xc0, 0x11, 0x04, 0x00, 0x0b, 0x01, 0x09, 0x00, 0x0c, 0x01, 0x09, 0x00, 
0x0a, 0x01, 0x09, 0x00, 0x06, 0x40, 0x00, 0x00, 0xa0, 0x00, 0x00, 0x00, 0x05, 0x40, 0x00, 0x00, 
0xa0, 0x00, 0x00, 0x00, 0x04, 0x40, 0x00, 0x00, 0x10, 0x00, 0x00, 0x00, 0x09, 0x01, 0xf3, 0xff, 
0x05, 0x01, 0x41, 0x00, 0x10, 0x40, 0x00, 0x00, 0xec, 0xb7, 0x03, 0x00, 0x16, 0x40, 0x00, 0x00, 
0x01, 0x00, 0x00, 0x00, 0x15, 0x40, 0x00, 0x00, 0x10, 0x09, 0x00, 0x00, 0x14, 0x40, 0x00, 0x00, 
0xe8, 0x00, 0x00, 0x00, 0x14, 0x01, 0x01, 0x81, 0x21, 0x01, 0x00, 0x00, 0x20, 0x01, 0x00, 0x00, 
0x22, 0x01, 0x00, 0x00, 0x16, 0x01, 0x03, 0x00, 0x15, 0x01, 0x03, 0x00, 0x17, 0x01, 0x7f, 0x00, 
0x2f, 0x01, 0x01, 0x00, 0x05, 0x00, 0x01, 0x00, 0x00, 0x40, 0x00, 0x00, 0x4d, 0x01, 0x02, 0x00, 
0x0b, 0x01, 0x14, 0x00, 0x0c, 0x01, 0x14, 0x00, 0x0a, 0x01, 0x14, 0x00, 0x06, 0x40, 0x00, 0x00, 
0x01, 0x00, 0x00, 0x00, 0x05, 0x40, 0x00, 0x00, 0xf0, 0x13, 0x00, 0x00, 0x04, 0x40, 0x00, 0x00, 
0xe8, 0x00, 0x00, 0x00, 0x09, 0x01, 0x93, 0xff, 0x05, 0x01, 0x01, 0x00, 0x10, 0x40, 0x00, 0x00, 
0xc0, 0x11, 0x04, 0x00, 0x16, 0x40, 0x00, 0x00, 0xa0, 0x00, 0x00, 0x00, 0x15, 0x40, 0x00, 0x00, 
0xa0, 0x00, 0x00, 0x00, 0x14, 0x40, 0x00, 0x00, 0x10, 0x00, 0x00, 0x00, 0x14, 0x01, 0x41, 0x00, 
0x21, 0x01, 0x02, 0x00, 0x20, 0x01, 0x02, 0x00, 0x22, 0x01, 0x07, 0x00, 0x20, 0x40, 0x00, 0x00, 
0x80, 0xf2, 0x00, 0x00, 0x22, 0x40, 0x00, 0x00, 0x70, 0xf2, 0x00, 0x00, 0x16, 0x01, 0x05, 0x00, 
0x15, 0x01, 0x09, 0x00, 0x17, 0x01, 0x07, 0x00, 0x2f, 0x01, 0x03, 0x00, 0x02, 0x00, 0x00, 0x00, 
0x00, 0x40, 0x00, 0x00, 0xc0, 0x11, 0x04, 0x00, 0x0b, 0x01, 0x09, 0x00, 0x0c, 0x01, 0x09, 0x00, 
0x0a, 0x01, 0x09, 0x00, 0x06, 0x40, 0x00, 0x00, 0xa0, 0x00, 0x00, 0x00, 0x05, 0x40, 0x00, 0x00, 
0xa0, 0x00, 0x00, 0x00, 0x04, 0x40, 0x00, 0x00, 0x10, 0x00, 0x00, 0x00, 0x09, 0x01, 0xf3, 0xff, 
0x05, 0x01, 0x41, 0x00, 0x10, 0x40, 0x00, 0x00, 0xed, 0xb7, 0x03, 0x00, 0x16, 0x40, 0x00, 0x00, 
0x01, 0x00, 0x00, 0x00, 0x15, 0x40, 0x00, 0x00, 0x10, 0x09, 0x00, 0x00, 0x14, 0x40, 0x00, 0x00, 
0xe8, 0x00, 0x00, 0x00, 0x14, 0x01, 0x01, 0x81, 0x21, 0x01, 0x00, 0x00, 0x20, 0x01, 0x00, 0x00, 
0x22, 0x01, 0x00, 0x00, 0x16, 0x01, 0x03, 0x00, 0x15, 0x01, 0x03, 0x00, 0x17, 0x01, 0x7f, 0x00, 
0x2f, 0x01, 0x01, 0x00, 0x05, 0x00, 0x01, 0x00, 0x00, 0x40, 0x00, 0x00, 0x4e, 0x01, 0x02, 0x00, 
0x0b, 0x01, 0x14, 0x00, 0x0c, 0x01, 0x14, 0x00, 0x0a, 0x01, 0x14, 0x00, 0x06, 0x40, 0x00, 0x00, 
0x01, 0x00, 0x00, 0x00, 0x05, 0x40, 0x00, 0x00, 0xf0, 0x13, 0x00, 0x00, 0x04, 0x40, 0x00, 0x00, 
0xe8, 0x00, 0x00, 0x00, 0x09, 0x01, 0x93, 0xff, 0x05, 0x01, 0x01, 0x00, 0x10, 0x40, 0x00, 0x00, 
0xc0, 0x11, 0x04, 0x00, 0x16, 0x40, 0x00, 0x00, 0xa0, 0x00, 0x00, 0x00, 0x15, 0x40, 0x00, 0x00, 
0xa0, 0x00, 0x00, 0x00, 0x14, 0x40, 0x00, 0x00, 0x10, 0x00, 0x00, 0x00, 0x14, 0x01, 0x41, 0x00, 
0x21, 0x01, 0x02, 0x00, 0x20, 0x01, 0x02, 0x00, 0x22, 0x01, 0x07, 0x00, 0x20, 0x40, 0x00, 0x00, 
0xc0, 0xf2, 0x00, 0x00, 0x22, 0x40, 0x00, 0x00, 0xb0, 0xf2, 0x00, 0x00, 0x16, 0x01, 0x05, 0x00, 
0x15, 0x01, 0x09, 0x00, 0x17, 0x01, 0x07, 0x00, 0x2f, 0x01, 0x03, 0x00, 0x02, 0x00, 0x00, 0x00, 
0x00, 0x40, 0x00, 0x00, 0xc0, 0x11, 0x04, 0x00, 0x0b, 0x01, 0x09, 0x00, 0x0c, 0x01, 0x09, 0x00, 
0x0a, 0x01, 0x09, 0x00, 0x06, 0x40, 0x00, 0x00, 0xa0, 0x00, 0x00, 0x00, 0x05, 0x40, 0x00, 0x00, 
0xa0, 0x00, 0x00, 0x00, 0x04, 0x40, 0x00, 0x00, 0x10, 0x00, 0x00, 0x00, 0x09, 0x01, 0xf3, 0xff, 
0x05, 0x01, 0x41, 0x00, 0x10, 0x40, 0x00, 0x00, 0xee, 0xb7, 0x03, 0x00, 0x16, 0x40, 0x00, 0x00, 
0x01, 0x00, 0x00, 0x00, 0x15, 0x40, 0x00, 0x00, 0x10, 0x09, 0x00, 0x00, 0x14, 0x40, 0x00, 0x00, 
0xe8, 0x00, 0x00, 0x00, 0x14, 0x01, 0x01, 0x81, 0x21, 0x01, 0x00, 0x00, 0x20, 0x01, 0x00, 0x00, 
0x22, 0x01, 0x00, 0x00, 0x16, 0x01, 0x03, 0x00, 0x15, 0x01, 0x03, 0x00, 0x17, 0x01, 0x7f, 0x00, 
0x2f, 0x01, 0x01, 0x00, 0x05, 0x00, 0x01, 0x00, 0x00, 0x40, 0x00, 0x00, 0x4f, 0x01, 0x02, 0x00, 
0x0b, 0x01, 0x14, 0x00, 0x0c, 0x01, 0x14, 0x00, 0x0a, 0x01, 0x14, 0x00, 0x06, 0x40, 0x00, 0x00, 
0x01, 0x00, 0x00, 0x00, 0x05, 0x40, 0x00, 0x00, 0xf0, 0x13, 0x00, 0x00, 0x04, 0x40, 0x00, 0x00, 
0xe8, 0x00, 0x00, 0x00, 0x09, 0x01, 0x93, 0xff, 0x05, 0x01, 0x01, 0x00, 0x10, 0x40, 0x00, 0x00, 
0xc0, 0x11, 0x04, 0x00, 0x16, 0x40, 0x00, 0x00, 0xa0, 0x00, 0x00, 0x00, 0x15, 0x40, 0x00, 0x00, 
0xa0, 0x00, 0x00, 0x00, 0x14, 0x40, 0x00, 0x00, 0x10, 0x00, 0x00, 0x00, 0x14, 0x01, 0x41, 0x00, 
0x21, 0x01, 0x02, 0x00, 0x20, 0x01, 0x02, 0x00, 0x22, 0x01, 0x07, 0x00, 0x20, 0x40, 0x00, 0x00, 
0x00, 0xf3, 0x00, 0x00, 0x22, 0x40, 0x00, 0x00, 0xf0, 0xf2, 0x00, 0x00, 0x16, 0x01, 0x05, 0x00, 
0x15, 0x01, 0x09, 0x00, 0x17, 0x01, 0x07, 0x00, 0x2f, 0x01, 0x03, 0x00, 0x02, 0x00, 0x00, 0x00, 
0x00, 0x40, 0x00, 0x00, 0xc0, 0x11, 0x04, 0x00, 0x0b, 0x01, 0x09, 0x00, 0x0c, 0x01, 0x09, 0x00, 
0x0a, 0x01, 0x09, 0x00, 0x06, 0x40, 0x00, 0x00, 0xa0, 0x00, 0x00, 0x00, 0x05, 0x40, 0x00, 0x00, 
0xa0, 0x00, 0x00, 0x00, 0x04, 0x40, 0x00, 0x00, 0x10, 0x00, 0x00, 0x00, 0x09, 0x01, 0xf3, 0xff, 
0x05, 0x01, 0x41, 0x00, 0x10, 0x40, 0x00, 0x00, 0xef, 0xb7, 0x03, 0x00, 0x16, 0x40, 0x00, 0x00, 
0x01, 0x00, 0x00, 0x00, 0x15, 0x40, 0x00, 0x00, 0x10, 0x09, 0x00, 0x00, 0x14, 0x40, 0x00, 0x00, 
0xe8, 0x00, 0x00, 0x00, 0x14, 0x01, 0x01, 0x81, 0x21, 0x01, 0x00, 0x00, 0x20, 0x01, 0x00, 0x00, 
0x22, 0x01, 0x00, 0x00, 0x16, 0x01, 0x03, 0x00, 0x15, 0x01, 0x03, 0x00, 0x17, 0x01, 0x7f, 0x00, 
0x2f, 0x01, 0x01, 0x00, 0x05, 0x00, 0x01, 0x00, 0x00, 0x40, 0x00, 0x00, 0x50, 0x01, 0x02, 0x00, 
0x0b, 0x01, 0x14, 0x00, 0x0c, 0x01, 0x14, 0x00, 0x0a, 0x01, 0x14, 0x00, 0x06, 0x40, 0x00, 0x00, 
0x01, 0x00, 0x00, 0x00, 0x05, 0x40, 0x00, 0x00, 0xf0, 0x13, 0x00, 0x00, 0x04, 0x40, 0x00, 0x00, 
0xe8, 0x00, 0x00, 0x00, 0x09, 0x01, 0x93, 0xff, 0x05, 0x01, 0x01, 0x00, 0x10, 0x40, 0x00, 0x00, 
0xc0, 0x11, 0x04, 0x00, 0x16, 0x40, 0x00, 0x00, 0xa0, 0x00, 0x00, 0x00, 0x15, 0x40, 0x00, 0x00, 
0xa0, 0x00, 0x00, 0x00, 0x14, 0x40, 0x00, 0x00, 0x10, 0x00, 0x00, 0x00, 0x14, 0x01, 0x41, 0x00, 
0x21, 0x01, 0x02, 0x00, 0x20, 0x01, 0x02, 0x00, 0x22, 0x01, 0x07, 0x00, 0x20, 0x40, 0x00, 0x00, 
0x40, 0xf3, 0x00, 0x00, 0x22, 0x40, 0x00, 0x00, 0x30, 0xf3, 0x00, 0x00, 0x16, 0x01, 0x05, 0x00, 
0x15, 0x01, 0x09, 0x00, 0x17, 0x01, 0x07, 0x00, 0x2f, 0x01, 0x03, 0x00, 0x02, 0x00, 0x00, 0x00, 
0x00, 0x40, 0x00, 0x00, 0xc0, 0x11, 0x04, 0x00, 0x0b, 0x01, 0x09, 0x00, 0x0c, 0x01, 0x09, 0x00, 
0x0a, 0x01, 0x09, 0x00, 0x06, 0x40, 0x00, 0x00, 0xa0, 0x00, 0x00, 0x00, 0x05, 0x40, 0x00, 0x00, 
0xa0, 0x00, 0x00, 0x00, 0x04, 0x40, 0x00, 0x00, 0x10, 0x00, 0x00, 0x00, 0x09, 0x01, 0xf3, 0xff, 
0x05, 0x01, 0x41, 0x00, 0x10, 0x40, 0x00, 0x00, 0xf0, 0xb7, 0x03, 0x00, 0x16, 0x40, 0x00, 0x00, 
0x01, 0x00, 0x00, 0x00, 0x15, 0x40, 0x00, 0x00, 0x10, 0x09, 0x00, 0x00, 0x14, 0x40, 0x00, 0x00, 
0xe8, 0x00, 0x00, 0x00, 0x14, 0x01, 0x01, 0x81, 0x21, 0x01, 0x00, 0x00, 0x20, 0x01, 0x00, 0x00, 
0x22, 0x01, 0x00, 0x00, 0x16, 0x01, 0x03, 0x00, 0x15, 0x01, 0x03, 0x00, 0x17, 0x01, 0x7f, 0x00, 
0x2f, 0x01, 0x01, 0x00, 0x05, 0x00, 0x01, 0x00, 0x00, 0x40, 0x00, 0x00, 0x51, 0x01, 0x02, 0x00, 
0x0b, 0x01, 0x14, 0x00, 0x0c, 0x01, 0x14, 0x00, 0x0a, 0x01, 0x14, 0x00, 0x06, 0x40, 0x00, 0x00, 
0x01, 0x00, 0x00, 0x00, 0x05, 0x40, 0x00, 0x00, 0xf0, 0x13, 0x00, 0x00, 0x04, 0x40, 0x00, 0x00, 
0xe8, 0x00, 0x00, 0x00, 0x09, 0x01, 0x93, 0xff, 0x05, 0x01, 0x01, 0x00, 0x10, 0x40, 0x00, 0x00, 
0xc0, 0x11, 0x04, 0x00, 0x16, 0x40, 0x00, 0x00, 0xa0, 0x00, 0x00, 0x00, 0x15, 0x40, 0x00, 0x00, 
0xa0, 0x00, 0x00, 0x00, 0x14, 0x40, 0x00, 0x00, 0x10, 0x00, 0x00, 0x00, 0x14, 0x01, 0x41, 0x00, 
0x21, 0x01, 0x02, 0x00, 0x20, 0x01, 0x02, 0x00, 0x22, 0x01, 0x07, 0x00, 0x20, 0x40, 0x00, 0x00, 
0x80, 0xf3, 0x00, 0x00, 0x22, 0x40, 0x00, 0x00, 0x70, 0xf3, 0x00, 0x00, 0x16, 0x01, 0x05, 0x00, 
0x15, 0x01, 0x09, 0x00, 0x17, 0x01, 0x07, 0x00, 0x2f, 0x01, 0x03, 0x00, 0x02, 0x00, 0x00, 0x00, 
0x00, 0x40, 0x00, 0x00, 0xc0, 0x11, 0x04, 0x00, 0x0b, 0x01, 0x09, 0x00, 0x0c, 0x01, 0x09, 0x00, 
0x0a, 0x01, 0x09, 0x00, 0x06, 0x40, 0x00, 0x00, 0xa0, 0x00, 0x00, 0x00, 0x05, 0x40, 0x00, 0x00, 
0xa0, 0x00, 0x00, 0x00, 0x04, 0x40, 0x00, 0x00, 0x10, 0x00, 0x00, 0x00, 0x09, 0x01, 0xf3, 0xff, 
0x05, 0x01, 0x41, 0x00, 0x10, 0x40, 0x00, 0x00, 0xf1, 0xb7, 0x03, 0x00, 0x16, 0x40, 0x00, 0x00, 
0x01, 0x00, 0x00, 0x00, 0x15, 0x40, 0x00, 0x00, 0x10, 0x09, 0x00, 0x00, 0x14, 0x40, 0x00, 0x00, 
0xe8, 0x00, 0x00, 0x00, 0x14, 0x01, 0x01, 0x81, 0x21, 0x01, 0x00, 0x00, 0x20, 0x01, 0x00, 0x00, 
0x22, 0x01, 0x00, 0x00, 0x16, 0x01, 0x03, 0x00, 0x15, 0x01, 0x03, 0x00, 0x17, 0x01, 0x7f, 0x00, 
0x2f, 0x01, 0x01, 0x00, 0x05, 0x00, 0x01, 0x00, 0x00, 0x40, 0x00, 0x00, 0x52, 0x01, 0x02, 0x00, 
0x0b, 0x01, 0x14, 0x00, 0x0c, 0x01, 0x14, 0x00, 0x0a, 0x01, 0x14, 0x00, 0x06, 0x40, 0x00, 0x00, 
0x01, 0x00, 0x00, 0x00, 0x05, 0x40, 0x00, 0x00, 0xf0, 0x13, 0x00, 0x00, 0x04, 0x40, 0x00, 0x00, 
0xe8, 0x00, 0x00, 0x00, 0x09, 0x01, 0x93, 0xff, 0x05, 0x01, 0x01, 0x00, 0x10, 0x40, 0x00, 0x00, 
0xc0, 0x11, 0x04, 0x00, 0x16, 0x40, 0x00, 0x00, 0xa0, 0x00, 0x00, 0x00, 0x15, 0x40, 0x00, 0x00, 
0xa0, 0x00, 0x00, 0x00, 0x14, 0x40, 0x00, 0x00, 0x10, 0x00, 0x00, 0x00, 0x14, 0x01, 0x41, 0x00, 
0x21, 0x01, 0x02, 0x00, 0x20, 0x01, 0x02, 0x00, 0x22, 0x01, 0x07, 0x00, 0x20, 0x40, 0x00, 0x00, 
0xc0, 0xf3, 0x00, 0x00, 0x22, 0x40, 0x00, 0x00, 0xb0, 0xf3, 0x00, 0x00, 0x16, 0x01, 0x05, 0x00, 
0x15, 0x01, 0x09, 0x00, 0x17, 0x01, 0x07, 0x00, 0x2f, 0x01, 0x03, 0x00, 0x02, 0x00, 0x00, 0x00, 
0x00, 0x40, 0x00, 0x00, 0xc0, 0x11, 0x04, 0x00, 0x0b, 0x01, 0x09, 0x00, 0x0c, 0x01, 0x09, 0x00, 
0x0a, 0x01, 0x09, 0x00, 0x06, 0x40, 0x00, 0x00, 0xa0, 0x00, 0x00, 0x00, 0x05, 0x40, 0x00, 0x00, 
0xa0, 0x00, 0x00, 0x00, 0x04, 0x40, 0x00, 0x00, 0x10, 0x00, 0x00, 0x00, 0x09, 0x01, 0xf3, 0xff, 
0x05, 0x01, 0x41, 0x00, 0x10, 0x40, 0x00, 0x00, 0xf2, 0xb7, 0x03, 0x00, 0x16, 0x40, 0x00, 0x00, 
0x01, 0x00, 0x00, 0x00, 0x15, 0x40, 0x00, 0x00, 0x10, 0x09, 0x00, 0x00, 0x14, 0x40, 0x00, 0x00, 
0xe8, 0x00, 0x00, 0x00, 0x14, 0x01, 0x01, 0x81, 0x21, 0x01, 0x00, 0x00, 0x20, 0x01, 0x00, 0x00, 
0x22, 0x01, 0x00, 0x00, 0x16, 0x01, 0x03, 0x00, 0x15, 0x01, 0x03, 0x00, 0x17, 0x01, 0x7f, 0x00, 
0x2f, 0x01, 0x01, 0x00, 0x05, 0x00, 0x01, 0x00, 0x00, 0x40, 0x00, 0x00, 0x53, 0x01, 0x02, 0x00, 
0x0b, 0x01, 0x14, 0x00, 0x0c, 0x01, 0x14, 0x00, 0x0a, 0x01, 0x14, 0x00, 0x06, 0x40, 0x00, 0x00, 
0x01, 0x00, 0x00, 0x00, 0x05, 0x40, 0x00, 0x00, 0xf0, 0x13, 0x00, 0x00, 0x04, 0x40, 0x00, 0x00, 
0xe8, 0x00, 0x00, 0x00, 0x09, 0x01, 0x93, 0xff, 0x05, 0x01, 0x01, 0x00, 0x10, 0x40, 0x00, 0x00, 
0xc0, 0x11, 0x04, 0x00, 0x16, 0x40, 0x00, 0x00, 0xa0, 0x00, 0x00, 0x00, 0x15, 0x40, 0x00, 0x00, 
0xa0, 0x00, 0x00, 0x00, 0x14, 0x40, 0x00, 0x00, 0x10, 0x00, 0x00, 0x00, 0x14, 0x01, 0x41, 0x00, 
0x21, 0x01, 0x02, 0x00, 0x20, 0x01, 0x02, 0x00, 0x22, 0x01, 0x07, 0x00, 0x20, 0x40, 0x00, 0x00, 
0x00, 0xf4, 0x00, 0x00, 0x22, 0x40, 0x00, 0x00, 0xf0, 0xf3, 0x00, 0x00, 0x16, 0x01, 0x05, 0x00, 
0x15, 0x01, 0x09, 0x00, 0x17, 0x01, 0x07, 0x00, 0x2f, 0x01, 0x03, 0x00, 0x02, 0x00, 0x00, 0x00, 
0x00, 0x40, 0x00, 0x00, 0xc0, 0x11, 0x04, 0x00, 0x0b, 0x01, 0x09, 0x00, 0x0c, 0x01, 0x09, 0x00, 
0x0a, 0x01, 0x09, 0x00, 0x06, 0x40, 0x00, 0x00, 0xa0, 0x00, 0x00, 0x00, 0x05, 0x40, 0x00, 0x00, 
0xa0, 0x00, 0x00, 0x00, 0x04, 0x40, 0x00, 0x00, 0x10, 0x00, 0x00, 0x00, 0x09, 0x01, 0xf3, 0xff, 
0x05, 0x01, 0x41, 0x00, 0x10, 0x40, 0x00, 0x00, 0xf3, 0xb7, 0x03, 0x00, 0x16, 0x40, 0x00, 0x00, 
0x01, 0x00, 0x00, 0x00, 0x15, 0x40, 0x00, 0x00, 0x10, 0x09, 0x00, 0x00, 0x14, 0x40, 0x00, 0x00, 
0xe8, 0x00, 0x00, 0x00, 0x14, 0x01, 0x01, 0x81, 0x21, 0x01, 0x00, 0x00, 0x20, 0x01, 0x00, 0x00, 
0x22, 0x01, 0x00, 0x00, 0x16, 0x01, 0x03, 0x00, 0x15, 0x01, 0x03, 0x00, 0x17, 0x01, 0x7f, 0x00, 
0x2f, 0x01, 0x01, 0x00, 0x05, 0x00, 0x01, 0x00, 0x00, 0x40, 0x00, 0x00, 0x54, 0x01, 0x02, 0x00, 
0x0b, 0x01, 0x14, 0x00, 0x0c, 0x01, 0x14, 0x00, 0x0a, 0x01, 0x14, 0x00, 0x06, 0x40, 0x00, 0x00, 
0x01, 0x00, 0x00, 0x00, 0x05, 0x40, 0x00, 0x00, 0xf0, 0x13, 0x00, 0x00, 0x04, 0x40, 0x00, 0x00, 
0xe8, 0x00, 0x00, 0x00, 0x09, 0x01, 0x93, 0xff, 0x05, 0x01, 0x01, 0x00, 0x10, 0x40, 0x00, 0x00, 
0xc0, 0x11, 0x04, 0x00, 0x16, 0x40, 0x00, 0x00, 0xa0, 0x00, 0x00, 0x00, 0x15, 0x40, 0x00, 0x00, 
0xa0, 0x00, 0x00, 0x00, 0x14, 0x40, 0x00, 0x00, 0x10, 0x00, 0x00, 0x00, 0x14, 0x01, 0x41, 0x00, 
0x21, 0x01, 0x02, 0x00, 0x20, 0x01, 0x02, 0x00, 0x22, 0x01, 0x07, 0x00, 0x20, 0x40, 0x00, 0x00, 
0x40, 0xf4, 0x00, 0x00, 0x22, 0x40, 0x00, 0x00, 0x30, 0xf4, 0x00, 0x00, 0x16, 0x01, 0x05, 0x00, 
0x15, 0x01, 0x09, 0x00, 0x17, 0x01, 0x07, 0x00, 0x2f, 0x01, 0x03, 0x00, 0x02, 0x00, 0x00, 0x00, 
0x00, 0x40, 0x00, 0x00, 0xc0, 0x11, 0x04, 0x00, 0x0b, 0x01, 0x09, 0x00, 0x0c, 0x01, 0x09, 0x00, 
0x0a, 0x01, 0x09, 0x00, 0x06, 0x40, 0x00, 0x00, 0xa0, 0x00, 0x00, 0x00, 0x05, 0x40, 0x00, 0x00, 
0xa0, 0x00, 0x00, 0x00, 0x04, 0x40, 0x00, 0x00, 0x10, 0x00, 0x00, 0x00, 0x09, 0x01, 0xf3, 0xff, 
0x05, 0x01, 0x41, 0x00, 0x10, 0x40, 0x00, 0x00, 0xf4, 0xb7, 0x03, 0x00, 0x16, 0x40, 0x00, 0x00, 
0x01, 0x00, 0x00, 0x00, 0x15, 0x40, 0x00, 0x00, 0x10, 0x09, 0x00, 0x00, 0x14, 0x40, 0x00, 0x00, 
0xe8, 0x00, 0x00, 0x00, 0x14, 0x01, 0x01, 0x81, 0x21, 0x01, 0x00, 0x00, 0x20, 0x01, 0x00, 0x00, 
0x22, 0x01, 0x00, 0x00, 0x16, 0x01, 0x03, 0x00, 0x15, 0x01, 0x03, 0x00, 0x17, 0x01, 0x7f, 0x00, 
0x2f, 0x01, 0x01, 0x00, 0x05, 0x00, 0x01, 0x00, 0x00, 0x40, 0x00, 0x00, 0x55, 0x01, 0x02, 0x00, 
0x0b, 0x01, 0x14, 0x00, 0x0c, 0x01, 0x14, 0x00, 0x0a, 0x01, 0x14, 0x00, 0x06, 0x40, 0x00, 0x00, 
0x01, 0x00, 0x00, 0x00, 0x05, 0x40, 0x00, 0x00, 0xf0, 0x13, 0x00, 0x00, 0x04, 0x40, 0x00, 0x00, 
0xe8, 0x00, 0x00, 0x00, 0x09, 0x01, 0x93, 0xff, 0x05, 0x01, 0x01, 0x00, 0x10, 0x40, 0x00, 0x00, 
0xc0, 0x11, 0x04, 0x00, 0x16, 0x40, 0x00, 0x00, 0xa0, 0x00, 0x00, 0x00, 0x15, 0x40, 0x00, 0x00, 
0xa0, 0x00, 0x00, 0x00, 0x14, 0x40, 0x00, 0x00, 0x10, 0x00, 0x00, 0x00, 0x14, 0x01, 0x41, 0x00, 
0x21, 0x01, 0x02, 0x00, 0x20, 0x01, 0x02, 0x00, 0x22, 0x01, 0x07, 0x00, 0x20, 0x40, 0x00, 0x00, 
0x80, 0xf4, 0x00, 0x00, 0x22, 0x40, 0x00, 0x00, 0x70, 0xf4, 0x00, 0x00, 0x16, 0x01, 0x05, 0x00, 
0x15, 0x01, 0x09, 0x00, 0x17, 0x01, 0x07, 0x00, 0x2f, 0x01, 0x03, 0x00, 0x02, 0x00, 0x00, 0x00, 
0x00, 0x40, 0x00, 0x00, 0xc0, 0x11, 0x04, 0x00, 0x0b, 0x01, 0x09, 0x00, 0x0c, 0x01, 0x09, 0x00, 
0x0a, 0x01, 0x09, 0x00, 0x06, 0x40, 0x00, 0x00, 0xa0, 0x00, 0x00, 0x00, 0x05, 0x40, 0x00, 0x00, 
0xa0, 0x00, 0x00, 0x00, 0x04, 0x40, 0x00, 0x00, 0x10, 0x00, 0x00, 0x00, 0x09, 0x01, 0xf3, 0xff, 
0x05, 0x01, 0x41, 0x00, 0x10, 0x40, 0x00, 0x00, 0xf5, 0xb7, 0x03, 0x00, 0x16, 0x40, 0x00, 0x00, 
0x01, 0x00, 0x00, 0x00, 0x15, 0x40, 0x00, 0x00, 0x10, 0x09, 0x00, 0x00, 0x14, 0x40, 0x00, 0x00, 
0xe8, 0x00, 0x00, 0x00, 0x14, 0x01, 0x01, 0x81, 0x21, 0x01, 0x00, 0x00, 0x20, 0x01, 0x00, 0x00, 
0x22, 0x01, 0x00, 0x00, 0x16, 0x01, 0x03, 0x00, 0x15, 0x01, 0x03, 0x00, 0x17, 0x01, 0x7f, 0x00, 
0x2f, 0x01, 0x01, 0x00, 0x05, 0x00, 0x01, 0x00, 0x00, 0x40, 0x00, 0x00, 0x56, 0x01, 0x02, 0x00, 
0x0b, 0x01, 0x14, 0x00, 0x0c, 0x01, 0x14, 0x00, 0x0a, 0x01, 0x14, 0x00, 0x06, 0x40, 0x00, 0x00, 
0x01, 0x00, 0x00, 0x00, 0x05, 0x40, 0x00, 0x00, 0xf0, 0x13, 0x00, 0x00, 0x04, 0x40, 0x00, 0x00, 
0xe8, 0x00, 0x00, 0x00, 0x09, 0x01, 0x93, 0xff, 0x05, 0x01, 0x01, 0x00, 0x10, 0x40, 0x00, 0x00, 
0xc0, 0x11, 0x04, 0x00, 0x16, 0x40, 0x00, 0x00, 0xa0, 0x00, 0x00, 0x00, 0x15, 0x40, 0x00, 0x00, 
0xa0, 0x00, 0x00, 0x00, 0x14, 0x40, 0x00, 0x00, 0x10, 0x00, 0x00, 0x00, 0x14, 0x01, 0x41, 0x00, 
0x21, 0x01, 0x02, 0x00, 0x20, 0x01, 0x02, 0x00, 0x22, 0x01, 0x07, 0x00, 0x20, 0x40, 0x00, 0x00, 
0xc0, 0xf4, 0x00, 0x00, 0x22, 0x40, 0x00, 0x00, 0xb0, 0xf4, 0x00, 0x00, 0x16, 0x01, 0x05, 0x00, 
0x15, 0x01, 0x09, 0x00, 0x17, 0x01, 0x07, 0x00, 0x2f, 0x01, 0x03, 0x00, 0x02, 0x00, 0x00, 0x00, 
0x00, 0x40, 0x00, 0x00, 0xc0, 0x11, 0x04, 0x00, 0x0b, 0x01, 0x09, 0x00, 0x0c, 0x01, 0x09, 0x00, 
0x0a, 0x01, 0x09, 0x00, 0x06, 0x40, 0x00, 0x00, 0xa0, 0x00, 0x00, 0x00, 0x05, 0x40, 0x00, 0x00, 
0xa0, 0x00, 0x00, 0x00, 0x04, 0x40, 0x00, 0x00, 0x10, 0x00, 0x00, 0x00, 0x09, 0x01, 0xf3, 0xff, 
0x05, 0x01, 0x41, 0x00, 0x10, 0x40, 0x00, 0x00, 0xf6, 0xb7, 0x03, 0x00, 0x16, 0x40, 0x00, 0x00, 
0x01, 0x00, 0x00, 0x00, 0x15, 0x40, 0x00, 0x00, 0x10, 0x09, 0x00, 0x00, 0x14, 0x40, 0x00, 0x00, 
0xe8, 0x00, 0x00, 0x00, 0x14, 0x01, 0x01, 0x81, 0x21, 0x01, 0x00, 0x00, 0x20, 0x01, 0x00, 0x00, 
0x22, 0x01, 0x00, 0x00, 0x16, 0x01, 0x03, 0x00, 0x15, 0x01, 0x03, 0x00, 0x17, 0x01, 0x7f, 0x00, 
0x2f, 0x01, 0x01, 0x00, 0x05, 0x00, 0x01, 0x00, 0x00, 0x40, 0x00, 0x00, 0x57, 0x01, 0x02, 0x00, 
0x0b, 0x01, 0x14, 0x00, 0x0c, 0x01, 0x14, 0x00, 0x0a, 0x01, 0x14, 0x00, 0x06, 0x40, 0x00, 0x00, 
0x01, 0x00, 0x00, 0x00, 0x05, 0x40, 0x00, 0x00, 0xf0, 0x13, 0x00, 0x00, 0x04, 0x40, 0x00, 0x00, 
0xe8, 0x00, 0x00, 0x00, 0x09, 0x01, 0x93, 0xff, 0x05, 0x01, 0x01, 0x00, 0x10, 0x40, 0x00, 0x00, 
0xc0, 0x11, 0x04, 0x00, 0x16, 0x40, 0x00, 0x00, 0xa0, 0x00, 0x00, 0x00, 0x15, 0x40, 0x00, 0x00, 
0xa0, 0x00, 0x00, 0x00, 0x14, 0x40, 0x00, 0x00, 0x10, 0x00, 0x00, 0x00, 0x14, 0x01, 0x41, 0x00, 
0x21, 0x01, 0x02, 0x00, 0x20, 0x01, 0x02, 0x00, 0x22, 0x01, 0x07, 0x00, 0x20, 0x40, 0x00, 0x00, 
0x00, 0xf5, 0x00, 0x00, 0x22, 0x40, 0x00, 0x00, 0xf0, 0xf4, 0x00, 0x00, 0x16, 0x01, 0x05, 0x00, 
0x15, 0x01, 0x09, 0x00, 0x17, 0x01, 0x07, 0x00, 0x2f, 0x01, 0x03, 0x00, 0x02, 0x00, 0x00, 0x00, 
0x00, 0x40, 0x00, 0x00, 0xc0, 0x11, 0x04, 0x00, 0x0b, 0x01, 0x09, 0x00, 0x0c, 0x01, 0x09, 0x00, 
0x0a, 0x01, 0x09, 0x00, 0x06, 0x40, 0x00, 0x00, 0xa0, 0x00, 0x00, 0x00, 0x05, 0x40, 0x00, 0x00, 
0xa0, 0x00, 0x00, 0x00, 0x04, 0x40, 0x00, 0x00, 0x10, 0x00, 0x00, 0x00, 0x09, 0x01, 0xf3, 0xff, 
0x05, 0x01, 0x41, 0x00, 0x10, 0x40, 0x00, 0x00, 0xf7, 0xb7, 0x03, 0x00, 0x16, 0x40, 0x00, 0x00, 
0x01, 0x00, 0x00, 0x00, 0x15, 0x40, 0x00, 0x00, 0x10, 0x09, 0x00, 0x00, 0x14, 0x40, 0x00, 0x00, 
0xe8, 0x00, 0x00, 0x00, 0x14, 0x01, 0x01, 0x81, 0x21, 0x01, 0x00, 0x00, 0x20, 0x01, 0x00, 0x00, 
0x22, 0x01, 0x00, 0x00, 0x16, 0x01, 0x03, 0x00, 0x15, 0x01, 0x03, 0x00, 0x17, 0x01, 0x7f, 0x00, 
0x2f, 0x01, 0x01, 0x00, 0x05, 0x00, 0x01, 0x00, 0x00, 0x40, 0x00, 0x00, 0x58, 0x01, 0x02, 0x00, 
0x0b, 0x01, 0x14, 0x00, 0x0c, 0x01, 0x14, 0x00, 0x0a, 0x01, 0x14, 0x00, 0x06, 0x40, 0x00, 0x00, 
0x01, 0x00, 0x00, 0x00, 0x05, 0x40, 0x00, 0x00, 0xf0, 0x13, 0x00, 0x00, 0x04, 0x40, 0x00, 0x00, 
0xe8, 0x00, 0x00, 0x00, 0x09, 0x01, 0x93, 0xff, 0x05, 0x01, 0x01, 0x00, 0x10, 0x40, 0x00, 0x00, 
0xc0, 0x11, 0x04, 0x00, 0x16, 0x40, 0x00, 0x00, 0xa0, 0x00, 0x00, 0x00, 0x15, 0x40, 0x00, 0x00, 
0xa0, 0x00, 0x00, 0x00, 0x14, 0x40, 0x00, 0x00, 0x10, 0x00, 0x00, 0x00, 0x14, 0x01, 0x41, 0x00, 
0x21, 0x01, 0x02, 0x00, 0x20, 0x01, 0x02, 0x00, 0x22, 0x01, 0x07, 0x00, 0x20, 0x40, 0x00, 0x00, 
0x40, 0xf5, 0x00, 0x00, 0x22, 0x40, 0x00, 0x00, 0x30, 0xf5, 0x00, 0x00, 0x16, 0x01, 0x05, 0x00, 
0x15, 0x01, 0x09, 0x00, 0x17, 0x01, 0x07, 0x00, 0x2f, 0x01, 0x03, 0x00, 0x02, 0x00, 0x00, 0x00, 
0x00, 0x40, 0x00, 0x00, 0xc0, 0x11, 0x04, 0x00, 0x0b, 0x01, 0x09, 0x00, 0x0c, 0x01, 0x09, 0x00, 
0x0a, 0x01, 0x09, 0x00, 0x06, 0x40, 0x00, 0x00, 0xa0, 0x00, 0x00, 0x00, 0x05, 0x40, 0x00, 0x00, 
0xa0, 0x00, 0x00, 0x00, 0x04, 0x40, 0x00, 0x00, 0x10, 0x00, 0x00, 0x00, 0x09, 0x01, 0xf3, 0xff, 
0x05, 0x01, 0x41, 0x00, 0x10, 0x40, 0x00, 0x00, 0xf8, 0xb7, 0x03, 0x00, 0x16, 0x40, 0x00, 0x00, 
0x01, 0x00, 0x00, 0x00, 0x15, 0x40, 0x00, 0x00, 0x10, 0x09, 0x00, 0x00, 0x14, 0x40, 0x00, 0x00, 
0xe8, 0x00, 0x00, 0x00, 0x14, 0x01, 0x01, 0x81, 0x21, 0x01, 0x00, 0x00, 0x20, 0x01, 0x00, 0x00, 
0x22, 0x01, 0x00, 0x00, 0x16, 0x01, 0x03, 0x00, 0x15, 0x01, 0x03, 0x00, 0x17, 0x01, 0x7f, 0x00, 
0x2f, 0x01, 0x01, 0x00, 0x05, 0x00, 0x01, 0x00, 0x00, 0x40, 0x00, 0x00, 0x59, 0x01, 0x02, 0x00, 
0x0b, 0x01, 0x14, 0x00, 0x0c, 0x01, 0x14, 0x00, 0x0a, 0x01, 0x14, 0x00, 0x06, 0x40, 0x00, 0x00, 
0x01, 0x00, 0x00, 0x00, 0x05, 0x40, 0x00, 0x00, 0xf0, 0x13, 0x00, 0x00, 0x04, 0x40, 0x00, 0x00, 
0xe8, 0x00, 0x00, 0x00, 0x09, 0x01, 0x93, 0xff, 0x05, 0x01, 0x01, 0x00, 0x10, 0x40, 0x00, 0x00, 
0xc0, 0x11, 0x04, 0x00, 0x16, 0x40, 0x00, 0x00, 0xa0, 0x00, 0x00, 0x00, 0x15, 0x40, 0x00, 0x00, 
0xa0, 0x00, 0x00, 0x00, 0x14, 0x40, 0x00, 0x00, 0x10, 0x00, 0x00, 0x00, 0x14, 0x01, 0x41, 0x00, 
0x21, 0x01, 0x02, 0x00, 0x20, 0x01, 0x02, 0x00, 0x22, 0x01, 0x07, 0x00, 0x20, 0x40, 0x00, 0x00, 
0x80, 0xf5, 0x00, 0x00, 0x22, 0x40, 0x00, 0x00, 0x70, 0xf5, 0x00, 0x00, 0x16, 0x01, 0x05, 0x00, 
0x15, 0x01, 0x09, 0x00, 0x17, 0x01, 0x07, 0x00, 0x2f, 0x01, 0x03, 0x00, 0x02, 0x00, 0x00, 0x00, 
0x00, 0x40, 0x00, 0x00, 0xc0, 0x11, 0x04, 0x00, 0x0b, 0x01, 0x09, 0x00, 0x0c, 0x01, 0x09, 0x00, 
0x0a, 0x01, 0x09, 0x00, 0x06, 0x40, 0x00, 0x00, 0xa0, 0x00, 0x00, 0x00, 0x05, 0x40, 0x00, 0x00, 
0xa0, 0x00, 0x00, 0x00, 0x04, 0x40, 0x00, 0x00, 0x10, 0x00, 0x00, 0x00, 0x09, 0x01, 0xf3, 0xff, 
0x05, 0x01, 0x41, 0x00, 0x10, 0x40, 0x00, 0x00, 0xf9, 0xb7, 0x03, 0x00, 0x16, 0x40, 0x00, 0x00, 
0x01, 0x00, 0x00, 0x00, 0x15, 0x40, 0x00, 0x00, 0x10, 0x09, 0x00, 0x00, 0x14, 0x40, 0x00, 0x00, 
0xe8, 0x00, 0x00, 0x00, 0x14, 0x01, 0x01, 0x81, 0x21, 0x01, 0x00, 0x00, 0x20, 0x01, 0x00, 0x00, 
0x22, 0x01, 0x00, 0x00, 0x16, 0x01, 0x03, 0x00, 0x15, 0x01, 0x03, 0x00, 0x17, 0x01, 0x7f, 0x00, 
0x2f, 0x01, 0x01, 0x00, 0x05, 0x00, 0x01, 0x00, 0x00, 0x40, 0x00, 0x00, 0x5a, 0x01, 0x02, 0x00, 
0x0b, 0x01, 0x14, 0x00, 0x0c, 0x01, 0x14, 0x00, 0x0a, 0x01, 0x14, 0x00, 0x06, 0x40, 0x00, 0x00, 
0x01, 0x00, 0x00, 0x00, 0x05, 0x40, 0x00, 0x00, 0xf0, 0x13, 0x00, 0x00, 0x04, 0x40, 0x00, 0x00, 
0xe8, 0x00, 0x00, 0x00, 0x09, 0x01, 0x93, 0xff, 0x05, 0x01, 0x01, 0x00, 0x10, 0x40, 0x00, 0x00, 
0xc0, 0x11, 0x04, 0x00, 0x16, 0x40, 0x00, 0x00, 0xa0, 0x00, 0x00, 0x00, 0x15, 0x40, 0x00, 0x00, 
0xa0, 0x00, 0x00, 0x00, 0x14, 0x40, 0x00, 0x00, 0x10, 0x00, 0x00, 0x00, 0x14, 0x01, 0x41, 0x00, 
0x21, 0x01, 0x02, 0x00, 0x20, 0x01, 0x02, 0x00, 0x22, 0x01, 0x07, 0x00, 0x20, 0x40, 0x00, 0x00, 
0xc0, 0xf5, 0x00, 0x00, 0x22, 0x40, 0x00, 0x00, 0xb0, 0xf5, 0x00, 0x00, 0x16, 0x01, 0x05, 0x00, 
0x15, 0x01, 0x09, 0x00, 0x17, 0x01, 0x07, 0x00, 0x2f, 0x01, 0x03, 0x00, 0x02, 0x00, 0x00, 0x00, 
0x00, 0x40, 0x00, 0x00, 0xc0, 0x11, 0x04, 0x00, 0x0b, 0x01, 0x09, 0x00, 0x0c, 0x01, 0x09, 0x00, 
0x0a, 0x01, 0x09, 0x00, 0x06, 0x40, 0x00, 0x00, 0xa0, 0x00, 0x00, 0x00, 0x05, 0x40, 0x00, 0x00, 
0xa0, 0x00, 0x00, 0x00, 0x04, 0x40, 0x00, 0x00, 0x10, 0x00, 0x00, 0x00, 0x09, 0x01, 0xf3, 0xff, 
0x05, 0x01, 0x41, 0x00, 0x10, 0x40, 0x00, 0x00, 0xfa, 0xb7, 0x03, 0x00, 0x16, 0x40, 0x00, 0x00, 
0x01, 0x00, 0x00, 0x00, 0x15, 0x40, 0x00, 0x00, 0x10, 0x09, 0x00, 0x00, 0x14, 0x40, 0x00, 0x00, 
0xe8, 0x00, 0x00, 0x00, 0x14, 0x01, 0x01, 0x81, 0x21, 0x01, 0x00, 0x00, 0x20, 0x01, 0x00, 0x00, 
0x22, 0x01, 0x00, 0x00, 0x16, 0x01, 0x03, 0x00, 0x15, 0x01, 0x03, 0x00, 0x17, 0x01, 0x7f, 0x00, 
0x2f, 0x01, 0x01, 0x00, 0x05, 0x00, 0x01, 0x00, 0x00, 0x40, 0x00, 0x00, 0x5b, 0x01, 0x02, 0x00, 
0x0b, 0x01, 0x14, 0x00, 0x0c, 0x01, 0x14, 0x00, 0x0a, 0x01, 0x14, 0x00, 0x06, 0x40, 0x00, 0x00, 
0x01, 0x00, 0x00, 0x00, 0x05, 0x40, 0x00, 0x00, 0xf0, 0x13, 0x00, 0x00, 0x04, 0x40, 0x00, 0x00, 
0xe8, 0x00, 0x00, 0x00, 0x09, 0x01, 0x93, 0xff, 0x05, 0x01, 0x01, 0x00, 0x10, 0x40, 0x00, 0x00, 
0xc0, 0x11, 0x04, 0x00, 0x16, 0x40, 0x00, 0x00, 0xa0, 0x00, 0x00, 0x00, 0x15, 0x40, 0x00, 0x00, 
0xa0, 0x00, 0x00, 0x00, 0x14, 0x40, 0x00, 0x00, 0x10, 0x00, 0x00, 0x00, 0x14, 0x01, 0x41, 0x00, 
0x21, 0x01, 0x02, 0x00, 0x20, 0x01, 0x02, 0x00, 0x22, 0x01, 0x07, 0x00, 0x20, 0x40, 0x00, 0x00, 
0x00, 0xf6, 0x00, 0x00, 0x22, 0x40, 0x00, 0x00, 0xf0, 0xf5, 0x00, 0x00, 0x16, 0x01, 0x05, 0x00, 
0x15, 0x01, 0x09, 0x00, 0x17, 0x01, 0x07, 0x00, 0x2f, 0x01, 0x03, 0x00, 0x02, 0x00, 0x00, 0x00, 
0x00, 0x40, 0x00, 0x00, 0xc0, 0x11, 0x04, 0x00, 0x0b, 0x01, 0x09, 0x00, 0x0c, 0x01, 0x09, 0x00, 
0x0a, 0x01, 0x09, 0x00, 0x06, 0x40, 0x00, 0x00, 0xa0, 0x00, 0x00, 0x00, 0x05, 0x40, 0x00, 0x00, 
0xa0, 0x00, 0x00, 0x00, 0x04, 0x40, 0x00, 0x00, 0x10, 0x00, 0x00, 0x00, 0x09, 0x01, 0xf3, 0xff, 
0x05, 0x01, 0x41, 0x00, 0x10, 0x40, 0x00, 0x00, 0xfb, 0xb7, 0x03, 0x00, 0x16, 0x40, 0x00, 0x00, 
0x01, 0x00, 0x00, 0x00, 0x15, 0x40, 0x00, 0x00, 0x10, 0x09, 0x00, 0x00, 0x14, 0x40, 0x00, 0x00, 
0xe8, 0x00, 0x00, 0x00, 0x14, 0x01, 0x01, 0x81, 0x21, 0x01, 0x00, 0x00, 0x20, 0x01, 0x00, 0x00, 
0x22, 0x01, 0x00, 0x00, 0x16, 0x01, 0x03, 0x00, 0x15, 0x01, 0x03, 0x00, 0x17, 0x01, 0x7f, 0x00, 
0x2f, 0x01, 0x01, 0x00, 0x05, 0x00, 0x01, 0x00, 0x00, 0x40, 0x00, 0x00, 0x5c, 0x01, 0x02, 0x00, 
0x0b, 0x01, 0x14, 0x00, 0x0c, 0x01, 0x14, 0x00, 0x0a, 0x01, 0x14, 0x00, 0x06, 0x40, 0x00, 0x00, 
0x01, 0x00, 0x00, 0x00, 0x05, 0x40, 0x00, 0x00, 0xf0, 0x13, 0x00, 0x00, 0x04, 0x40, 0x00, 0x00, 
0xe8, 0x00, 0x00, 0x00, 0x09, 0x01, 0x93, 0xff, 0x05, 0x01, 0x01, 0x00, 0x10, 0x40, 0x00, 0x00, 
0xc0, 0x11, 0x04, 0x00, 0x16, 0x40, 0x00, 0x00, 0xa0, 0x00, 0x00, 0x00, 0x15, 0x40, 0x00, 0x00, 
0xa0, 0x00, 0x00, 0x00, 0x14, 0x40, 0x00, 0x00, 0x10, 0x00, 0x00, 0x00, 0x14, 0x01, 0x41, 0x00, 
0x21, 0x01, 0x02, 0x00, 0x20, 0x01, 0x02, 0x00, 0x22, 0x01, 0x07, 0x00, 0x20, 0x40, 0x00, 0x00, 
0x40, 0xf6, 0x00, 0x00, 0x22, 0x40, 0x00, 0x00, 0x30, 0xf6, 0x00, 0x00, 0x16, 0x01, 0x05, 0x00, 
0x15, 0x01, 0x09, 0x00, 0x17, 0x01, 0x07, 0x00, 0x2f, 0x01, 0x03, 0x00, 0x02, 0x00, 0x00, 0x00, 
0x00, 0x40, 0x00, 0x00, 0xc0, 0x11, 0x04, 0x00, 0x0b, 0x01, 0x09, 0x00, 0x0c, 0x01, 0x09, 0x00, 
0x0a, 0x01, 0x09, 0x00, 0x06, 0x40, 0x00, 0x00, 0xa0, 0x00, 0x00, 0x00, 0x05, 0x40, 0x00, 0x00, 
0xa0, 0x00, 0x00, 0x00, 0x04, 0x40, 0x00, 0x00, 0x10, 0x00, 0x00, 0x00, 0x09, 0x01, 0xf3, 0xff, 
0x05, 0x01, 0x41, 0x00, 0x10, 0x40, 0x00, 0x00, 0xfc, 0xb7, 0x03, 0x00, 0x16, 0x40, 0x00, 0x00, 
0x01, 0x00, 0x00, 0x00, 0x15, 0x40, 0x00, 0x00, 0x10, 0x09, 0x00, 0x00, 0x14, 0x40, 0x00, 0x00, 
0xe8, 0x00, 0x00, 0x00, 0x14, 0x01, 0x01, 0x81, 0x21, 0x01, 0x00, 0x00, 0x20, 0x01, 0x00, 0x00, 
0x22, 0x01, 0x00, 0x00, 0x16, 0x01, 0x03, 0x00, 0x15, 0x01, 0x03, 0x00, 0x17, 0x01, 0x7f, 0x00, 
0x2f, 0x01, 0x01, 0x00, 0x05, 0x00, 0x01, 0x00, 0x00, 0x40, 0x00, 0x00, 0x5d, 0x01, 0x02, 0x00, 
0x0b, 0x01, 0x14, 0x00, 0x0c, 0x01, 0x14, 0x00, 0x0a, 0x01, 0x14, 0x00, 0x06, 0x40, 0x00, 0x00, 
0x01, 0x00, 0x00, 0x00, 0x05, 0x40, 0x00, 0x00, 0xf0, 0x13, 0x00, 0x00, 0x04, 0x40, 0x00, 0x00, 
0xe8, 0x00, 0x00, 0x00, 0x09, 0x01, 0x93, 0xff, 0x05, 0x01, 0x01, 0x00, 0x10, 0x40, 0x00, 0x00, 
0xc0, 0x11, 0x04, 0x00, 0x16, 0x40, 0x00, 0x00, 0xa0, 0x00, 0x00, 0x00, 0x15, 0x40, 0x00, 0x00, 
0xa0, 0x00, 0x00, 0x00, 0x14, 0x40, 0x00, 0x00, 0x10, 0x00, 0x00, 0x00, 0x14, 0x01, 0x41, 0x00, 
0x21, 0x01, 0x02, 0x00, 0x20, 0x01, 0x02, 0x00, 0x22, 0x01, 0x07, 0x00, 0x20, 0x40, 0x00, 0x00, 
0x80, 0xf6, 0x00, 0x00, 0x22, 0x40, 0x00, 0x00, 0x70, 0xf6, 0x00, 0x00, 0x16, 0x01, 0x05, 0x00, 
0x15, 0x01, 0x09, 0x00, 0x17, 0x01, 0x07, 0x00, 0x2f, 0x01, 0x03, 0x00, 0x02, 0x00, 0x00, 0x00, 
0x00, 0x40, 0x00, 0x00, 0xc0, 0x11, 0x04, 0x00, 0x0b, 0x01, 0x09, 0x00, 0x0c, 0x01, 0x09, 0x00, 
0x0a, 0x01, 0x09, 0x00, 0x06, 0x40, 0x00, 0x00, 0xa0, 0x00, 0x00, 0x00, 0x05, 0x40, 0x00, 0x00, 
0xa0, 0x00, 0x00, 0x00, 0x04, 0x40, 0x00, 0x00, 0x10, 0x00, 0x00, 0x00, 0x09, 0x01, 0xf3, 0xff, 
0x05, 0x01, 0x41, 0x00, 0x10, 0x40, 0x00, 0x00, 0xfd, 0xb7, 0x03, 0x00, 0x16, 0x40, 0x00, 0x00, 
0x01, 0x00, 0x00, 0x00, 0x15, 0x40, 0x00, 0x00, 0x10, 0x09, 0x00, 0x00, 0x14, 0x40, 0x00, 0x00, 
0xe8, 0x00, 0x00, 0x00, 0x14, 0x01, 0x01, 0x81, 0x21, 0x01, 0x00, 0x00, 0x20, 0x01, 0x00, 0x00, 
0x22, 0x01, 0x00, 0x00, 0x16, 0x01, 0x03, 0x00, 0x15, 0x01, 0x03, 0x00, 0x17, 0x01, 0x7f, 0x00, 
0x2f, 0x01, 0x01, 0x00, 0x05, 0x00, 0x01, 0x00, 0x00, 0x40, 0x00, 0x00, 0x5e, 0x01, 0x02, 0x00, 
0x0b, 0x01, 0x14, 0x00, 0x0c, 0x01, 0x14, 0x00, 0x0a, 0x01, 0x14, 0x00, 0x06, 0x40, 0x00, 0x00, 
0x01, 0x00, 0x00, 0x00, 0x05, 0x40, 0x00, 0x00, 0xf0, 0x13, 0x00, 0x00, 0x04, 0x40, 0x00, 0x00, 
0xe8, 0x00, 0x00, 0x00, 0x09, 0x01, 0x93, 0xff, 0x05, 0x01, 0x01, 0x00, 0x10, 0x40, 0x00, 0x00, 
0xc0, 0x11, 0x04, 0x00, 0x16, 0x40, 0x00, 0x00, 0xa0, 0x00, 0x00, 0x00, 0x15, 0x40, 0x00, 0x00, 
0xa0, 0x00, 0x00, 0x00, 0x14, 0x40, 0x00, 0x00, 0x10, 0x00, 0x00, 0x00, 0x14, 0x01, 0x41, 0x00, 
0x21, 0x01, 0x02, 0x00, 0x20, 0x01, 0x02, 0x00, 0x22, 0x01, 0x07, 0x00, 0x20, 0x40, 0x00, 0x00, 
0xc0, 0xf6, 0x00, 0x00, 0x22, 0x40, 0x00, 0x00, 0xb0, 0xf6, 0x00, 0x00, 0x16, 0x01, 0x05, 0x00, 
0x15, 0x01, 0x09, 0x00, 0x17, 0x01, 0x07, 0x00, 0x2f, 0x01, 0x03, 0x00, 0x02, 0x00, 0x00, 0x00, 
0x00, 0x40, 0x00, 0x00, 0xc0, 0x11, 0x04, 0x00, 0x0b, 0x01, 0x09, 0x00, 0x0c, 0x01, 0x09, 0x00, 
0x0a, 0x01, 0x09, 0x00, 0x06, 0x40, 0x00, 0x00, 0xa0, 0x00, 0x00, 0x00, 0x05, 0x40, 0x00, 0x00, 
0xa0, 0x00, 0x00, 0x00, 0x04, 0x40, 0x00, 0x00, 0x10, 0x00, 0x00, 0x00, 0x09, 0x01, 0xf3, 0xff, 
0x05, 0x01, 0x41, 0x00, 0x10, 0x40, 0x00, 0x00, 0xfe, 0xb7, 0x03, 0x00, 0x16, 0x40, 0x00, 0x00, 
0x01, 0x00, 0x00, 0x00, 0x15, 0x40, 0x00, 0x00, 0x10, 0x09, 0x00, 0x00, 0x14, 0x40, 0x00, 0x00, 
0xe8, 0x00, 0x00, 0x00, 0x14, 0x01, 0x01, 0x81, 0x21, 0x01, 0x00, 0x00, 0x20, 0x01, 0x00, 0x00, 
0x22, 0x01, 0x00, 0x00, 0x16, 0x01, 0x03, 0x00, 0x15, 0x01, 0x03, 0x00, 0x17, 0x01, 0x7f, 0x00, 
0x2f, 0x01, 0x01, 0x00, 0x05, 0x00, 0x01, 0x00, 0x00, 0x40, 0x00, 0x00, 0x5f, 0x01, 0x02, 0x00, 
0x0b, 0x01, 0x14, 0x00, 0x0c, 0x01, 0x14, 0x00, 0x0a, 0x01, 0x14, 0x00, 0x06, 0x40, 0x00, 0x00, 
0x01, 0x00, 0x00, 0x00, 0x05, 0x40, 0x00, 0x00, 0xf0, 0x13, 0x00, 0x00, 0x04, 0x40, 0x00, 0x00, 
0xe8, 0x00, 0x00, 0x00, 0x09, 0x01, 0x93, 0xff, 0x05, 0x01, 0x01, 0x00, 0x10, 0x40, 0x00, 0x00, 
0xc0, 0x11, 0x04, 0x00, 0x16, 0x40, 0x00, 0x00, 0xa0, 0x00, 0x00, 0x00, 0x15, 0x40, 0x00, 0x00, 
0xa0, 0x00, 0x00, 0x00, 0x14, 0x40, 0x00, 0x00, 0x10, 0x00, 0x00, 0x00, 0x14, 0x01, 0x41, 0x00, 
0x21, 0x01, 0x02, 0x00, 0x20, 0x01, 0x02, 0x00, 0x22, 0x01, 0x07, 0x00, 0x20, 0x40, 0x00, 0x00, 
0x00, 0xf7, 0x00, 0x00, 0x22, 0x40, 0x00, 0x00, 0xf0, 0xf6, 0x00, 0x00, 0x16, 0x01, 0x05, 0x00, 
0x15, 0x01, 0x09, 0x00, 0x17, 0x01, 0x07, 0x00, 0x2f, 0x01, 0x03, 0x00, 0x02, 0x00, 0x00, 0x00, 
0x00, 0x40, 0x00, 0x00, 0xc0, 0x11, 0x04, 0x00, 0x0b, 0x01, 0x09, 0x00, 0x0c, 0x01, 0x09, 0x00, 
0x0a, 0x01, 0x09, 0x00, 0x06, 0x40, 0x00, 0x00, 0xa0, 0x00, 0x00, 0x00, 0x05, 0x40, 0x00, 0x00, 
0xa0, 0x00, 0x00, 0x00, 0x04, 0x40, 0x00, 0x00, 0x10, 0x00, 0x00, 0x00, 0x09, 0x01, 0xf3, 0xff, 
0x05, 0x01, 0x41, 0x00, 0x10, 0x40, 0x00, 0x00, 0xff, 0xb7, 0x03, 0x00, 0x16, 0x40, 0x00, 0x00, 
0x01, 0x00, 0x00, 0x00, 0x15, 0x40, 0x00, 0x00, 0x10, 0x09, 0x00, 0x00, 0x14, 0x40, 0x00, 0x00, 
0xe8, 0x00, 0x00, 0x00, 0x14, 0x01, 0x01, 0x81, 0x21, 0x01, 0x00, 0x00, 0x20, 0x01, 0x00, 0x00, 
0x22, 0x01, 0x00, 0x00, 0x16, 0x01, 0x03, 0x00, 0x15, 0x01, 0x03, 0x00, 0x17, 0x01, 0x7f, 0x00, 
0x2f, 0x01, 0x01, 0x00, 0x05, 0x00, 0x01, 0x00, 0x00, 0x40, 0x00, 0x00, 0x60, 0x01, 0x02, 0x00, 
0x0b, 0x01, 0x14, 0x00, 0x0c, 0x01, 0x14, 0x00, 0x0a, 0x01, 0x14, 0x00, 0x06, 0x40, 0x00, 0x00, 
0x01, 0x00, 0x00, 0x00, 0x05, 0x40, 0x00, 0x00, 0xf0, 0x13, 0x00, 0x00, 0x04, 0x40, 0x00, 0x00, 
0xe8, 0x00, 0x00, 0x00, 0x09, 0x01, 0x93, 0xff, 0x05, 0x01, 0x01, 0x00, 0x10, 0x40, 0x00, 0x00, 
0xc0, 0x11, 0x04, 0x00, 0x16, 0x40, 0x00, 0x00, 0xa0, 0x00, 0x00, 0x00, 0x15, 0x40, 0x00, 0x00, 
0xa0, 0x00, 0x00, 0x00, 0x14, 0x40, 0x00, 0x00, 0x10, 0x00, 0x00, 0x00, 0x14, 0x01, 0x41, 0x00, 
0x21, 0x01, 0x02, 0x00, 0x20, 0x01, 0x02, 0x00, 0x22, 0x01, 0x07, 0x00, 0x20, 0x40, 0x00, 0x00, 
0x40, 0xf7, 0x00, 0x00, 0x22, 0x40, 0x00, 0x00, 0x30, 0xf7, 0x00, 0x00, 0x16, 0x01, 0x05, 0x00, 
0x15, 0x01, 0x09, 0x00, 0x17, 0x01, 0x07, 0x00, 0x2f, 0x01, 0x03, 0x00, 0x02, 0x00, 0x00, 0x00, 
0x00, 0x40, 0x00, 0x00, 0xc0, 0x11, 0x04, 0x00, 0x0b, 0x01, 0x09, 0x00, 0x0c, 0x01, 0x09, 0x00, 
0x0a, 0x01, 0x09, 0x00, 0x06, 0x40, 0x00, 0x00, 0xa0, 0x00, 0x00, 0x00, 0x05, 0x40, 0x00, 0x00, 
0xa0, 0x00, 0x00, 0x00, 0x04, 0x40, 0x00, 0x00, 0x10, 0x00, 0x00, 0x00, 0x09, 0x01, 0xf3, 0xff, 
0x05, 0x01, 0x41, 0x00, 0x10, 0x40, 0x00, 0x00, 0x00, 0xb8, 0x03, 0x00, 0x16, 0x40, 0x00, 0x00, 
0x01, 0x00, 0x00, 0x00, 0x15, 0x40, 0x00, 0x00, 0x10, 0x09, 0x00, 0x00, 0x14, 0x40, 0x00, 0x00, 
0xe8, 0x00, 0x00, 0x00, 0x14, 0x01, 0x01, 0x81, 0x21, 0x01, 0x00, 0x00, 0x20, 0x01, 0x00, 0x00, 
0x22, 0x01, 0x00, 0x00, 0x16, 0x01, 0x03, 0x00, 0x15, 0x01, 0x03, 0x00, 0x17, 0x01, 0x7f, 0x00, 
0x2f, 0x01, 0x01, 0x00, 0x05, 0x00, 0x01, 0x00, 0x00, 0x40, 0x00, 0x00, 0x61, 0x01, 0x02, 0x00, 
0x0b, 0x01, 0x14, 0x00, 0x0c, 0x01, 0x14, 0x00, 0x0a, 0x01, 0x14, 0x00, 0x06, 0x40, 0x00, 0x00, 
0x01, 0x00, 0x00, 0x00, 0x05, 0x40, 0x00, 0x00, 0xf0, 0x13, 0x00, 0x00, 0x04, 0x40, 0x00, 0x00, 
0xe8, 0x00, 0x00, 0x00, 0x09, 0x01, 0x93, 0xff, 0x05, 0x01, 0x01, 0x00, 0x10, 0x40, 0x00, 0x00, 
0xc0, 0x11, 0x04, 0x00, 0x16, 0x40, 0x00, 0x00, 0xa0, 0x00, 0x00, 0x00, 0x15, 0x40, 0x00, 0x00, 
0xa0, 0x00, 0x00, 0x00, 0x14, 0x40, 0x00, 0x00, 0x10, 0x00, 0x00, 0x00, 0x14, 0x01, 0x41, 0x00, 
0x21, 0x01, 0x02, 0x00, 0x20, 0x01, 0x02, 0x00, 0x22, 0x01, 0x07, 0x00, 0x20, 0x40, 0x00, 0x00, 
0x80, 0xf7, 0x00, 0x00, 0x22, 0x40, 0x00, 0x00, 0x70, 0xf7, 0x00, 0x00, 0x16, 0x01, 0x05, 0x00, 
0x15, 0x01, 0x09, 0x00, 0x17, 0x01, 0x07, 0x00, 0x2f, 0x01, 0x03, 0x00, 0x02, 0x00, 0x00, 0x00, 
0x00, 0x40, 0x00, 0x00, 0xc0, 0x11, 0x04, 0x00, 0x0b, 0x01, 0x09, 0x00, 0x0c, 0x01, 0x09, 0x00, 
0x0a, 0x01, 0x09, 0x00, 0x06, 0x40, 0x00, 0x00, 0xa0, 0x00, 0x00, 0x00, 0x05, 0x40, 0x00, 0x00, 
0xa0, 0x00, 0x00, 0x00, 0x04, 0x40, 0x00, 0x00, 0x10, 0x00, 0x00, 0x00, 0x09, 0x01, 0xf3, 0xff, 
0x05, 0x01, 0x41, 0x00, 0x10, 0x40, 0x00, 0x00, 0x01, 0xb8, 0x03, 0x00, 0x16, 0x40, 0x00, 0x00, 
0x01, 0x00, 0x00, 0x00, 0x15, 0x40, 0x00, 0x00, 0x10, 0x09, 0x00, 0x00, 0x14, 0x40, 0x00, 0x00, 
0xe8, 0x00, 0x00, 0x00, 0x14, 0x01, 0x01, 0x81, 0x21, 0x01, 0x00, 0x00, 0x20, 0x01, 0x00, 0x00, 
0x22, 0x01, 0x00, 0x00, 0x16, 0x01, 0x03, 0x00, 0x15, 0x01, 0x03, 0x00, 0x17, 0x01, 0x7f, 0x00, 
0x2f, 0x01, 0x01, 0x00, 0x05, 0x00, 0x01, 0x00, 0x00, 0x40, 0x00, 0x00, 0x62, 0x01, 0x02, 0x00, 
0x0b, 0x01, 0x14, 0x00, 0x0c, 0x01, 0x14, 0x00, 0x0a, 0x01, 0x14, 0x00, 0x06, 0x40, 0x00, 0x00, 
0x01, 0x00, 0x00, 0x00, 0x05, 0x40, 0x00, 0x00, 0xf0, 0x13, 0x00, 0x00, 0x04, 0x40, 0x00, 0x00, 
0xe8, 0x00, 0x00, 0x00, 0x09, 0x01, 0x93, 0xff, 0x05, 0x01, 0x01, 0x00, 0x10, 0x40, 0x00, 0x00, 
0xc0, 0x11, 0x04, 0x00, 0x16, 0x40, 0x00, 0x00, 0xa0, 0x00, 0x00, 0x00, 0x15, 0x40, 0x00, 0x00, 
0xa0, 0x00, 0x00, 0x00, 0x14, 0x40, 0x00, 0x00, 0x10, 0x00, 0x00, 0x00, 0x14, 0x01, 0x41, 0x00, 
0x21, 0x01, 0x02, 0x00, 0x20, 0x01, 0x02, 0x00, 0x22, 0x01, 0x07, 0x00, 0x20, 0x40, 0x00, 0x00, 
0xc0, 0xf7, 0x00, 0x00, 0x22, 0x40, 0x00, 0x00, 0xb0, 0xf7, 0x00, 0x00, 0x16, 0x01, 0x05, 0x00, 
0x15, 0x01, 0x09, 0x00, 0x17, 0x01, 0x07, 0x00, 0x2f, 0x01, 0x03, 0x00, 0x02, 0x00, 0x00, 0x00, 
0x00, 0x40, 0x00, 0x00, 0xc0, 0x11, 0x04, 0x00, 0x0b, 0x01, 0x09, 0x00, 0x0c, 0x01, 0x09, 0x00, 
0x0a, 0x01, 0x09, 0x00, 0x06, 0x40, 0x00, 0x00, 0xa0, 0x00, 0x00, 0x00, 0x05, 0x40, 0x00, 0x00, 
0xa0, 0x00, 0x00, 0x00, 0x04, 0x40, 0x00, 0x00, 0x10, 0x00, 0x00, 0x00, 0x09, 0x01, 0xf3, 0xff, 
0x05, 0x01, 0x41, 0x00, 0x10, 0x40, 0x00, 0x00, 0x02, 0xb8, 0x03, 0x00, 0x16, 0x40, 0x00, 0x00, 
0x01, 0x00, 0x00, 0x00, 0x15, 0x40, 0x00, 0x00, 0x10, 0x09, 0x00, 0x00, 0x14, 0x40, 0x00, 0x00, 
0xe8, 0x00, 0x00, 0x00, 0x14, 0x01, 0x01, 0x81, 0x21, 0x01, 0x00, 0x00, 0x20, 0x01, 0x00, 0x00, 
0x22, 0x01, 0x00, 0x00, 0x16, 0x01, 0x03, 0x00, 0x15, 0x01, 0x03, 0x00, 0x17, 0x01, 0x7f, 0x00, 
0x2f, 0x01, 0x01, 0x00, 0x05, 0x00, 0x01, 0x00, 0x00, 0x40, 0x00, 0x00, 0x63, 0x01, 0x02, 0x00, 
0x0b, 0x01, 0x14, 0x00, 0x0c, 0x01, 0x14, 0x00, 0x0a, 0x01, 0x14, 0x00, 0x06, 0x40, 0x00, 0x00, 
0x01, 0x00, 0x00, 0x00, 0x05, 0x40, 0x00, 0x00, 0xf0, 0x13, 0x00, 0x00, 0x04, 0x40, 0x00, 0x00, 
0xe8, 0x00, 0x00, 0x00, 0x09, 0x01, 0x93, 0xff, 0x05, 0x01, 0x01, 0x00, 0x10, 0x40, 0x00, 0x00, 
0xc0, 0x11, 0x04, 0x00, 0x16, 0x40, 0x00, 0x00, 0xa0, 0x00, 0x00, 0x00, 0x15, 0x40, 0x00, 0x00, 
0xa0, 0x00, 0x00, 0x00, 0x14, 0x40, 0x00, 0x00, 0x10, 0x00, 0x00, 0x00, 0x14, 0x01, 0x41, 0x00, 
0x21, 0x01, 0x02, 0x00, 0x20, 0x01, 0x02, 0x00, 0x22, 0x01, 0x07, 0x00, 0x20, 0x40, 0x00, 0x00, 
0x00, 0xf8, 0x00, 0x00, 0x22, 0x40, 0x00, 0x00, 0xf0, 0xf7, 0x00, 0x00, 0x16, 0x01, 0x05, 0x00, 
0x15, 0x01, 0x09, 0x00, 0x17, 0x01, 0x07, 0x00, 0x2f, 0x01, 0x03, 0x00, 0x02, 0x00, 0x00, 0x00, 
0x00, 0x40, 0x00, 0x00, 0xc0, 0x11, 0x04, 0x00, 0x0b, 0x01, 0x09, 0x00, 0x0c, 0x01, 0x09, 0x00, 
0x0a, 0x01, 0x09, 0x00, 0x06, 0x40, 0x00, 0x00, 0xa0, 0x00, 0x00, 0x00, 0x05, 0x40, 0x00, 0x00, 
0xa0, 0x00, 0x00, 0x00, 0x04, 0x40, 0x00, 0x00, 0x10, 0x00, 0x00, 0x00, 0x09, 0x01, 0xf3, 0xff, 
0x05, 0x01, 0x41, 0x00, 0x10, 0x40, 0x00, 0x00, 0x03, 0xb8, 0x03, 0x00, 0x16, 0x40, 0x00, 0x00, 
0x01, 0x00, 0x00, 0x00, 0x15, 0x40, 0x00, 0x00, 0x10, 0x09, 0x00, 0x00, 0x14, 0x40, 0x00, 0x00, 
0xe8, 0x00, 0x00, 0x00, 0x14, 0x01, 0x01, 0x81, 0x21, 0x01, 0x00, 0x00, 0x20, 0x01, 0x00, 0x00, 
0x22, 0x01, 0x00, 0x00, 0x16, 0x01, 0x03, 0x00, 0x15, 0x01, 0x03, 0x00, 0x17, 0x01, 0x7f, 0x00, 
0x2f, 0x01, 0x01, 0x00, 0x05, 0x00, 0x01, 0x00, 0x00, 0x40, 0x00, 0x00, 0x64, 0x01, 0x02, 0x00, 
0x0b, 0x01, 0x14, 0x00, 0x0c, 0x01, 0x14, 0x00, 0x0a, 0x01, 0x14, 0x00, 0x06, 0x40, 0x00, 0x00, 
0x01, 0x00, 0x00, 0x00, 0x05, 0x40, 0x00, 0x00, 0xf0, 0x13, 0x00, 0x00, 0x04, 0x40, 0x00, 0x00, 
0xe8, 0x00, 0x00, 0x00, 0x09, 0x01, 0x93, 0xff, 0x05, 0x01, 0x01, 0x00, 0x10, 0x40, 0x00, 0x00, 
0xc0, 0x11, 0x04, 0x00, 0x16, 0x40, 0x00, 0x00, 0xa0, 0x00, 0x00, 0x00, 0x15, 0x40, 0x00, 0x00, 
0xa0, 0x00, 0x00, 0x00, 0x14, 0x40, 0x00, 0x00, 0x10, 0x00, 0x00, 0x00, 0x14, 0x01, 0x41, 0x00, 
0x21, 0x01, 0x02, 0x00, 0x20, 0x01, 0x02, 0x00, 0x22, 0x01, 0x07, 0x00, 0x20, 0x40, 0x00, 0x00, 
0x40, 0xf8, 0x00, 0x00, 0x22, 0x40, 0x00, 0x00, 0x30, 0xf8, 0x00, 0x00, 0x16, 0x01, 0x05, 0x00, 
0x15, 0x01, 0x09, 0x00, 0x17, 0x01, 0x07, 0x00, 0x2f, 0x01, 0x03, 0x00, 0x02, 0x00, 0x00, 0x00, 
0x00, 0x40, 0x00, 0x00, 0xc0, 0x11, 0x04, 0x00, 0x0b, 0x01, 0x09, 0x00, 0x0c, 0x01, 0x09, 0x00, 
0x0a, 0x01, 0x09, 0x00, 0x06, 0x40, 0x00, 0x00, 0xa0, 0x00, 0x00, 0x00, 0x05, 0x40, 0x00, 0x00, 
0xa0, 0x00, 0x00, 0x00, 0x04, 0x40, 0x00, 0x00, 0x10, 0x00, 0x00, 0x00, 0x09, 0x01, 0xf3, 0xff, 
0x05, 0x01, 0x41, 0x00, 0x10, 0x40, 0x00, 0x00, 0x04, 0xb8, 0x03, 0x00, 0x16, 0x40, 0x00, 0x00, 
0x01, 0x00, 0x00, 0x00, 0x15, 0x40, 0x00, 0x00, 0x10, 0x09, 0x00, 0x00, 0x14, 0x40, 0x00, 0x00, 
0xe8, 0x00, 0x00, 0x00, 0x14, 0x01, 0x01, 0x81, 0x21, 0x01, 0x00, 0x00, 0x20, 0x01, 0x00, 0x00, 
0x22, 0x01, 0x00, 0x00, 0x16, 0x01, 0x03, 0x00, 0x15, 0x01, 0x03, 0x00, 0x17, 0x01, 0x7f, 0x00, 
0x2f, 0x01, 0x01, 0x00, 0x05, 0x00, 0x01, 0x00, 0x00, 0x40, 0x00, 0x00, 0x65, 0x01, 0x02, 0x00, 
0x0b, 0x01, 0x14, 0x00, 0x0c, 0x01, 0x14, 0x00, 0x0a, 0x01, 0x14, 0x00, 0x06, 0x40, 0x00, 0x00, 
0x01, 0x00, 0x00, 0x00, 0x05, 0x40, 0x00, 0x00, 0xf0, 0x13, 0x00, 0x00, 0x04, 0x40, 0x00, 0x00, 
0xe8, 0x00, 0x00, 0x00, 0x09, 0x01, 0x93, 0xff, 0x05, 0x01, 0x01, 0x00, 0x10, 0x40, 0x00, 0x00, 
0xc0, 0x11, 0x04, 0x00, 0x16, 0x40, 0x00, 0x00, 0xa0, 0x00, 0x00, 0x00, 0x15, 0x40, 0x00, 0x00, 
0xa0, 0x00, 0x00, 0x00, 0x14, 0x40, 0x00, 0x00, 0x10, 0x00, 0x00, 0x00, 0x14, 0x01, 0x41, 0x00, 
0x21, 0x01, 0x02, 0x00, 0x20, 0x01, 0x02, 0x00, 0x22, 0x01, 0x07, 0x00, 0x20, 0x40, 0x00, 0x00, 
0x80, 0xf8, 0x00, 0x00, 0x22, 0x40, 0x00, 0x00, 0x70, 0xf8, 0x00, 0x00, 0x16, 0x01, 0x05, 0x00, 
0x15, 0x01, 0x09, 0x00, 0x17, 0x01, 0x07, 0x00, 0x2f, 0x01, 0x03, 0x00, 0x02, 0x00, 0x00, 0x00, 
0x00, 0x40, 0x00, 0x00, 0xc0, 0x11, 0x04, 0x00, 0x0b, 0x01, 0x09, 0x00, 0x0c, 0x01, 0x09, 0x00, 
0x0a, 0x01, 0x09, 0x00, 0x06, 0x40, 0x00, 0x00, 0xa0, 0x00, 0x00, 0x00, 0x05, 0x40, 0x00, 0x00, 
0xa0, 0x00, 0x00, 0x00, 0x04, 0x40, 0x00, 0x00, 0x10, 0x00, 0x00, 0x00, 0x09, 0x01, 0xf3, 0xff, 
0x05, 0x01, 0x41, 0x00, 0x10, 0x40, 0x00, 0x00, 0x05, 0xb8, 0x03, 0x00, 0x16, 0x40, 0x00, 0x00, 
0x01, 0x00, 0x00, 0x00, 0x15, 0x40, 0x00, 0x00, 0x10, 0x09, 0x00, 0x00, 0x14, 0x40, 0x00, 0x00, 
0xe8, 0x00, 0x00, 0x00, 0x14, 0x01, 0x01, 0x81, 0x21, 0x01, 0x00, 0x00, 0x20, 0x01, 0x00, 0x00, 
0x22, 0x01, 0x00, 0x00, 0x16, 0x01, 0x03, 0x00, 0x15, 0x01, 0x03, 0x00, 0x17, 0x01, 0x7f, 0x00, 
0x2f, 0x01, 0x01, 0x00, 0x05, 0x00, 0x01, 0x00, 0x00, 0x40, 0x00, 0x00, 0x66, 0x01, 0x02, 0x00, 
0x0b, 0x01, 0x14, 0x00, 0x0c, 0x01, 0x14, 0x00, 0x0a, 0x01, 0x14, 0x00, 0x06, 0x40, 0x00, 0x00, 
0x01, 0x00, 0x00, 0x00, 0x05, 0x40, 0x00, 0x00, 0xf0, 0x13, 0x00, 0x00, 0x04, 0x40, 0x00, 0x00, 
0xe8, 0x00, 0x00, 0x00, 0x09, 0x01, 0x93, 0xff, 0x05, 0x01, 0x01, 0x00, 0x10, 0x40, 0x00, 0x00, 
0xc0, 0x11, 0x04, 0x00, 0x16, 0x40, 0x00, 0x00, 0xa0, 0x00, 0x00, 0x00, 0x15, 0x40, 0x00, 0x00, 
0xa0, 0x00, 0x00, 0x00, 0x14, 0x40, 0x00, 0x00, 0x10, 0x00, 0x00, 0x00, 0x14, 0x01, 0x41, 0x00, 
0x21, 0x01, 0x02, 0x00, 0x20, 0x01, 0x02, 0x00, 0x22, 0x01, 0x07, 0x00, 0x20, 0x40, 0x00, 0x00, 
0xc0, 0xf8, 0x00, 0x00, 0x22, 0x40, 0x00, 0x00, 0xb0, 0xf8, 0x00, 0x00, 0x16, 0x01, 0x05, 0x00, 
0x15, 0x01, 0x09, 0x00, 0x17, 0x01, 0x07, 0x00, 0x2f, 0x01, 0x03, 0x00, 0x02, 0x00, 0x00, 0x00, 
0x00, 0x40, 0x00, 0x00, 0xc0, 0x11, 0x04, 0x00, 0x0b, 0x01, 0x09, 0x00, 0x0c, 0x01, 0x09, 0x00, 
0x0a, 0x01, 0x09, 0x00, 0x06, 0x40, 0x00, 0x00, 0xa0, 0x00, 0x00, 0x00, 0x05, 0x40, 0x00, 0x00, 
0xa0, 0x00, 0x00, 0x00, 0x04, 0x40, 0x00, 0x00, 0x10, 0x00, 0x00, 0x00, 0x09, 0x01, 0xf3, 0xff, 
0x05, 0x01, 0x41, 0x00, 0x10, 0x40, 0x00, 0x00, 0x06, 0xb8, 0x03, 0x00, 0x16, 0x40, 0x00, 0x00, 
0x01, 0x00, 0x00, 0x00, 0x15, 0x40, 0x00, 0x00, 0x10, 0x09, 0x00, 0x00, 0x14, 0x40, 0x00, 0x00, 
0xe8, 0x00, 0x00, 0x00, 0x14, 0x01, 0x01, 0x81, 0x21, 0x01, 0x00, 0x00, 0x20, 0x01, 0x00, 0x00, 
0x22, 0x01, 0x00, 0x00, 0x16, 0x01, 0x03, 0x00, 0x15, 0x01, 0x03, 0x00, 0x17, 0x01, 0x7f, 0x00, 
0x2f, 0x01, 0x01, 0x00, 0x05, 0x00, 0x01, 0x00, 0x00, 0x40, 0x00, 0x00, 0x67, 0x01, 0x02, 0x00, 
0x0b, 0x01, 0x14, 0x00, 0x0c, 0x01, 0x14, 0x00, 0x0a, 0x01, 0x14, 0x00, 0x06, 0x40, 0x00, 0x00, 
0x01, 0x00, 0x00, 0x00, 0x05, 0x40, 0x00, 0x00, 0xf0, 0x13, 0x00, 0x00, 0x04, 0x40, 0x00, 0x00, 
0xe8, 0x00, 0x00, 0x00, 0x09, 0x01, 0x93, 0xff, 0x05, 0x01, 0x01, 0x00, 0x10, 0x40, 0x00, 0x00, 
0xc0, 0x11, 0x04, 0x00, 0x16, 0x40, 0x00, 0x00, 0xa0, 0x00, 0x00, 0x00, 0x15, 0x40, 0x00, 0x00, 
0xa0, 0x00, 0x00, 0x00, 0x14, 0x40, 0x00, 0x00, 0x10, 0x00, 0x00, 0x00, 0x14, 0x01, 0x41, 0x00, 
0x21, 0x01, 0x02, 0x00, 0x20, 0x01, 0x02, 0x00, 0x22, 0x01, 0x07, 0x00, 0x20, 0x40, 0x00, 0x00, 
0x00, 0xf9, 0x00, 0x00, 0x22, 0x40, 0x00, 0x00, 0xf0, 0xf8, 0x00, 0x00, 0x16, 0x01, 0x05, 0x00, 
0x15, 0x01, 0x09, 0x00, 0x17, 0x01, 0x07, 0x00, 0x2f, 0x01, 0x03, 0x00, 0x02, 0x00, 0x00, 0x00, 
0x00, 0x40, 0x00, 0x00, 0xc0, 0x11, 0x04, 0x00, 0x0b, 0x01, 0x09, 0x00, 0x0c, 0x01, 0x09, 0x00, 
0x0a, 0x01, 0x09, 0x00, 0x06, 0x40, 0x00, 0x00, 0xa0, 0x00, 0x00, 0x00, 0x05, 0x40, 0x00, 0x00, 
0xa0, 0x00, 0x00, 0x00, 0x04, 0x40, 0x00, 0x00, 0x10, 0x00, 0x00, 0x00, 0x09, 0x01, 0xf3, 0xff, 
0x05, 0x01, 0x41, 0x00, 0x10, 0x40, 0x00, 0x00, 0x07, 0xb8, 0x03, 0x00, 0x16, 0x40, 0x00, 0x00, 
0x01, 0x00, 0x00, 0x00, 0x15, 0x40, 0x00, 0x00, 0x10, 0x09, 0x00, 0x00, 0x14, 0x40, 0x00, 0x00, 
0xe8, 0x00, 0x00, 0x00, 0x14, 0x01, 0x01, 0x81, 0x21, 0x01, 0x00, 0x00, 0x20, 0x01, 0x00, 0x00, 
0x22, 0x01, 0x00, 0x00, 0x16, 0x01, 0x03, 0x00, 0x15, 0x01, 0x03, 0x00, 0x17, 0x01, 0x7f, 0x00, 
0x2f, 0x01, 0x01, 0x00, 0x05, 0x00, 0x01, 0x00, 0x30, 0x40, 0x00, 0x00, 0x70, 0x42, 0x00, 0x00, 
0x31, 0x40, 0x00, 0x00, 0x00, 0xb9, 0x00, 0x00, 0x10, 0x00, 0x00, 0x00, 0x00, 0x40, 0x00, 0x00, 
0x20, 0xb7, 0x03, 0x00, 0x04, 0x01, 0xe7, 0x00, 0x06, 0x40, 0x00, 0x00, 0x01, 0x00, 0x00, 0x00, 
0x05, 0x40, 0x00, 0x00, 0x10, 0x09, 0x00, 0x00, 0x04, 0x40, 0x00, 0x00, 0xe8, 0x00, 0x00, 0x00, 
0x05, 0x01, 0x01, 0x00, 0x10, 0x40, 0x00, 0x00, 0xc0, 0xb5, 0x02, 0x00, 0x13, 0x01, 0xe7, 0x00, 
0x16, 0x40, 0x00, 0x00, 0xa0, 0x00, 0x00, 0x00, 0x15, 0x40, 0x00, 0x00, 0x60, 0x09, 0x00, 0x00, 
0x14, 0x40, 0x00, 0x00, 0x10, 0x00, 0x00, 0x00, 0x18, 0x01, 0xff, 0xff, 0x14, 0x01, 0x41, 0x00, 
0x20, 0x40, 0x00, 0x00, 0x40, 0x02, 0x01, 0x00, 0x21, 0x40, 0x00, 0x00, 0xa0, 0xe0, 0x00, 0x00, 
0x22, 0x40, 0x00, 0x00, 0x30, 0xf9, 0x00, 0x00, 0x23, 0x40, 0x00, 0x00, 0x10, 0x09, 0x00, 0x00, 
0x25, 0x01, 0x11, 0x00, 0x16, 0x01, 0x05, 0x00, 0x15, 0x01, 0x09, 0x00, 0x17, 0x01, 0x3f, 0x00, 
0x2d, 0x01, 0x0e, 0x00, 0x2f, 0x01, 0x03, 0x00, 0x11, 0x00, 0x00, 0x00, 0x02, 0x00, 0x00, 0x00, 
0x00, 0x40, 0x00, 0x00, 0xc0, 0xb5, 0x02, 0x00, 0x06, 0x40, 0x00, 0x00, 0xa0, 0x00, 0x00, 0x00, 
0x05, 0x40, 0x00, 0x00, 0x60, 0x09, 0x00, 0x00, 0x04, 0x40, 0x00, 0x00, 0x10, 0x00, 0x00, 0x00, 
0x09, 0x01, 0x94, 0xff, 0x05, 0x01, 0x41, 0x00, 0x10, 0x40, 0x00, 0x00, 0x80, 0x00, 0x02, 0x00, 
0x16, 0x40, 0x00, 0x00, 0x01, 0x00, 0x00, 0x00, 0x15, 0x40, 0x00, 0x00, 0x20, 0x12, 0x00, 0x00, 
0x14, 0x40, 0x00, 0x00, 0xd0, 0x01, 0x00, 0x00, 0x18, 0x01, 0x94, 0xff, 0x14, 0x01, 0x01, 0x81, 
0x25, 0x01, 0x00, 0x00, 0x16, 0x01, 0x03, 0x00, 0x15, 0x01, 0x03, 0x00, 0x17, 0x01, 0x7f, 0x00, 
0x2d, 0x01, 0x1e, 0x00, 0x05, 0x00, 0x01, 0x00, 0x30, 0x40, 0x00, 0x00, 0x80, 0x4c, 0x00, 0x00, 
0x31, 0x40, 0x00, 0x00, 0x00, 0xba, 0x00, 0x00, 0x12, 0x00, 0x01, 0x00, 0x10, 0x00, 0x00, 0x00, 
0x00, 0x40, 0x00, 0x00, 0x00, 0x96, 0x00, 0x00, 0x0b, 0x01, 0x01, 0x00, 0x0c, 0x01, 0x01, 0x00, 
0x0a, 0x01, 0x13, 0x00, 0x06, 0x40, 0x00, 0x00, 0x01, 0x00, 0x00, 0x00, 0x05, 0x40, 0x00, 0x00, 
0x20, 0x12, 0x00, 0x00, 0x04, 0x40, 0x00, 0x00, 0xe8, 0x00, 0x00, 0x00, 0x09, 0x01, 0x93, 0xff, 
0x05, 0x01, 0x01, 0x00, 0x10, 0x40, 0x00, 0x00, 0x80, 0x13, 0x03, 0x00, 0x1b, 0x01, 0x01, 0x00, 
0x1c, 0x01, 0x01, 0x00, 0x1a, 0x01, 0x13, 0x00, 0x12, 0x01, 0x01, 0x00, 0x11, 0x01, 0x13, 0x00, 
0x16, 0x40, 0x00, 0x00, 0x40, 0x01, 0x00, 0x00, 0x15, 0x40, 0x00, 0x00, 0xc0, 0x12, 0x00, 0x00, 
0x14, 0x40, 0x00, 0x00, 0x10, 0x00, 0x00, 0x00, 0x18, 0x01, 0xfa, 0xff, 0x14, 0x01, 0x41, 0x00, 
0x20, 0x40, 0x00, 0x00, 0xf0, 0xeb, 0x01, 0x00, 0x21, 0x40, 0x00, 0x00, 0x10, 0xbd, 0x00, 0x00, 
0x22, 0x40, 0x00, 0x00, 0xe0, 0xe2, 0x01, 0x00, 0x25, 0x01, 0x12, 0x00, 0x16, 0x01, 0x01, 0x00, 
0x15, 0x01, 0x13, 0x00, 0x17, 0x01, 0x4f, 0x00, 0x2d, 0x01, 0x0e, 0x00, 0x11, 0x00, 0x00, 0x00, 
0x02, 0x00, 0x00, 0x00, 0x00, 0x40, 0x00, 0x00, 0x80, 0x13, 0x03, 0x00, 0x06, 0x40, 0x00, 0x00, 
0x40, 0x01, 0x00, 0x00, 0x05, 0x40, 0x00, 0x00, 0xc0, 0x12, 0x00, 0x00, 0x04, 0x40, 0x00, 0x00, 
0x10, 0x00, 0x00, 0x00, 0x09, 0x01, 0x96, 0xff, 0x05, 0x01, 0x41, 0x00, 0x00, 0x01, 0x01, 0x00, 
0x01, 0x01, 0x01, 0x00, 0x10, 0x40, 0x00, 0x00, 0xc0, 0xb5, 0x02, 0x00, 0x1b, 0x01, 0x00, 0x00, 
0x1c, 0x01, 0x00, 0x00, 0x1a, 0x01, 0x09, 0x00, 0x12, 0x01, 0x00, 0x00, 0x11, 0x01, 0x09, 0x00, 
0x16, 0x40, 0x00, 0x00, 0xa0, 0x00, 0x00, 0x00, 0x15, 0x40, 0x00, 0x00, 0x60, 0x09, 0x00, 0x00, 
0x18, 0x01, 0xdd, 0xff, 0x21, 0x01, 0x02, 0x00, 0x20, 0x01, 0x02, 0x00, 0x22, 0x01, 0x03, 0x00, 
0x20, 0x40, 0x00, 0x00, 0x10, 0xb2, 0x02, 0x00, 0x21, 0x40, 0x00, 0x00, 0x20, 0x08, 0x00, 0x00, 
0x22, 0x40, 0x00, 0x00, 0x00, 0xa9, 0x02, 0x00, 0x25, 0x01, 0x00, 0x00, 0x15, 0x01, 0x09, 0x00, 
0x17, 0x01, 0x3f, 0x00, 0x0d, 0x01, 0x1a, 0x00, 0x2d, 0x01, 0x1e, 0x00, 0x2f, 0x01, 0x00, 0x00, 
0x03, 0x00, 0x00, 0x00, 0x00, 0x40, 0x00, 0x00, 0x40, 0xba, 0x00, 0x00, 0x06, 0x40, 0x00, 0x00, 
0x01, 0x00, 0x00, 0x00, 0x05, 0x40, 0x00, 0x00, 0x20, 0x12, 0x00, 0x00, 0x04, 0x40, 0x00, 0x00, 
0xe8, 0x00, 0x00, 0x00, 0x09, 0x01, 0x93, 0xff, 0x05, 0x01, 0x01, 0x00, 0x00, 0x01, 0x00, 0x00, 
0x01, 0x01, 0x00, 0x00, 0x10, 0x40, 0x00, 0x00, 0x00, 0x39, 0x03, 0x00, 0x1b, 0x01, 0x01, 0x00, 
0x1c, 0x01, 0x01, 0x00, 0x1a, 0x01, 0x13, 0x00, 0x12, 0x01, 0x01, 0x00, 0x11, 0x01, 0x13, 0x00, 
0x16, 0x40, 0x00, 0x00, 0x40, 0x01, 0x00, 0x00, 0x15, 0x40, 0x00, 0x00, 0xc0, 0x12, 0x00, 0x00, 
0x18, 0x01, 0xfa, 0xff, 0x21, 0x01, 0x00, 0x00, 0x20, 0x01, 0x00, 0x00, 0x22, 0x01, 0x00, 0x00, 
0x20, 0x40, 0x00, 0x00, 0xf0, 0xeb, 0x01, 0x00, 0x21, 0x40, 0x00, 0x00, 0x10, 0xbd, 0x00, 0x00, 
0x22, 0x40, 0x00, 0x00, 0xe0, 0xe2, 0x01, 0x00, 0x25, 0x01, 0x12, 0x00, 0x15, 0x01, 0x13, 0x00, 
0x17, 0x01, 0x4f, 0x00, 0x0d, 0x01, 0x0a, 0x00, 0x2d, 0x01, 0x0e, 0x00, 0x2f, 0x01, 0x03, 0x00, 
0x02, 0x00, 0x00, 0x00, 0x00, 0x40, 0x00, 0x00, 0x40, 0x26, 0x03, 0x00, 0x0b, 0x01, 0x02, 0x00, 
0x0c, 0x01, 0x02, 0x00, 0x06, 0x40, 0x00, 0x00, 0x40, 0x01, 0x00, 0x00, 0x05, 0x40, 0x00, 0x00, 
0xc0, 0x12, 0x00, 0x00, 0x04, 0x40, 0x00, 0x00, 0x10, 0x00, 0x00, 0x00, 0x09, 0x01, 0x96, 0xff, 
0x05, 0x01, 0x41, 0x00, 0x01, 0x01, 0x01, 0x00, 0x10, 0x40, 0x00, 0x00, 0x20, 0xbf, 0x02, 0x00, 
0x1b, 0x01, 0x00, 0x00, 0x1c, 0x01, 0x00, 0x00, 0x1a, 0x01, 0x09, 0x00, 0x12, 0x01, 0x00, 0x00, 
0x11, 0x01, 0x09, 0x00, 0x16, 0x40, 0x00, 0x00, 0xa0, 0x00, 0x00, 0x00, 0x15, 0x40, 0x00, 0x00, 
0x60, 0x09, 0x00, 0x00, 0x18, 0x01, 0xdd, 0xff, 0x21, 0x01, 0x02, 0x00, 0x20, 0x01, 0x02, 0x00, 
0x22, 0x01, 0x03, 0x00, 0x20, 0x40, 0x00, 0x00, 0x10, 0xb2, 0x02, 0x00, 0x21, 0x40, 0x00, 0x00, 
0x20, 0x08, 0x00, 0x00, 0x22, 0x40, 0x00, 0x00, 0x00, 0xa9, 0x02, 0x00, 0x25, 0x01, 0x00, 0x00, 
0x15, 0x01, 0x09, 0x00, 0x17, 0x01, 0x3f, 0x00, 0x0d, 0x01, 0x1a, 0x00, 0x2d, 0x01, 0x1e, 0x00, 
0x2f, 0x01, 0x00, 0x00, 0x03, 0x00, 0x00, 0x00, 0x00, 0x40, 0x00, 0x00, 0x80, 0xde, 0x00, 0x00, 
0x0b, 0x01, 0x01, 0x00, 0x0c, 0x01, 0x01, 0x00, 0x06, 0x40, 0x00, 0x00, 0x01, 0x00, 0x00, 0x00, 
0x05, 0x40, 0x00, 0x00, 0x20, 0x12, 0x00, 0x00, 0x04, 0x40, 0x00, 0x00, 0xe8, 0x00, 0x00, 0x00, 
0x09, 0x01, 0x93, 0xff, 0x05, 0x01, 0x01, 0x00, 0x01, 0x01, 0x00, 0x00, 0x10, 0x40, 0x00, 0x00, 
0x80, 0x5e, 0x03, 0x00, 0x1b, 0x01, 0x01, 0x00, 0x1c, 0x01, 0x01, 0x00, 0x1a, 0x01, 0x13, 0x00, 
0x12, 0x01, 0x01, 0x00, 0x11, 0x01, 0x13, 0x00, 0x16, 0x40, 0x00, 0x00, 0x40, 0x01, 0x00, 0x00, 
0x15, 0x40, 0x00, 0x00, 0xc0, 0x12, 0x00, 0x00, 0x18, 0x01, 0xfa, 0xff, 0x21, 0x01, 0x00, 0x00, 
0x20, 0x01, 0x00, 0x00, 0x22, 0x01, 0x00, 0x00, 0x20, 0x40, 0x00, 0x00, 0xf0, 0xeb, 0x01, 0x00, 
0x21, 0x40, 0x00, 0x00, 0x10, 0xbd, 0x00, 0x00, 0x22, 0x40, 0x00, 0x00, 0xe0, 0xe2, 0x01, 0x00, 
0x25, 0x01, 0x12, 0x00, 0x15, 0x01, 0x13, 0x00, 0x17, 0x01, 0x4f, 0x00, 0x0d, 0x01, 0x0a, 0x00, 
0x2d, 0x01, 0x0e, 0x00, 0x2f, 0x01, 0x03, 0x00, 0x02, 0x00, 0x00, 0x00, 0x00, 0x40, 0x00, 0x00, 
0xc0, 0x4b, 0x03, 0x00, 0x0b, 0x01, 0x02, 0x00, 0x0c, 0x01, 0x02, 0x00, 0x06, 0x40, 0x00, 0x00, 
0x40, 0x01, 0x00, 0x00, 0x05, 0x40, 0x00, 0x00, 0xc0, 0x12, 0x00, 0x00, 0x04, 0x40, 0x00, 0x00, 
0x10, 0x00, 0x00, 0x00, 0x09, 0x01, 0x96, 0xff, 0x05, 0x01, 0x41, 0x00, 0x01, 0x01, 0x01, 0x00, 
0x10, 0x40, 0x00, 0x00, 0x80, 0xc8, 0x02, 0x00, 0x1b, 0x01, 0x00, 0x00, 0x1c, 0x01, 0x00, 0x00, 
0x1a, 0x01, 0x09, 0x00, 0x12, 0x01, 0x00, 0x00, 0x11, 0x01, 0x09, 0x00, 0x16, 0x40, 0x00, 0x00, 
0xa0, 0x00, 0x00, 0x00, 0x15, 0x40, 0x00, 0x00, 0x60, 0x09, 0x00, 0x00, 0x18, 0x01, 0xdd, 0xff, 
0x21, 0x01, 0x02, 0x00, 0x20, 0x01, 0x02, 0x00, 0x22, 0x01, 0x03, 0x00, 0x20, 0x40, 0x00, 0x00, 
0x10, 0xb2, 0x02, 0x00, 0x21, 0x40, 0x00, 0x00, 0x20, 0x08, 0x00, 0x00, 0x22, 0x40, 0x00, 0x00, 
0x00, 0xa9, 0x02, 0x00, 0x25, 0x01, 0x00, 0x00, 0x15, 0x01, 0x09, 0x00, 0x17, 0x01, 0x3f, 0x00, 
0x0d, 0x01, 0x1a, 0x00, 0x2d, 0x01, 0x1e, 0x00, 0x2f, 0x01, 0x00, 0x00, 0x03, 0x00, 0x00, 0x00, 
0x00, 0x40, 0x00, 0x00, 0xc0, 0x02, 0x01, 0x00, 0x0b, 0x01, 0x01, 0x00, 0x0c, 0x01, 0x01, 0x00, 
0x06, 0x40, 0x00, 0x00, 0x01, 0x00, 0x00, 0x00, 0x05, 0x40, 0x00, 0x00, 0x20, 0x12, 0x00, 0x00, 
0x04, 0x40, 0x00, 0x00, 0xe8, 0x00, 0x00, 0x00, 0x09, 0x01, 0x93, 0xff, 0x05, 0x01, 0x01, 0x00, 
0x01, 0x01, 0x00, 0x00, 0x10, 0x40, 0x00, 0x00, 0x80, 0x13, 0x03, 0x00, 0x1b, 0x01, 0x01, 0x00, 
0x1c, 0x01, 0x01, 0x00, 0x1a, 0x01, 0x13, 0x00, 0x12, 0x01, 0x01, 0x00, 0x11, 0x01, 0x13, 0x00, 
0x16, 0x40, 0x00, 0x00, 0x40, 0x01, 0x00, 0x00, 0x15, 0x40, 0x00, 0x00, 0xc0, 0x12, 0x00, 0x00, 
0x18, 0x01, 0xfa, 0xff, 0x21, 0x01, 0x00, 0x00, 0x20, 0x01, 0x00, 0x00, 0x22, 0x01, 0x00, 0x00, 
0x20, 0x40, 0x00, 0x00, 0xf0, 0xeb, 0x01, 0x00, 0x21, 0x40, 0x00, 0x00, 0x10, 0xbd, 0x00, 0x00, 
0x22, 0x40, 0x00, 0x00, 0xe0, 0xe2, 0x01, 0x00, 0x25, 0x01, 0x12, 0x00, 0x15, 0x01, 0x13, 0x00, 
0x17, 0x01, 0x4f, 0x00, 0x0d, 0x01, 0x0a, 0x00, 0x2d, 0x01, 0x0e, 0x00, 0x2f, 0x01, 0x03, 0x00, 
0x02, 0x00, 0x00, 0x00, 0x00, 0x40, 0x00, 0x00, 0x40, 0x71, 0x03, 0x00, 0x02, 0x40, 0x00, 0x00, 
0x80, 0x13, 0x03, 0x00, 0x0b, 0x01, 0x00, 0x00, 0x0c, 0x01, 0x00, 0x00, 0x06, 0x40, 0x00, 0x00, 
0x40, 0x01, 0x00, 0x00, 0x05, 0x40, 0x00, 0x00, 0xc0, 0x12, 0x00, 0x00, 0x04, 0x40, 0x00, 0x00, 
0x10, 0x00, 0x00, 0x00, 0x09, 0x01, 0x96, 0xff, 0x05, 0x01, 0x41, 0x00, 0x01, 0x01, 0x01, 0x00, 
0x10, 0x40, 0x00, 0x00, 0xe0, 0xd1, 0x02, 0x00, 0x1b, 0x01, 0x00, 0x00, 0x1c, 0x01, 0x00, 0x00, 
0x1a, 0x01, 0x09, 0x00, 0x12, 0x01, 0x00, 0x00, 0x11, 0x01, 0x09, 0x00, 0x16, 0x40, 0x00, 0x00, 
0xa0, 0x00, 0x00, 0x00, 0x15, 0x40, 0x00, 0x00, 0x60, 0x09, 0x00, 0x00, 0x18, 0x01, 0xdd, 0xff, 
0x21, 0x01, 0x02, 0x00, 0x20, 0x01, 0x02, 0x00, 0x22, 0x01, 0x03, 0x00, 0x20, 0x40, 0x00, 0x00, 
0x10, 0xb2, 0x02, 0x00, 0x21, 0x40, 0x00, 0x00, 0x20, 0x08, 0x00, 0x00, 0x22, 0x40, 0x00, 0x00, 
0x00, 0xa9, 0x02, 0x00, 0x25, 0x01, 0x00, 0x00, 0x15, 0x01, 0x09, 0x00, 0x17, 0x01, 0x3f, 0x00, 
0x0d, 0x01, 0x1a, 0x00, 0x2d, 0x01, 0x1e, 0x00, 0x2f, 0x01, 0x00, 0x00, 0x03, 0x00, 0x00, 0x00, 
0x00, 0x40, 0x00, 0x00, 0x00, 0x27, 0x01, 0x00, 0x02, 0x40, 0x00, 0x00, 0x00, 0x00, 0x00, 0x00, 
0x0b, 0x01, 0x01, 0x00, 0x0c, 0x01, 0x01, 0x00, 0x06, 0x40, 0x00, 0x00, 0x01, 0x00, 0x00, 0x00, 
0x05, 0x40, 0x00, 0x00, 0x20, 0x12, 0x00, 0x00, 0x04, 0x40, 0x00, 0x00, 0xe8, 0x00, 0x00, 0x00, 
0x09, 0x01, 0x93, 0xff, 0x05, 0x01, 0x01, 0x00, 0x01, 0x01, 0x00, 0x00, 0x10, 0x40, 0x00, 0x00, 
0x00, 0x39, 0x03, 0x00, 0x1b, 0x01, 0x01, 0x00, 0x1c, 0x01, 0x01, 0x00, 0x1a, 0x01, 0x13, 0x00, 
0x12, 0x01, 0x01, 0x00, 0x11, 0x01, 0x13, 0x00, 0x16, 0x40, 0x00, 0x00, 0x40, 0x01, 0x00, 0x00, 
0x15, 0x40, 0x00, 0x00, 0xc0, 0x12, 0x00, 0x00, 0x18, 0x01, 0xfa, 0xff, 0x21, 0x01, 0x00, 0x00, 
0x20, 0x01, 0x00, 0x00, 0x22, 0x01, 0x00, 0x00, 0x20, 0x40, 0x00, 0x00, 0xf0, 0xeb, 0x01, 0x00, 
0x21, 0x40, 0x00, 0x00, 0x10, 0xbd, 0x00, 0x00, 0x22, 0x40, 0x00, 0x00, 0xe0, 0xe2, 0x01, 0x00, 
0x25, 0x01, 0x12, 0x00, 0x15, 0x01, 0x13, 0x00, 0x17, 0x01, 0x4f, 0x00, 0x0d, 0x01, 0x0a, 0x00, 
0x2d, 0x01, 0x0e, 0x00, 0x2f, 0x01, 0x03, 0x00, 0x02, 0x00, 0x00, 0x00, 0x00, 0x40, 0x00, 0x00, 
0x40, 0x26, 0x03, 0x00, 0x0b, 0x01, 0x02, 0x00, 0x0c, 0x01, 0x02, 0x00, 0x06, 0x40, 0x00, 0x00, 
0x40, 0x01, 0x00, 0x00, 0x05, 0x40, 0x00, 0x00, 0xc0, 0x12, 0x00, 0x00, 0x04, 0x40, 0x00, 0x00, 
0x10, 0x00, 0x00, 0x00, 0x09, 0x01, 0x96, 0xff, 0x05, 0x01, 0x41, 0x00, 0x01, 0x01, 0x01, 0x00, 
0x10, 0x40, 0x00, 0x00, 0x40, 0xdb, 0x02, 0x00, 0x1b, 0x01, 0x00, 0x00, 0x1c, 0x01, 0x00, 0x00, 
0x1a, 0x01, 0x09, 0x00, 0x12, 0x01, 0x00, 0x00, 0x11, 0x01, 0x09, 0x00, 0x16, 0x40, 0x00, 0x00, 
0xa0, 0x00, 0x00, 0x00, 0x15, 0x40, 0x00, 0x00, 0x60, 0x09, 0x00, 0x00, 0x18, 0x01, 0xdd, 0xff, 
0x21, 0x01, 0x02, 0x00, 0x20, 0x01, 0x02, 0x00, 0x22, 0x01, 0x03, 0x00, 0x20, 0x40, 0x00, 0x00, 
0x10, 0xb2, 0x02, 0x00, 0x21, 0x40, 0x00, 0x00, 0x20, 0x08, 0x00, 0x00, 0x22, 0x40, 0x00, 0x00, 
0x00, 0xa9, 0x02, 0x00, 0x25, 0x01, 0x00, 0x00, 0x15, 0x01, 0x09, 0x00, 0x17, 0x01, 0x3f, 0x00, 
0x0d, 0x01, 0x1a, 0x00, 0x2d, 0x01, 0x1e, 0x00, 0x2f, 0x01, 0x00, 0x00, 0x03, 0x00, 0x00, 0x00, 
0x00, 0x40, 0x00, 0x00, 0x40, 0x4b, 0x01, 0x00, 0x0b, 0x01, 0x01, 0x00, 0x0c, 0x01, 0x01, 0x00, 
0x06, 0x40, 0x00, 0x00, 0x01, 0x00, 0x00, 0x00, 0x05, 0x40, 0x00, 0x00, 0x20, 0x12, 0x00, 0x00, 
0x04, 0x40, 0x00, 0x00, 0xe8, 0x00, 0x00, 0x00, 0x09, 0x01, 0x93, 0xff, 0x05, 0x01, 0x01, 0x00, 
0x01, 0x01, 0x00, 0x00, 0x10, 0x40, 0x00, 0x00, 0x80, 0x5e, 0x03, 0x00, 0x1b, 0x01, 0x01, 0x00, 
0x1c, 0x01, 0x01, 0x00, 0x1a, 0x01, 0x13, 0x00, 0x12, 0x01, 0x01, 0x00, 0x11, 0x01, 0x13, 0x00, 
0x16, 0x40, 0x00, 0x00, 0x40, 0x01, 0x00, 0x00, 0x15, 0x40, 0x00, 0x00, 0xc0, 0x12, 0x00, 0x00, 
0x18, 0x01, 0xfa, 0xff, 0x21, 0x01, 0x00, 0x00, 0x20, 0x01, 0x00, 0x00, 0x22, 0x01, 0x00, 0x00, 
0x20, 0x40, 0x00, 0x00, 0xf0, 0xeb, 0x01, 0x00, 0x21, 0x40, 0x00, 0x00, 0x10, 0xbd, 0x00, 0x00, 
0x22, 0x40, 0x00, 0x00, 0xe0, 0xe2, 0x01, 0x00, 0x25, 0x01, 0x12, 0x00, 0x15, 0x01, 0x13, 0x00, 
0x17, 0x01, 0x4f, 0x00, 0x0d, 0x01, 0x0a, 0x00, 0x2d, 0x01, 0x0e, 0x00, 0x2f, 0x01, 0x03, 0x00, 
0x02, 0x00, 0x00, 0x00, 0x00, 0x40, 0x00, 0x00, 0xc0, 0x4b, 0x03, 0x00, 0x0b, 0x01, 0x02, 0x00, 
0x0c, 0x01, 0x02, 0x00, 0x06, 0x40, 0x00, 0x00, 0x40, 0x01, 0x00, 0x00, 0x05, 0x40, 0x00, 0x00, 
0xc0, 0x12, 0x00, 0x00, 0x04, 0x40, 0x00, 0x00, 0x10, 0x00, 0x00, 0x00, 0x09, 0x01, 0x96, 0xff, 
0x05, 0x01, 0x41, 0x00, 0x01, 0x01, 0x01, 0x00, 0x10, 0x40, 0x00, 0x00, 0xa0, 0xe4, 0x02, 0x00, 
0x1b, 0x01, 0x00, 0x00, 0x1c, 0x01, 0x00, 0x00, 0x1a, 0x01, 0x09, 0x00, 0x12, 0x01, 0x00, 0x00, 
0x11, 0x01, 0x09, 0x00, 0x16, 0x40, 0x00, 0x00, 0xa0, 0x00, 0x00, 0x00, 0x15, 0x40, 0x00, 0x00, 
0x60, 0x09, 0x00, 0x00, 0x18, 0x01, 0xdd, 0xff, 0x21, 0x01, 0x02, 0x00, 0x20, 0x01, 0x02, 0x00, 
0x22, 0x01, 0x03, 0x00, 0x20, 0x40, 0x00, 0x00, 0x10, 0xb2, 0x02, 0x00, 0x21, 0x40, 0x00, 0x00, 
0x20, 0x08, 0x00, 0x00, 0x22, 0x40, 0x00, 0x00, 0x00, 0xa9, 0x02, 0x00, 0x25, 0x01, 0x00, 0x00, 
0x15, 0x01, 0x09, 0x00, 0x17, 0x01, 0x3f, 0x00, 0x0d, 0x01, 0x1a, 0x00, 0x2d, 0x01, 0x1e, 0x00, 
0x2f, 0x01, 0x00, 0x00, 0x03, 0x00, 0x00, 0x00, 0x00, 0x40, 0x00, 0x00, 0x80, 0x6f, 0x01, 0x00, 
0x0b, 0x01, 0x01, 0x00, 0x0c, 0x01, 0x01, 0x00, 0x06, 0x40, 0x00, 0x00, 0x01, 0x00, 0x00, 0x00, 
0x05, 0x40, 0x00, 0x00, 0x20, 0x12, 0x00, 0x00, 0x04, 0x40, 0x00, 0x00, 0xe8, 0x00, 0x00, 0x00, 
0x09, 0x01, 0x93, 0xff, 0x05, 0x01, 0x01, 0x00, 0x01, 0x01, 0x00, 0x00, 0x10, 0x40, 0x00, 0x00, 
0x80, 0x13, 0x03, 0x00, 0x1b, 0x01, 0x01, 0x00, 0x1c, 0x01, 0x01, 0x00, 0x1a, 0x01, 0x13, 0x00, 
0x12, 0x01, 0x01, 0x00, 0x11, 0x01, 0x13, 0x00, 0x16, 0x40, 0x00, 0x00, 0x40, 0x01, 0x00, 0x00, 
0x15, 0x40, 0x00, 0x00, 0xc0, 0x12, 0x00, 0x00, 0x18, 0x01, 0xfa, 0xff, 0x21, 0x01, 0x00, 0x00, 
0x20, 0x01, 0x00, 0x00, 0x22, 0x01, 0x00, 0x00, 0x20, 0x40, 0x00, 0x00, 0xf0, 0xeb, 0x01, 0x00, 
0x21, 0x40, 0x00, 0x00, 0x10, 0xbd, 0x00, 0x00, 0x22, 0x40, 0x00, 0x00, 0xe0, 0xe2, 0x01, 0x00, 
0x25, 0x01, 0x12, 0x00, 0x15, 0x01, 0x13, 0x00, 0x17, 0x01, 0x4f, 0x00, 0x0d, 0x01, 0x0a, 0x00, 
0x2d, 0x01, 0x0e, 0x00, 0x2f, 0x01, 0x03, 0x00, 0x02, 0x00, 0x00, 0x00, 0x00, 0x40, 0x00, 0x00, 
0x40, 0x71, 0x03, 0x00, 0x02, 0x40, 0x00, 0x00, 0x80, 0x13, 0x03, 0x00, 0x0b, 0x01, 0x00, 0x00, 
0x0c, 0x01, 0x00, 0x00, 0x06, 0x40, 0x00, 0x00, 0x40, 0x01, 0x00, 0x00, 0x05, 0x40, 0x00, 0x00, 
0xc0, 0x12, 0x00, 0x00, 0x04, 0x40, 0x00, 0x00, 0x10, 0x00, 0x00, 0x00, 0x09, 0x01, 0x96, 0xff, 
0x05, 0x01, 0x41, 0x00, 0x01, 0x01, 0x01, 0x00, 0x10, 0x40, 0x00, 0x00, 0x00, 0xee, 0x02, 0x00, 
0x1b, 0x01, 0x00, 0x00, 0x1c, 0x01, 0x00, 0x00, 0x1a, 0x01, 0x09, 0x00, 0x12, 0x01, 0x00, 0x00, 
0x11, 0x01, 0x09, 0x00, 0x16, 0x40, 0x00, 0x00, 0xa0, 0x00, 0x00, 0x00, 0x15, 0x40, 0x00, 0x00, 
0x60, 0x09, 0x00, 0x00, 0x18, 0x01, 0xdd, 0xff, 0x21, 0x01, 0x02, 0x00, 0x20, 0x01, 0x02, 0x00, 
0x22, 0x01, 0x03, 0x00, 0x20, 0x40, 0x00, 0x00, 0x10, 0xb2, 0x02, 0x00, 0x21, 0x40, 0x00, 0x00, 
0x20, 0x08, 0x00, 0x00, 0x22, 0x40, 0x00, 0x00, 0x00, 0xa9, 0x02, 0x00, 0x25, 0x01, 0x00, 0x00, 
0x15, 0x01, 0x09, 0x00, 0x17, 0x01, 0x3f, 0x00, 0x0d, 0x01, 0x1a, 0x00, 0x2d, 0x01, 0x1e, 0x00, 
0x2f, 0x01, 0x00, 0x00, 0x03, 0x00, 0x00, 0x00, 0x00, 0x40, 0x00, 0x00, 0xc0, 0x93, 0x01, 0x00, 
0x02, 0x40, 0x00, 0x00, 0x00, 0x00, 0x00, 0x00, 0x0b, 0x01, 0x01, 0x00, 0x0c, 0x01, 0x01, 0x00, 
0x06, 0x40, 0x00, 0x00, 0x01, 0x00, 0x00, 0x00, 0x05, 0x40, 0x00, 0x00, 0x20, 0x12, 0x00, 0x00, 
0x04, 0x40, 0x00, 0x00, 0xe8, 0x00, 0x00, 0x00, 0x09, 0x01, 0x93, 0xff, 0x05, 0x01, 0x01, 0x00, 
0x01, 0x01, 0x00, 0x00, 0x10, 0x40, 0x00, 0x00, 0x00, 0x39, 0x03, 0x00, 0x1b, 0x01, 0x01, 0x00, 
0x1c, 0x01, 0x01, 0x00, 0x1a, 0x01, 0x13, 0x00, 0x12, 0x01, 0x01, 0x00, 0x11, 0x01, 0x13, 0x00, 
0x16, 0x40, 0x00, 0x00, 0x40, 0x01, 0x00, 0x00, 0x15, 0x40, 0x00, 0x00, 0xc0, 0x12, 0x00, 0x00, 
0x18, 0x01, 0xfa, 0xff, 0x21, 0x01, 0x00, 0x00, 0x20, 0x01, 0x00, 0x00, 0x22, 0x01, 0x00, 0x00, 
0x20, 0x40, 0x00, 0x00, 0xf0, 0xeb, 0x01, 0x00, 0x21, 0x40, 0x00, 0x00, 0x10, 0xbd, 0x00, 0x00, 
0x22, 0x40, 0x00, 0x00, 0xe0, 0xe2, 0x01, 0x00, 0x25, 0x01, 0x12, 0x00, 0x15, 0x01, 0x13, 0x00, 
0x17, 0x01, 0x4f, 0x00, 0x0d, 0x01, 0x0a, 0x00, 0x2d, 0x01, 0x0e, 0x00, 0x2f, 0x01, 0x03, 0x00, 
0x02, 0x00, 0x00, 0x00, 0x00, 0x40, 0x00, 0x00, 0x40, 0x26, 0x03, 0x00, 0x0b, 0x01, 0x02, 0x00, 
0x0c, 0x01, 0x02, 0x00, 0x06, 0x40, 0x00, 0x00, 0x40, 0x01, 0x00, 0x00, 0x05, 0x40, 0x00, 0x00, 
0xc0, 0x12, 0x00, 0x00, 0x04, 0x40, 0x00, 0x00, 0x10, 0x00, 0x00, 0x00, 0x09, 0x01, 0x96, 0xff, 
0x05, 0x01, 0x41, 0x00, 0x01, 0x01, 0x01, 0x00, 0x10, 0x40, 0x00, 0x00, 0x60, 0xf7, 0x02, 0x00, 
0x1b, 0x01, 0x00, 0x00, 0x1c, 0x01, 0x00, 0x00, 0x1a, 0x01, 0x09, 0x00, 0x12, 0x01, 0x00, 0x00, 
0x11, 0x01, 0x09, 0x00, 0x16, 0x40, 0x00, 0x00, 0xa0, 0x00, 0x00, 0x00, 0x15, 0x40, 0x00, 0x00, 
0x60, 0x09, 0x00, 0x00, 0x18, 0x01, 0xdd, 0xff, 0x21, 0x01, 0x02, 0x00, 0x20, 0x01, 0x02, 0x00, 
0x22, 0x01, 0x03, 0x00, 0x20, 0x40, 0x00, 0x00, 0x10, 0xb2, 0x02, 0x00, 0x21, 0x40, 0x00, 0x00, 
0x20, 0x08, 0x00, 0x00, 0x22, 0x40, 0x00, 0x00, 0x00, 0xa9, 0x02, 0x00, 0x25, 0x01, 0x00, 0x00, 
0x15, 0x01, 0x09, 0x00, 0x17, 0x01, 0x3f, 0x00, 0x0d, 0x01, 0x1a, 0x00, 0x2d, 0x01, 0x1e, 0x00, 
0x2f, 0x01, 0x00, 0x00, 0x03, 0x00, 0x00, 0x00, 0x00, 0x40, 0x00, 0x00, 0x00, 0xb8, 0x01, 0x00, 
0x0b, 0x01, 0x01, 0x00, 0x0c, 0x01, 0x01, 0x00, 0x06, 0x40, 0x00, 0x00, 0x01, 0x00, 0x00, 0x00, 
0x05, 0x40, 0x00, 0x00, 0x20, 0x12, 0x00, 0x00, 0x04, 0x40, 0x00, 0x00, 0xe8, 0x00, 0x00, 0x00, 
0x09, 0x01, 0x93, 0xff, 0x05, 0x01, 0x01, 0x00, 0x01, 0x01, 0x00, 0x00, 0x10, 0x40, 0x00, 0x00, 
0x80, 0x5e, 0x03, 0x00, 0x1b, 0x01, 0x01, 0x00, 0x1c, 0x01, 0x01, 0x00, 0x1a, 0x01, 0x13, 0x00, 
0x12, 0x01, 0x01, 0x00, 0x11, 0x01, 0x13, 0x00, 0x16, 0x40, 0x00, 0x00, 0x40, 0x01, 0x00, 0x00, 
0x15, 0x40, 0x00, 0x00, 0xc0, 0x12, 0x00, 0x00, 0x18, 0x01, 0xfa, 0xff, 0x21, 0x01, 0x00, 0x00, 
0x20, 0x01, 0x00, 0x00, 0x22, 0x01, 0x00, 0x00, 0x20, 0x40, 0x00, 0x00, 0xf0, 0xeb, 0x01, 0x00, 
0x21, 0x40, 0x00, 0x00, 0x10, 0xbd, 0x00, 0x00, 0x22, 0x40, 0x00, 0x00, 0xe0, 0xe2, 0x01, 0x00, 
0x25, 0x01, 0x12, 0x00, 0x15, 0x01, 0x13, 0x00, 0x17, 0x01, 0x4f, 0x00, 0x0d, 0x01, 0x0a, 0x00, 
0x2d, 0x01, 0x0e, 0x00, 0x2f, 0x01, 0x03, 0x00, 0x02, 0x00, 0x00, 0x00, 0x00, 0x40, 0x00, 0x00, 
0xc0, 0x4b, 0x03, 0x00, 0x0b, 0x01, 0x02, 0x00, 0x0c, 0x01, 0x02, 0x00, 0x06, 0x40, 0x00, 0x00, 
0x40, 0x01, 0x00, 0x00, 0x05, 0x40, 0x00, 0x00, 0xc0, 0x12, 0x00, 0x00, 0x04, 0x40, 0x00, 0x00, 
0x10, 0x00, 0x00, 0x00, 0x09, 0x01, 0x96, 0xff, 0x05, 0x01, 0x41, 0x00, 0x01, 0x01, 0x01, 0x00, 
0x10, 0x40, 0x00, 0x00, 0xc0, 0x00, 0x03, 0x00, 0x1b, 0x01, 0x00, 0x00, 0x1c, 0x01, 0x00, 0x00, 
0x1a, 0x01, 0x09, 0x00, 0x12, 0x01, 0x00, 0x00, 0x11, 0x01, 0x09, 0x00, 0x16, 0x40, 0x00, 0x00, 
0xa0, 0x00, 0x00, 0x00, 0x15, 0x40, 0x00, 0x00, 0x60, 0x09, 0x00, 0x00, 0x18, 0x01, 0xdd, 0xff, 
0x21, 0x01, 0x02, 0x00, 0x20, 0x01, 0x02, 0x00, 0x22, 0x01, 0x03, 0x00, 0x20, 0x40, 0x00, 0x00, 
0x10, 0xb2, 0x02, 0x00, 0x21, 0x40, 0x00, 0x00, 0x20, 0x08, 0x00, 0x00, 0x22, 0x40, 0x00, 0x00, 
0x00, 0xa9, 0x02, 0x00, 0x25, 0x01, 0x00, 0x00, 0x15, 0x01, 0x09, 0x00, 0x17, 0x01, 0x3f, 0x00, 
0x0d, 0x01, 0x1a, 0x00, 0x2d, 0x01, 0x1e, 0x00, 0x2f, 0x01, 0x00, 0x00, 0x03, 0x00, 0x00, 0x00, 
0x00, 0x40, 0x00, 0x00, 0x40, 0xdc, 0x01, 0x00, 0x0b, 0x01, 0x01, 0x00, 0x0c, 0x01, 0x01, 0x00, 
0x06, 0x40, 0x00, 0x00, 0x01, 0x00, 0x00, 0x00, 0x05, 0x40, 0x00, 0x00, 0x20, 0x12, 0x00, 0x00, 
0x04, 0x40, 0x00, 0x00, 0xe8, 0x00, 0x00, 0x00, 0x09, 0x01, 0x93, 0xff, 0x05, 0x01, 0x01, 0x00, 
0x01, 0x01, 0x00, 0x00, 0x10, 0x40, 0x00, 0x00, 0x80, 0x13, 0x03, 0x00, 0x1b, 0x01, 0x01, 0x00, 
0x1c, 0x01, 0x01, 0x00, 0x1a, 0x01, 0x13, 0x00, 0x12, 0x01, 0x01, 0x00, 0x11, 0x01, 0x13, 0x00, 
0x16, 0x40, 0x00, 0x00, 0x40, 0x01, 0x00, 0x00, 0x15, 0x40, 0x00, 0x00, 0xc0, 0x12, 0x00, 0x00, 
0x18, 0x01, 0xfa, 0xff, 0x21, 0x01, 0x00, 0x00, 0x20, 0x01, 0x00, 0x00, 0x22, 0x01, 0x00, 0x00, 
0x20, 0x40, 0x00, 0x00, 0xf0, 0xeb, 0x01, 0x00, 0x21, 0x40, 0x00, 0x00, 0x10, 0xbd, 0x00, 0x00, 
0x22, 0x40, 0x00, 0x00, 0xe0, 0xe2, 0x01, 0x00, 0x25, 0x01, 0x12, 0x00, 0x15, 0x01, 0x13, 0x00, 
0x17, 0x01, 0x4f, 0x00, 0x0d, 0x01, 0x0a, 0x00, 0x2d, 0x01, 0x0e, 0x00, 0x2f, 0x01, 0x03, 0x00, 
0x02, 0x00, 0x00, 0x00, 0x00, 0x40, 0x00, 0x00, 0x40, 0x71, 0x03, 0x00, 0x02, 0x40, 0x00, 0x00, 
0x80, 0x13, 0x03, 0x00, 0x0b, 0x01, 0x00, 0x00, 0x0c, 0x01, 0x00, 0x00, 0x06, 0x40, 0x00, 0x00, 
0x40, 0x01, 0x00, 0x00, 0x05, 0x40, 0x00, 0x00, 0xc0, 0x12, 0x00, 0x00, 0x04, 0x40, 0x00, 0x00, 
0x10, 0x00, 0x00, 0x00, 0x09, 0x01, 0x96, 0xff, 0x05, 0x01, 0x41, 0x00, 0x01, 0x01, 0x01, 0x00, 
0x10, 0x40, 0x00, 0x00, 0x20, 0x0a, 0x03, 0x00, 0x1b, 0x01, 0x00, 0x00, 0x1c, 0x01, 0x00, 0x00, 
0x1a, 0x01, 0x09, 0x00, 0x12, 0x01, 0x00, 0x00, 0x11, 0x01, 0x09, 0x00, 0x16, 0x40, 0x00, 0x00, 
0xa0, 0x00, 0x00, 0x00, 0x15, 0x40, 0x00, 0x00, 0x60, 0x09, 0x00, 0x00, 0x18, 0x01, 0xdd, 0xff, 
0x21, 0x01, 0x02, 0x00, 0x20, 0x01, 0x02, 0x00, 0x22, 0x01, 0x03, 0x00, 0x20, 0x40, 0x00, 0x00, 
0x10, 0xb2, 0x02, 0x00, 0x21, 0x40, 0x00, 0x00, 0x20, 0x08, 0x00, 0x00, 0x22, 0x40, 0x00, 0x00, 
0x00, 0xa9, 0x02, 0x00, 0x25, 0x01, 0x00, 0x00, 0x15, 0x01, 0x09, 0x00, 0x17, 0x01, 0x3f, 0x00, 
0x0d, 0x01, 0x1a, 0x00, 0x2d, 0x01, 0x1e, 0x00, 0x2f, 0x01, 0x00, 0x00, 0x03, 0x00, 0x00, 0x00, 
0x30, 0x40, 0x00, 0x00, 0xa0, 0x5f, 0x00, 0x00, 0x31, 0x40, 0x00, 0x00, 0x00, 0xbb, 0x00, 0x00, 
0x12, 0x00, 0x01, 0x00, 0x10, 0x00, 0x00, 0x00, 0x00, 0x40, 0x00, 0x00, 0xc0, 0xb5, 0x02, 0x00, 
0x02, 0x40, 0x00, 0x00, 0x00, 0x00, 0x00, 0x00, 0x0b, 0x01, 0x09, 0x00, 0x0c, 0x01, 0x09, 0x00, 
0x0a, 0x01, 0x09, 0x00, 0x06, 0x40, 0x00, 0x00, 0xa0, 0x00, 0x00, 0x00, 0x05, 0x40, 0x00, 0x00, 
0x60, 0x09, 0x00, 0x00, 0x09, 0x01, 0xdd, 0xff, 0x01, 0x01, 0x00, 0x00, 0x10, 0x40, 0x00, 0x00, 
0x00, 0x96, 0x00, 0x00, 0x1b, 0x01, 0x09, 0x00, 0x1c, 0x01, 0x09, 0x00, 0x12, 0x01, 0x09, 0x00, 
0x18, 0x01, 0xe3, 0xff, 0x21, 0x01, 0x00, 0x00, 0x20, 0x01, 0x00, 0x00, 0x22, 0x01, 0x00, 0x00, 
0x20, 0x40, 0x00, 0x00, 0x40, 0xc3, 0x02, 0x00, 0x21, 0x40, 0x00, 0x00, 0x80, 0xbd, 0x00, 0x00, 
0x22, 0x40, 0x00, 0x00, 0x30, 0xba, 0x02, 0x00, 0x25, 0x01, 0x13, 0x00, 0x16, 0x01, 0x05, 0x00, 
0x0d, 0x01, 0x0a, 0x00, 0x2d, 0x01, 0x0e, 0x00, 0x2f, 0x01, 0x03, 0x00, 0x11, 0x00, 0x00, 0x00, 
0x02, 0x00, 0x00, 0x00, 0x00, 0x40, 0x00, 0x00, 0x00, 0x96, 0x00, 0x00, 0x09, 0x01, 0x94, 0xff, 
0x10, 0x40, 0x00, 0x00, 0x68, 0x01, 0x02, 0x00, 0x16, 0x40, 0x00, 0x00, 0x01, 0x00, 0x00, 0x00, 
0x15, 0x40, 0x00, 0x00, 0x20, 0x12, 0x00, 0x00, 0x14, 0x40, 0x00, 0x00, 0xd0, 0x01, 0x00, 0x00, 
0x18, 0x01, 0x94, 0xff, 0x14, 0x01, 0x01, 0x81, 0x25, 0x01, 0x00, 0x00, 0x16, 0x01, 0x03, 0x00, 
0x15, 0x01, 0x03, 0x00, 0x17, 0x01, 0x7f, 0x00, 0x2d, 0x01, 0x1e, 0x00, 0x05, 0x00, 0x01, 0x00, 
0x00, 0x40, 0x00, 0x00, 0x80, 0x00, 0x02, 0x00, 0x0b, 0x01, 0x63, 0x00, 0x0c, 0x01, 0x63, 0x00, 
0x0a, 0x01, 0xcf, 0x01, 0x04, 0x01, 0x00, 0x00, 0x06, 0x40, 0x00, 0x00, 0x01, 0x00, 0x00, 0x00, 
0x05, 0x40, 0x00, 0x00, 0xd0, 0x01, 0x00, 0x00, 0x04, 0x40, 0x00, 0x00, 0x01, 0x00, 0x00, 0x00, 
0x09, 0x01, 0x00, 0x00, 0x05, 0x01, 0x01, 0x00, 0x10, 0x40, 0x00, 0x00, 0x00, 0x96, 0x00, 0x00, 
0x1b, 0x01, 0x63, 0x00, 0x1c, 0x01, 0x63, 0x00, 0x1a, 0x01, 0xcf, 0x01, 0x12, 0x01, 0x63, 0x00, 
0x11, 0x01, 0xcf, 0x01, 0x13, 0x01, 0x00, 0x00, 0x15, 0x40, 0x00, 0x00, 0x01, 0x00, 0x00, 0x00, 
0x14, 0x40, 0x00, 0x00, 0x64, 0x00, 0x00, 0x00, 0x18, 0x01, 0x00, 0x00, 0x14, 0x01, 0x01, 0x01, 
0x16, 0x01, 0x01, 0x00, 0x15, 0x01, 0x31, 0x00, 0x17, 0x01, 0x07, 0x00, 0x05, 0x00, 0x01, 0x00, 
0x00, 0x00, 0xff, 0xff
};
